user_id,age,gender,height_cm,weight_kg,bmi,bmr,tdee,activity_level,water_intake_l,calories_consumed,avg_steps_7d,avg_calories_burned_7d,avg_exercise_minutes_7d,exercise_sessions_7d,avg_sleep_hours_7d,calorie_balance,calorie_balance_pct,weekly_exercise_volume,exercise_minutes_per_session,steps_per_kg,sleep_deviation_from_8h,hydration_ratio,tdee_per_kg,bmr_tdee_ratio,calorie_intake_ratio,calories_burned_per_exercise_min,goal
U001,19,male,182,76.2,23.0,1812,2174,Light,2.1,1874,5240,286,61,2,7.2,-300,-13.8,122,30.5,68.77,-0.8,0.835,28.53,0.8335,0.862,4.69,weight_loss
U002,50,male,176,82.5,26.63,1691,3218,Very Active,3.4,3510,15420,812,186,6,7.8,292,9.07,1116,31.0,186.91,-0.2,1.249,39.01,0.5255,1.0907,4.37,weight_gain
U003,39,female,165,68.4,25.12,1379,2137,Moderate,2.3,2394,8420,392,93,3,7.4,257,12.03,279,31.0,123.1,-0.6,1.019,31.24,0.6453,1.1203,4.22,weight_gain
U004,52,female,160,79.1,30.9,1392,2401,Active,2.7,2008,11380,561,142,4,6.8,-393,-16.37,568,35.5,143.87,-1.2,1.034,30.35,0.5798,0.8363,3.95,weight_loss
U005,23,female,170,61.3,21.21,1411,1693,Sedentary,2.1,1677,6216,397,56,2,6.5,-16,-0.95,112,28.0,101.4,-1.5,1.038,27.62,0.8334,0.9905,7.09,maintenance
U006,31,male,178,88.6,27.96,1849,2866,Moderate,2.8,2579,9260,446,117,4,7.0,-287,-10.01,468,29.25,104.51,-1.0,0.958,32.35,0.6452,0.8999,3.81,weight_loss
U007,44,female,168,72.8,25.79,1437,1973,Sedentary,1.8,1784,3640,147,31,1,6.4,-189,-9.58,31,31.0,50.0,-1.6,0.749,27.1,0.7283,0.9042,4.74,weight_loss
U008,27,male,185,69.7,20.37,1691,2599,Moderate,2.6,2748,10320,478,108,3,7.6,149,5.73,324,36.0,148.06,-0.4,1.13,37.29,0.6506,1.0573,4.43,weight_gain
U009,36,female,158,57.5,23.03,1258,2170,Active,2.3,2143,6007,283,71,3,7.6,-27,-1.24,213,23.67,104.47,-0.4,1.212,37.74,0.5797,0.9876,3.99,healthy_lifestyle
U010,48,male,171,94.3,32.25,1781,3072,Active,3.1,2639,12850,684,168,5,7.1,-433,-14.1,840,33.6,136.27,-0.9,0.996,32.58,0.5798,0.859,4.07,weight_loss
U011,21,female,163,52.8,19.87,1284,1766,Light,1.9,1960,7510,286,76,2,7.5,194,10.99,152,38.0,142.23,-0.5,1.09,33.45,0.7271,1.1099,3.76,weight_gain
U012,55,male,180,91.7,28.3,1787,2144,Sedentary,1.7,1936,3120,132,28,1,6.7,-208,-9.7,28,28.0,34.02,-1.3,0.562,23.38,0.8335,0.903,4.71,weight_loss
U013,29,female,172,64.1,21.67,1421,2700,Very Active,2.3,2717,8542,476,100,4,7.0,17,0.63,400,25.0,133.26,-1.0,1.087,42.12,0.5263,1.0063,4.76,fitness_improvement
U014,42,male,175,79.8,26.06,1693,2920,Active,3.6,2851,11851,407,114,3,6.9,-69,-2.36,342,38.0,148.51,-1.1,1.367,36.59,0.5798,0.9764,3.57,fitness_improvement
U015,34,female,167,74.5,26.71,1466,2016,Sedentary,1.6,1642,2890,121,24,1,6.1,-374,-18.55,24,24.0,38.79,-1.9,0.651,27.06,0.7272,0.8145,5.04,weight_loss
U016,26,male,181,84.2,25.7,1836,3488,Very Active,3.1,3614,11854,588,129,5,7.8,126,3.61,645,25.8,140.78,-0.2,1.116,41.43,0.5264,1.0361,4.56,fitness_improvement
U017,47,female,162,69.6,26.52,1321,2279,Moderate,2.4,2368,8140,371,89,3,7.0,89,3.91,267,29.67,116.95,-1.0,1.045,32.74,0.5796,1.0391,4.17,weight_loss
U018,38,male,188,97.5,27.59,1940,3686,Very Active,3.5,3655,10537,536,154,5,7.8,-31,-0.84,770,30.8,108.07,-0.2,1.088,37.81,0.5263,0.9916,3.48,fitness_improvement
U019,24,female,155,58.2,24.22,1247,1715,Light,2.0,1459,5630,223,57,2,7.3,-256,-14.93,114,28.5,96.74,-0.7,1.041,29.47,0.7271,0.8507,3.91,weight_loss
U020,53,male,169,73.4,25.7,1607,2210,Light,2.4,2266,5661,202,34,2,6.9,56,2.53,68,17.0,77.13,-1.1,0.991,30.11,0.7271,1.0253,5.94,maintenance
U021,30,female,174,82.1,27.12,1540,2377,Moderate,2.7,2161,9420,438,112,4,7.6,-216,-9.09,448,28.0,114.74,-0.4,0.997,28.95,0.6479,0.9091,3.91,weight_loss
U022,45,male,183,86.9,25.95,1791,2776,Moderate,3.5,2765,13925,563,126,5,7.0,-11,-0.4,630,25.2,160.24,-1.0,1.22,31.94,0.6452,0.996,4.47,fitness_improvement
U023,20,female,160,55.4,21.64,1270,1746,Light,2.1,2030,6480,251,68,2,8.4,284,16.27,136,34.0,116.97,0.4,1.149,31.52,0.7274,1.1627,3.69,weight_gain
U024,37,male,177,102.3,32.65,1900,2280,Sedentary,1.9,1845,3380,140,29,1,6.3,-435,-19.08,29,29.0,33.04,-1.7,0.563,22.29,0.8333,0.8092,4.83,weight_loss
U025,41,female,169,66.7,23.35,1370,2124,Moderate,2.2,2168,6765,323,79,3,7.9,44,2.07,237,26.33,101.42,-0.1,1.0,31.84,0.645,1.0207,4.09,healthy_lifestyle
U026,28,male,174,71.6,23.65,1684,2316,Light,2.4,2685,7860,347,91,3,7.9,369,15.93,273,30.33,109.78,-0.1,1.016,32.35,0.7271,1.1593,3.81,weight_gain
U027,49,female,157,83.2,33.75,1437,2201,Moderate,2.3,1812,7590,321,74,2,6.6,-389,-17.67,148,37.0,91.23,-1.4,0.838,26.45,0.6529,0.8233,4.34,weight_loss
U028,33,male,186,78.5,22.69,1814,3447,Very Active,2.3,3538,7800,507,164,5,7.3,91,2.64,820,32.8,99.36,-0.7,0.888,43.91,0.5263,1.0264,3.09,fitness_improvement
U029,22,female,166,63.8,23.15,1379,1896,Light,2.2,2275,7310,294,79,2,8.0,379,19.99,158,39.5,114.58,0.0,1.045,29.72,0.7273,1.1999,3.72,weight_gain
U030,56,male,172,89.4,30.22,1660,1992,Sedentary,1.6,1503,2710,116,21,1,6.5,-489,-24.55,21,21.0,30.31,-1.5,0.542,22.28,0.8333,0.7545,5.52,weight_loss
U031,35,female,171,70.3,24.04,1432,2721,Very Active,2.4,2717,11617,574,102,4,6.4,-4,-0.15,408,25.5,165.25,-1.6,1.035,38.71,0.5263,0.9985,5.63,fitness_improvement
U032,40,male,179,81.7,25.5,1737,3001,Active,3.1,2790,11570,602,149,5,7.0,-211,-7.03,745,29.8,141.62,-1.0,1.15,36.73,0.5788,0.9297,4.04,weight_loss
U033,18,female,159,50.6,20.02,1228,1903,Moderate,2.0,1851,6983,425,100,4,8.3,-52,-2.73,400,25.0,138.0,0.3,1.198,37.61,0.6453,0.9727,4.25,healthy_lifestyle
U034,46,male,184,92.8,27.41,1818,2818,Moderate,2.9,2697,10040,501,123,4,7.4,-121,-4.29,492,30.75,108.19,-0.6,0.947,30.37,0.6451,0.9571,4.07,weight_loss
U035,32,female,164,76.9,28.59,1463,2780,Very Active,3.3,2771,14533,729,152,5,7.2,-9,-0.32,760,30.4,188.99,-0.8,1.3,36.15,0.5263,0.9968,4.8,fitness_improvement
U036,25,male,170,63.5,21.97,1604,2206,Light,2.4,2205,5652,234,69,2,8.1,-1,-0.05,138,34.5,89.01,0.1,1.145,34.74,0.7271,0.9995,3.39,maintenance
U037,43,female,173,85.7,28.63,1531,2373,Moderate,2.5,1934,8010,359,82,3,6.8,-439,-18.5,246,27.33,93.47,-1.2,0.884,27.69,0.6452,0.815,4.38,weight_loss
U038,29,male,182,91.2,27.53,1892,2933,Moderate,2.8,2949,9826,506,141,5,7.7,16,0.55,705,28.2,107.74,-0.3,0.93,32.16,0.6451,1.0055,3.59,fitness_improvement
U039,51,female,161,62.4,24.07,1278,1981,Moderate,2.1,2115,8512,365,67,3,8.3,134,6.76,201,22.33,136.41,0.3,1.02,31.75,0.6451,1.0676,5.45,healthy_lifestyle
U040,27,male,176,75.8,24.47,1740,2697,Moderate,2.9,2537,10003,411,67,3,8.5,-160,-5.93,201,22.33,131.97,0.5,1.159,35.58,0.6452,0.9407,6.13,healthy_lifestyle
U041,39,female,168,59.8,21.19,1328,2291,Active,2.6,2366,11135,647,171,4,7.9,75,3.27,684,42.75,186.2,-0.1,1.318,38.31,0.5797,1.0327,3.78,fitness_improvement
U042,47,male,181,98.6,30.1,1864,3220,Active,3.4,2812,13090,742,181,6,7.3,-408,-12.67,1086,30.17,132.76,-0.7,1.045,32.66,0.5789,0.8733,4.1,weight_loss
U043,23,female,162,67.2,25.61,1351,1858,Sedentary,1.9,1721,3510,128,27,1,6.7,-137,-7.37,27,27.0,52.23,-1.3,0.857,27.65,0.7271,0.9263,4.74,weight_loss
U044,36,male,178,83.9,26.48,1813,3127,Active,3.8,3323,10482,562,129,4,7.1,196,6.27,516,32.25,124.93,-0.9,1.372,37.27,0.5798,1.0627,4.36,fitness_improvement
U045,31,female,156,54.7,22.48,1240,1922,Moderate,2.2,2037,7747,290,96,3,7.9,115,5.98,288,32.0,141.63,-0.1,1.219,35.14,0.6452,1.0598,3.02,healthy_lifestyle
U046,54,male,173,77.6,25.93,1639,3114,Very Active,2.8,3193,10235,454,98,7,8.0,79,2.54,686,14.0,131.89,0.0,1.093,40.13,0.5263,1.0254,4.63,fitness_improvement
U047,34,female,170,81.5,28.2,1519,2620,Active,3.2,2707,11229,460,104,3,6.6,87,3.32,312,34.67,137.78,-1.4,1.19,32.15,0.5798,1.0332,4.42,fitness_improvement
U048,19,male,168,58.9,20.87,1570,2983,Very Active,3.5,3175,14860,841,192,6,8.5,192,6.44,1152,32.0,252.29,0.5,1.801,50.65,0.5263,1.0644,4.38,weight_gain
U049,44,female,175,78.3,25.57,1514,2612,Active,3.2,2350,11820,596,151,5,7.6,-262,-10.03,755,30.2,150.96,-0.4,1.238,33.36,0.5796,0.8997,3.95,weight_loss
U050,28,male,180,86.1,26.57,1841,2531,Light,2.6,2541,7367,416,96,1,6.0,10,0.4,96,96.0,85.56,-2.0,0.915,29.4,0.7274,1.004,4.33,maintenance
U051,22,male,175,68.5,22.37,1648,2554,Moderate,2.6,2740,10120,456,112,4,7.8,186,7.28,448,28.0,147.74,-0.2,1.15,37.28,0.6453,1.0728,4.07,weight_gain
U052,45,female,163,76.8,28.91,1403,2165,Moderate,2.4,1850,7820,348,87,3,7.1,-315,-14.55,261,29.0,101.82,-0.9,0.947,28.19,0.648,0.8545,4.0,weight_loss
U053,30,male,183,80.4,24.01,1766,3355,Very Active,3.5,3348,13022,522,107,5,6.8,-7,-0.21,535,21.4,161.97,-1.2,1.319,41.73,0.5264,0.9979,4.88,fitness_improvement
U054,57,female,158,70.5,28.24,1306,1567,Sedentary,1.7,1470,2980,118,25,1,6.5,-97,-6.19,25,25.0,42.27,-1.5,0.731,22.23,0.8334,0.9381,4.72,weight_loss
U055,26,female,169,59.3,20.76,1353,2097,Moderate,2.6,2104,7904,284,62,4,8.1,7,0.33,248,15.5,133.29,0.1,1.329,35.36,0.6452,1.0033,4.58,healthy_lifestyle
U056,41,male,177,90.6,28.92,1767,2651,Moderate,2.8,2440,9180,438,106,4,7.2,-211,-7.96,424,26.5,101.32,-0.8,0.937,29.26,0.6665,0.9204,4.13,weight_loss
U057,34,female,172,71.8,24.27,1472,2539,Active,2.6,2489,15015,664,108,3,7.8,-50,-1.97,324,36.0,209.12,-0.2,1.097,35.36,0.5798,0.9803,6.15,fitness_improvement
U058,20,male,180,66.2,20.43,1650,2525,Moderate,2.5,2780,10960,487,124,4,8.3,255,10.1,496,31.0,165.56,0.3,1.144,38.14,0.6535,1.101,3.93,weight_gain
U059,50,female,165,81.3,29.86,1445,1734,Sedentary,1.9,1590,3850,145,33,1,6.7,-144,-8.3,33,33.0,47.36,-1.3,0.708,21.33,0.8333,0.917,4.39,weight_loss
U060,37,male,171,74.6,25.51,1674,2302,Light,2.0,2311,8863,371,35,1,7.1,9,0.39,35,35.0,118.81,-0.9,0.812,30.86,0.7272,1.0039,10.6,maintenance
U061,29,female,160,55.9,21.84,1275,2199,Active,2.0,2242,8230,468,104,3,7.3,43,1.96,312,34.67,147.23,-0.7,1.084,39.34,0.5798,1.0196,4.5,healthy_lifestyle
U062,48,male,185,101.2,29.57,1951,3004,Active,3.2,2580,13140,690,168,5,7.0,-424,-14.11,840,33.6,129.84,-1.0,0.958,29.68,0.6495,0.8589,4.11,weight_loss
U063,24,female,168,63.2,22.39,1362,2096,Moderate,2.4,2380,9050,416,109,4,7.9,284,13.55,436,27.25,143.2,-0.1,1.151,33.16,0.6498,1.1355,3.82,weight_gain
U064,39,male,179,87.5,27.31,1802,2793,Moderate,2.9,2500,10060,486,121,4,7.3,-293,-10.49,484,30.25,114.97,-0.7,1.004,31.92,0.6452,0.8951,4.02,weight_loss
U065,52,female,167,73.1,26.21,1379,1655,Sedentary,1.8,1710,3210,132,29,1,6.4,55,3.32,29,29.0,43.91,-1.6,0.746,22.64,0.8332,1.0332,4.55,weight_loss
U066,31,male,188,85.7,24.25,1879,3241,Active,3.6,3331,10116,517,139,4,8.4,90,2.78,556,34.75,118.04,0.4,1.273,37.82,0.5798,1.0278,3.72,fitness_improvement
U067,43,female,161,68.9,26.58,1328,1992,Light,2.1,1880,6210,251,62,2,7.2,-112,-5.62,124,31.0,90.13,-0.8,0.924,28.91,0.6667,0.9438,4.05,weight_loss
U068,27,male,173,69.8,23.32,1643,2834,Active,2.5,2865,14338,523,97,4,7.7,31,1.09,388,24.25,205.42,-0.3,1.085,40.6,0.5797,1.0109,5.39,fitness_improvement
U069,35,female,175,64.7,21.13,1436,2477,Active,2.9,2593,9216,299,88,4,8.0,116,4.68,352,22.0,142.44,0.0,1.358,38.28,0.5797,1.0468,3.4,healthy_lifestyle
U070,46,male,169,83.8,29.34,1691,2875,Active,3.1,2490,12760,657,159,5,7.4,-385,-13.39,795,31.8,152.27,-0.6,1.121,34.31,0.5882,0.8661,4.13,weight_loss
U071,19,female,157,51.8,21.02,1220,1881,Moderate,2.0,2120,7910,337,88,3,8.4,239,12.71,264,29.33,152.7,0.4,1.17,36.31,0.6486,1.1271,3.83,weight_gain
U072,58,male,181,86.5,26.4,1754,3026,Active,3.7,3117,7903,385,48,4,7.4,91,3.01,192,12.0,91.36,-0.6,1.296,34.98,0.5796,1.0301,8.02,healthy_lifestyle
U073,33,female,166,69.7,25.29,1404,2176,Moderate,2.5,2079,11862,598,216,3,7.4,-97,-4.46,648,72.0,170.19,-0.6,1.087,31.22,0.6452,0.9554,2.77,fitness_improvement
U074,28,male,182,77.3,23.34,1783,2764,Moderate,2.8,2960,11240,528,131,4,7.9,196,7.09,524,32.75,145.41,-0.1,1.098,35.76,0.6451,1.0709,4.03,weight_gain
U075,40,female,159,78.4,31.01,1428,2142,Moderate,2.6,1820,7480,329,79,3,6.9,-322,-15.03,237,26.33,95.41,-1.1,1.005,27.32,0.6667,0.8497,4.16,weight_loss
U076,23,male,174,64.8,21.4,1580,2449,Moderate,2.5,2386,7833,402,90,2,7.8,-63,-2.57,180,45.0,120.88,-0.2,1.169,37.79,0.6452,0.9743,4.47,healthy_lifestyle
U077,49,female,171,75.6,25.85,1424,1709,Sedentary,1.8,1677,3610,288,93,2,7.9,-32,-1.87,186,46.5,47.75,-0.1,0.722,22.61,0.8332,0.9813,3.1,maintenance
U078,36,male,176,92.1,29.73,1810,2715,Moderate,2.9,2320,8960,443,108,4,7.1,-395,-14.55,432,27.0,97.29,-0.9,0.954,29.48,0.6667,0.8545,4.1,weight_loss
U079,25,female,164,57.1,21.23,1280,2432,Very Active,2.0,2416,14869,636,93,5,6.2,-16,-0.66,465,18.6,260.4,-1.8,1.061,42.59,0.5263,0.9934,6.84,fitness_improvement
U080,42,male,187,89.3,25.54,1873,2575,Light,3.6,2580,9800,349,63,2,7.9,5,0.19,126,31.5,109.74,-0.1,1.222,28.84,0.7274,1.0019,5.54,maintenance
U081,32,female,170,67.5,23.36,1390,2154,Moderate,2.4,2199,6818,242,51,1,8.8,45,2.09,51,51.0,101.01,0.8,1.077,31.91,0.6453,1.0209,4.75,healthy_lifestyle
U082,55,male,174,95.8,31.64,1774,2661,Moderate,2.7,2180,7680,356,89,3,6.6,-481,-18.08,267,29.67,80.17,-1.4,0.854,27.78,0.6667,0.8192,4.0,weight_loss
U083,21,female,162,53.6,20.42,1264,1937,Light,2.0,2160,7160,287,74,2,8.5,223,11.51,148,37.0,133.58,0.5,1.131,36.14,0.6526,1.1151,3.88,weight_gain
U084,38,male,180,79.1,24.41,1763,3041,Active,3.2,3047,11637,553,151,4,6.3,6,0.2,604,37.75,147.12,-1.7,1.226,38.45,0.5797,1.002,3.66,fitness_improvement
U085,44,female,168,82.7,29.3,1460,1898,Light,2.1,1680,5420,219,54,2,6.8,-218,-11.49,108,27.0,65.54,-1.2,0.769,22.95,0.7692,0.8851,4.06,weight_loss
U086,30,male,172,72.4,24.47,1661,1993,Sedentary,2.4,2031,6775,316,55,2,7.5,38,1.91,110,27.5,93.58,-0.5,1.005,27.53,0.8334,1.0191,5.75,maintenance
U087,47,female,160,61.7,24.1,1268,1965,Moderate,2.1,2093,7785,347,103,4,8.0,128,6.51,412,25.75,126.18,0.0,1.031,31.85,0.6453,1.0651,3.37,healthy_lifestyle
U088,27,male,185,94.8,27.7,1894,3125,Active,3.4,2770,13240,689,165,5,7.8,-355,-11.36,825,33.0,139.66,-0.2,1.087,32.96,0.6061,0.8864,4.18,weight_loss
U089,53,female,170,69.3,23.98,1377,1893,Light,1.9,1943,7283,261,64,1,7.6,50,2.64,64,64.0,105.09,-0.4,0.831,27.32,0.7274,1.0264,4.08,maintenance
U090,24,male,178,73.5,23.2,1732,2699,Moderate,2.8,2890,10890,514,129,4,8.2,191,7.08,516,32.25,148.16,0.2,1.154,36.72,0.6417,1.0708,3.98,weight_gain
U091,34,female,155,62.8,26.14,1315,2498,Very Active,2.7,2466,10765,471,84,3,7.5,-32,-1.28,252,28.0,171.42,-0.5,1.303,39.78,0.5264,0.9872,5.61,fitness_improvement
U092,41,male,182,88.4,26.69,1845,3183,Active,3.3,3364,12440,643,130,5,7.3,181,5.69,650,26.0,140.72,-0.7,1.131,36.01,0.5796,1.0569,4.95,fitness_improvement
U093,18,female,165,49.7,18.26,1218,1827,Moderate,2.2,2030,8060,349,91,3,8.6,203,11.11,273,30.33,162.17,0.6,1.341,36.76,0.6667,1.1111,3.84,weight_gain
U094,56,male,170,84.6,29.27,1648,1978,Sedentary,1.8,1680,2890,112,24,1,6.3,-298,-15.07,24,24.0,34.16,-1.7,0.645,23.38,0.8332,0.8493,4.67,weight_loss
U095,39,female,176,72.5,23.41,1484,2040,Light,2.9,1977,9972,532,83,3,7.5,-63,-3.09,249,27.67,137.54,-0.5,1.212,28.14,0.7275,0.9691,6.41,healthy_lifestyle
U096,26,male,168,70.2,24.87,1619,3076,Very Active,2.3,3143,16500,654,149,6,6.8,67,2.18,894,24.83,235.04,-1.2,0.993,43.82,0.5263,1.0218,4.39,fitness_improvement
U097,45,female,164,84.1,31.27,1457,2623,Active,3.0,2180,12880,654,159,5,7.1,-443,-16.89,795,31.8,153.15,-0.9,1.081,31.19,0.5555,0.8311,4.11,weight_loss
U098,31,male,181,78.6,23.99,1801,3422,Very Active,2.6,3604,12052,432,47,6,7.5,182,5.32,282,7.83,153.33,-0.5,1.002,43.54,0.5263,1.0532,9.19,fitness_improvement
U099,50,female,173,74.8,24.99,1436,1974,Light,2.8,1933,7399,299,78,3,6.5,-41,-2.08,234,26.0,98.92,-1.5,1.134,26.39,0.7275,0.9792,3.83,maintenance
U100,22,male,176,62.7,20.24,1582,2689,Active,3.0,2950,12560,613,152,5,8.1,261,9.71,760,30.4,200.32,0.1,1.45,42.89,0.5883,1.0971,4.03,weight_gain
U101,24,male,177,67.4,21.51,1637,2537,Moderate,2.7,2710,10480,468,116,4,8.0,173,6.82,464,29.0,155.49,0.0,1.214,37.64,0.6453,1.0682,4.03,weight_gain
U102,46,female,162,78.6,29.95,1419,2129,Moderate,2.5,1840,7540,335,81,3,7.0,-289,-13.57,243,27.0,95.93,-1.0,0.964,27.09,0.6665,0.8643,4.14,weight_loss
U103,33,male,184,81.2,23.98,1774,3371,Very Active,3.3,3419,10562,543,152,5,7.5,48,1.42,760,30.4,130.07,-0.5,1.232,41.51,0.5263,1.0142,3.57,fitness_improvement
U104,58,female,159,73.8,29.19,1329,1595,Sedentary,1.8,1510,3150,124,27,1,6.4,-85,-5.33,27,27.0,42.68,-1.6,0.739,21.61,0.8332,0.9467,4.59,weight_loss
U105,28,female,171,62.1,21.24,1376,2133,Moderate,2.3,2291,8614,536,129,2,8.0,158,7.41,258,64.5,138.71,0.0,1.122,34.35,0.6451,1.0741,4.16,healthy_lifestyle
U106,40,male,179,85.3,26.62,1771,2745,Moderate,2.8,2510,9430,451,109,4,7.4,-235,-8.56,436,27.25,110.55,-0.6,0.995,32.18,0.6452,0.9144,4.14,weight_loss
U107,36,female,166,68.2,24.75,1388,2394,Active,3.2,2413,12623,672,176,5,8.0,19,0.79,880,35.2,185.09,0.0,1.422,35.1,0.5798,1.0079,3.82,fitness_improvement
U108,21,male,181,64.9,19.81,1646,2531,Moderate,2.5,2770,10890,492,123,4,8.4,239,9.44,492,30.75,167.8,0.4,1.167,39.0,0.6503,1.0944,4.0,weight_gain
U109,51,female,164,80.2,29.82,1427,1712,Sedentary,1.9,1570,3670,139,31,1,6.6,-142,-8.29,31,31.0,45.76,-1.4,0.718,21.35,0.8335,0.9171,4.48,weight_loss
U110,38,male,173,76.8,25.66,1703,2342,Light,2.8,2278,6495,338,96,3,8.0,-64,-2.73,288,32.0,84.57,0.0,1.105,30.49,0.7272,0.9727,3.52,maintenance
U111,30,female,161,57.4,22.14,1290,2000,Moderate,2.5,2027,7575,394,112,3,7.7,27,1.35,336,37.33,131.97,-0.3,1.32,34.84,0.645,1.0135,3.52,healthy_lifestyle
U112,49,male,186,103.1,29.8,1969,3023,Active,3.3,2610,13420,704,171,5,7.1,-413,-13.66,855,34.2,130.16,-0.9,0.97,29.32,0.6513,0.8634,4.12,weight_loss
U113,25,female,169,61.5,21.53,1340,2067,Moderate,2.5,2350,9120,409,106,4,8.0,283,13.69,424,26.5,148.29,0.0,1.232,33.61,0.6483,1.1369,3.86,weight_gain
U114,42,male,178,89.7,28.31,1824,2827,Moderate,2.9,2480,10240,498,124,4,7.2,-347,-12.27,496,31.0,114.16,-0.8,0.98,31.52,0.6452,0.8773,4.02,weight_loss
U115,54,female,168,71.4,25.3,1364,1876,Light,1.8,1878,6760,260,66,0,6.4,2,0.11,0,0.0,94.68,-1.6,0.764,26.27,0.7271,1.0011,3.94,maintenance
U116,32,male,190,87.2,24.16,1932,3333,Active,3.5,3240,11167,606,131,6,7.5,-93,-2.79,786,21.83,128.06,-0.5,1.216,38.22,0.5797,0.9721,4.63,fitness_improvement
U117,44,female,159,66.8,26.42,1294,1941,Light,2.2,1820,6380,263,64,2,7.0,-121,-6.23,128,32.0,95.51,-1.0,0.998,29.06,0.6667,0.9377,4.11,weight_loss
U118,29,male,175,72.6,23.71,1699,2633,Moderate,2.6,2647,10943,492,153,6,8.1,14,0.53,918,25.5,150.73,0.1,1.085,36.27,0.6453,1.0053,3.22,fitness_improvement
U119,37,female,174,63.8,21.07,1390,2154,Moderate,2.4,2121,10045,410,65,3,7.5,-33,-1.53,195,21.67,157.45,-0.5,1.14,33.76,0.6453,0.9847,6.31,healthy_lifestyle
U120,47,male,171,85.9,29.38,1704,2897,Active,3.2,2540,12580,669,164,5,7.3,-357,-12.32,820,32.8,146.45,-0.7,1.129,33.73,0.5882,0.8768,4.08,weight_loss
U121,20,female,156,50.9,20.92,1201,1850,Moderate,2.1,2070,7890,341,90,3,8.5,220,11.89,270,30.0,155.01,0.5,1.25,36.35,0.6492,1.1189,3.79,weight_gain
U122,59,male,180,88.1,27.19,1739,2695,Moderate,3.2,2611,7768,266,44,4,8.6,-84,-3.12,176,11.0,88.17,0.6,1.101,30.59,0.6453,0.9688,6.05,healthy_lifestyle
U123,35,female,167,70.9,25.42,1418,2198,Moderate,3.0,2210,13390,706,176,6,7.5,12,0.55,1056,29.33,188.86,-0.5,1.282,31.0,0.6451,1.0055,4.01,fitness_improvement
U124,27,male,184,79.8,23.57,1764,2734,Moderate,2.9,2920,11380,539,134,4,8.0,186,6.8,536,33.5,142.61,0.0,1.101,34.26,0.6452,1.068,4.02,weight_gain
U125,41,female,160,80.7,31.52,1411,2117,Moderate,2.5,1800,7310,317,78,3,6.9,-317,-14.97,234,26.0,90.58,-1.1,0.939,26.23,0.6665,0.8503,4.06,weight_loss
U126,23,male,172,65.7,22.21,1609,2494,Moderate,2.7,2475,10275,426,71,3,8.3,-19,-0.76,213,23.67,156.39,0.3,1.245,37.96,0.6451,0.9924,6.0,healthy_lifestyle
U127,48,female,170,74.1,25.64,1410,1692,Sedentary,2.0,1726,5084,314,67,3,6.5,34,2.01,201,22.33,68.61,-1.5,0.818,22.83,0.8333,1.0201,4.69,maintenance
U128,39,male,181,93.4,28.51,1872,2808,Moderate,3.0,2390,9270,463,113,4,7.1,-418,-14.89,452,28.25,99.25,-0.9,0.973,30.06,0.6667,0.8511,4.1,weight_loss
U129,26,female,165,56.8,20.86,1275,2422,Very Active,2.1,2318,11854,629,140,4,7.4,-104,-4.29,560,35.0,208.7,-0.6,1.12,42.64,0.5264,0.9571,4.49,fitness_improvement
U130,43,male,188,91.6,25.92,1876,2580,Light,2.8,2597,5412,202,46,2,7.4,17,0.66,92,23.0,59.08,-0.6,0.926,28.17,0.7271,1.0066,4.39,maintenance
U131,31,female,173,68.4,22.85,1432,2220,Moderate,2.5,2068,10255,365,61,4,8.0,-152,-6.85,244,15.25,149.93,0.0,1.108,32.46,0.645,0.9315,5.98,healthy_lifestyle
U132,56,male,176,97.1,31.35,1775,2663,Moderate,2.7,2180,7910,371,91,3,6.7,-483,-18.14,273,30.33,81.46,-1.3,0.843,27.43,0.6665,0.8186,4.08,weight_loss
U133,22,female,164,52.1,19.37,1247,1869,Light,2.0,2050,7290,298,76,2,8.6,181,9.68,152,38.0,139.92,0.6,1.163,35.87,0.6672,1.0968,3.92,weight_gain
U134,34,male,182,80.6,24.33,1792,3405,Very Active,2.9,3358,12288,557,128,5,8.0,-47,-1.38,640,25.6,152.46,0.0,1.09,42.25,0.5263,0.9862,4.35,fitness_improvement
U135,45,female,167,84.7,30.37,1481,1925,Light,2.1,1720,5580,226,56,2,6.8,-205,-10.65,112,28.0,65.88,-1.2,0.751,22.73,0.7694,0.8935,4.04,weight_loss
U136,29,male,170,71.9,24.88,1657,1988,Sedentary,1.9,2012,8951,402,94,2,6.9,24,1.21,188,47.0,124.49,-1.1,0.801,27.65,0.8335,1.0121,4.28,maintenance
U137,52,female,161,63.9,24.65,1293,2004,Moderate,2.5,1975,9859,526,151,3,7.7,-29,-1.45,453,50.33,154.29,-0.3,1.186,31.36,0.6452,0.9855,3.48,healthy_lifestyle
U138,28,male,187,96.2,27.51,1930,3185,Active,3.5,2810,13580,701,169,5,7.9,-375,-11.77,845,33.8,141.16,-0.1,1.103,33.11,0.606,0.8823,4.15,weight_loss
U139,40,female,169,70.8,24.79,1398,1922,Light,2.1,1875,4404,136,34,3,7.3,-47,-2.45,102,11.33,62.2,-0.7,0.899,27.15,0.7274,0.9755,4.0,maintenance
U140,25,male,179,74.2,23.16,1728,2690,Moderate,2.9,2880,11020,527,132,4,8.3,190,7.06,528,33.0,148.52,0.3,1.184,36.25,0.6424,1.0706,3.99,weight_gain
U141,33,female,157,60.6,24.59,1276,2424,Very Active,2.1,2409,11824,467,77,5,6.9,-15,-0.62,385,15.4,195.12,-1.1,1.05,40.0,0.5264,0.9938,6.06,fitness_improvement
U142,46,male,183,87.8,26.22,1810,3122,Active,3.9,3183,12389,649,164,3,8.7,61,1.95,492,54.67,141.1,0.7,1.346,35.56,0.5798,1.0195,3.96,fitness_improvement
U143,19,female,168,51.6,18.28,1254,1881,Moderate,2.3,2070,8240,362,94,3,8.7,189,10.05,282,31.33,159.69,0.7,1.351,36.45,0.6667,1.1005,3.85,weight_gain
U144,57,male,169,82.8,28.99,1626,1951,Sedentary,1.8,1640,3010,119,26,1,6.4,-311,-15.94,26,26.0,36.35,-1.6,0.659,23.56,0.8334,0.8406,4.58,weight_loss
U145,38,female,177,73.2,23.36,1467,2274,Moderate,3.2,2253,6627,435,88,3,7.7,-21,-0.92,264,29.33,90.53,-0.3,1.325,31.07,0.6451,0.9908,4.94,healthy_lifestyle
U146,27,male,166,69.5,25.22,1620,2794,Active,1.9,2853,12544,615,142,5,7.7,59,2.11,710,28.4,180.49,-0.3,0.828,40.2,0.5798,1.0211,4.33,fitness_improvement
U147,50,female,174,86.3,28.5,1489,2680,Active,3.1,2220,12690,641,157,5,7.0,-460,-17.16,785,31.4,147.05,-1.0,1.089,31.05,0.5556,0.8284,4.08,weight_loss
U148,32,male,180,76.4,23.58,1759,3034,Active,3.2,2987,8410,463,115,7,7.7,-47,-1.55,805,16.43,110.08,-0.3,1.269,39.71,0.5798,0.9845,4.03,fitness_improvement
U149,43,female,163,69.1,26.01,1330,1829,Light,2.3,1810,7095,358,57,3,7.4,-19,-1.04,171,19.0,102.68,-0.6,1.009,26.47,0.7272,0.9896,6.28,maintenance
U150,21,male,174,61.8,20.41,1574,2676,Active,3.0,2940,12740,622,154,5,8.4,264,9.87,770,30.8,206.15,0.4,1.471,43.3,0.5882,1.0987,4.04,weight_gain
U151,26,male,181,70.8,21.61,1715,2658,Moderate,2.8,2820,10640,481,119,4,8.1,162,6.09,476,29.75,150.28,0.1,1.198,37.54,0.6452,1.0609,4.04,weight_gain
U152,47,female,165,79.4,29.16,1422,1706,Sedentary,1.9,1510,3290,126,28,1,6.5,-196,-11.49,28,28.0,41.44,-1.5,0.725,21.49,0.8335,0.8851,4.5,weight_loss
U153,35,male,178,82.6,26.07,1775,3062,Active,3.0,3128,12967,651,149,5,7.7,66,2.16,745,29.8,156.99,-0.3,1.101,37.07,0.5797,1.0216,4.37,fitness_improvement
U154,23,female,162,56.2,21.41,1268,1965,Moderate,2.3,1891,11362,505,109,3,8.4,-74,-3.77,327,36.33,202.17,0.4,1.24,34.96,0.6453,0.9623,4.63,healthy_lifestyle
U155,52,male,174,91.5,30.22,1733,2079,Sedentary,1.8,1780,3460,143,31,1,6.4,-299,-14.38,31,31.0,37.81,-1.6,0.596,22.72,0.8336,0.8562,4.61,weight_loss
U156,31,female,169,65.7,23.0,1370,2124,Moderate,2.4,2121,10081,445,127,6,8.5,-3,-0.14,762,21.17,153.44,0.5,1.107,32.33,0.645,0.9986,3.5,fitness_improvement
U157,28,male,185,68.9,20.13,1679,2573,Moderate,2.6,2790,10380,469,117,4,8.4,217,8.43,468,29.25,150.65,0.4,1.144,37.34,0.6525,1.0843,4.01,weight_gain
U158,43,female,158,74.6,29.88,1374,2061,Moderate,2.4,1810,7210,318,77,3,7.0,-251,-12.18,231,25.67,96.65,-1.0,0.975,27.63,0.6667,0.8782,4.13,weight_loss
U159,39,male,182,85.1,25.69,1818,3136,Active,3.9,2885,7978,446,98,5,7.9,-251,-8.0,490,19.6,93.75,-0.1,1.389,36.85,0.5797,0.92,4.55,fitness_improvement
U160,20,female,170,58.7,20.31,1342,2013,Light,2.1,2130,7160,291,75,2,8.5,117,5.81,150,37.5,121.98,0.5,1.084,34.29,0.6667,1.0581,3.88,weight_gain
U161,55,male,177,87.3,27.87,1717,2060,Sedentary,1.7,1840,3180,124,27,1,6.2,-220,-10.68,27,27.0,36.43,-1.8,0.59,23.6,0.8335,0.8932,4.59,weight_loss
U162,34,female,171,72.4,24.76,1450,2248,Moderate,2.9,2307,8984,339,82,3,8.0,59,2.62,246,27.33,124.09,0.0,1.214,31.05,0.645,1.0262,4.13,healthy_lifestyle
U163,29,male,176,78.2,25.25,1735,2993,Active,2.7,2957,10430,579,130,5,6.6,-36,-1.2,650,26.0,133.38,-1.4,1.046,38.27,0.5797,0.988,4.45,fitness_improvement
U164,48,female,160,82.5,32.23,1432,1718,Sedentary,1.8,1530,2970,115,25,1,6.6,-188,-10.94,25,25.0,36.0,-1.4,0.661,20.82,0.8335,0.8906,4.6,weight_loss
U165,25,male,183,73.1,21.83,1738,2694,Moderate,2.7,2860,11120,511,127,4,8.2,166,6.16,508,31.75,152.12,0.2,1.119,36.85,0.6451,1.0616,4.02,weight_gain
U166,41,female,167,68.9,24.71,1399,1679,Sedentary,1.7,1613,6000,322,115,3,8.2,-66,-3.93,345,38.33,87.08,0.2,0.748,24.37,0.8332,0.9607,2.8,maintenance
U167,37,male,180,95.4,29.44,1909,2949,Active,3.3,2490,12670,661,161,5,7.3,-459,-15.56,805,32.2,132.81,-0.7,1.048,30.91,0.6473,0.8444,4.11,weight_loss
U168,22,female,155,52.8,21.98,1238,2136,Active,2.1,2120,8095,298,84,4,6.8,-16,-0.75,336,21.0,153.31,-1.2,1.205,40.45,0.5796,0.9925,3.55,healthy_lifestyle
U169,46,male,172,79.5,26.87,1692,2919,Active,2.8,3044,11947,531,105,5,8.2,125,4.28,525,21.0,150.28,0.2,1.067,36.72,0.5797,1.0428,5.06,fitness_improvement
U170,32,female,174,63.6,21.01,1374,1889,Light,2.1,1847,10981,505,109,4,8.8,-42,-2.22,436,27.25,172.66,0.8,1.001,29.7,0.7274,0.9778,4.63,healthy_lifestyle
U171,50,male,179,92.8,28.96,1804,2165,Sedentary,1.9,1790,3710,147,32,1,6.7,-375,-17.32,32,32.0,39.98,-1.3,0.62,23.33,0.8333,0.8268,4.59,weight_loss
U172,27,female,166,60.4,21.92,1320,2277,Active,2.3,2154,10586,508,176,4,7.3,-123,-5.4,704,44.0,175.26,-0.7,1.154,37.7,0.5797,0.946,2.89,fitness_improvement
U173,36,male,188,84.7,23.96,1880,3572,Very Active,3.4,3604,13254,551,103,4,7.5,32,0.9,412,25.75,156.48,-0.5,1.216,42.17,0.5263,1.009,5.35,fitness_improvement
U174,44,female,163,77.3,29.09,1390,2085,Moderate,2.4,1870,7520,346,84,3,7.0,-215,-10.31,252,28.0,97.28,-1.0,0.941,26.97,0.6667,0.8969,4.12,weight_loss
U175,19,male,170,59.8,20.69,1558,3038,Very Active,3.5,3190,14960,805,187,6,8.6,152,5.0,1122,31.17,250.17,0.6,1.774,50.8,0.5128,1.05,4.3,weight_gain
U176,53,female,169,71.6,25.07,1370,1884,Light,2.3,1879,5203,227,5,2,7.4,-5,-0.27,10,2.5,72.67,-0.6,0.973,26.31,0.7272,0.9973,45.4,maintenance
U177,30,male,175,76.9,25.11,1713,3255,Very Active,2.8,3452,9451,488,125,6,6.7,197,6.05,750,20.83,122.9,-1.3,1.103,42.33,0.5263,1.0605,3.9,fitness_improvement
U178,40,female,157,69.8,28.32,1322,1983,Light,2.2,1740,6320,251,61,2,7.2,-243,-12.25,122,30.5,90.54,-0.8,0.955,28.41,0.6667,0.8775,4.11,weight_loss
U179,24,male,182,71.5,21.59,1722,2669,Moderate,2.9,2639,9378,413,112,3,7.9,-30,-1.12,336,37.33,131.16,-0.1,1.229,37.33,0.6452,0.9888,3.69,healthy_lifestyle
U180,45,female,171,83.6,28.59,1482,2223,Moderate,2.6,1890,7860,341,82,3,6.9,-333,-14.98,246,27.33,94.02,-1.1,0.942,26.59,0.6667,0.8502,4.16,weight_loss
U181,33,male,187,79.3,22.68,1850,3191,Active,2.5,3122,11088,584,203,6,7.7,-69,-2.16,1218,33.83,139.82,-0.3,0.955,40.24,0.5798,0.9784,2.88,fitness_improvement
U182,21,female,160,54.3,21.21,1258,1962,Light,2.1,2100,7450,296,78,2,8.7,138,7.03,156,39.0,137.2,0.7,1.172,36.13,0.6412,1.0703,3.79,weight_gain
U183,51,male,173,83.1,27.77,1675,2009,Sedentary,1.9,1710,3360,133,29,1,6.3,-299,-14.88,29,29.0,40.43,-1.7,0.693,24.18,0.8337,0.8512,4.59,weight_loss
U184,38,female,176,70.6,22.79,1460,2008,Light,2.5,1930,10557,490,74,1,6.8,-78,-3.88,74,74.0,149.53,-1.2,1.073,28.44,0.7271,0.9612,6.62,maintenance
U185,28,male,169,67.9,23.77,1615,2503,Moderate,2.7,2534,10139,465,95,3,8.0,31,1.24,285,31.67,149.32,0.0,1.205,36.86,0.6452,1.0124,4.89,healthy_lifestyle
U186,42,female,164,75.8,28.18,1392,2126,Moderate,2.5,1840,7640,352,86,3,7.1,-286,-13.45,258,28.67,100.79,-0.9,0.999,28.05,0.6548,0.8655,4.09,weight_loss
U187,35,male,181,89.6,27.35,1841,3498,Very Active,3.1,3516,10776,581,179,4,7.1,18,0.51,716,44.75,120.27,-0.9,1.048,39.04,0.5263,1.0051,3.25,fitness_improvement
U188,26,female,173,58.9,19.68,1340,2077,Moderate,2.5,2210,8910,396,104,4,8.3,133,6.4,416,26.0,151.27,0.3,1.286,35.26,0.6452,1.064,3.81,weight_gain
U189,49,male,180,86.8,26.79,1771,2745,Moderate,2.8,2811,5211,226,61,0,7.6,66,2.4,0,0.0,60.03,-0.4,0.978,31.62,0.6452,1.024,3.7,maintenance
U190,23,female,161,60.7,23.42,1288,1996,Moderate,2.6,2001,7672,242,65,3,8.3,5,0.25,195,21.67,126.39,0.3,1.298,32.88,0.6453,1.0025,3.72,healthy_lifestyle
U191,47,male,175,90.2,29.45,1757,2987,Active,3.2,2500,12780,654,159,5,7.2,-487,-16.3,795,31.8,141.69,-0.8,1.075,33.12,0.5882,0.837,4.11,weight_loss
U192,31,female,168,67.3,23.84,1382,2626,Very Active,3.0,2519,11718,503,148,6,7.5,-107,-4.07,888,24.67,174.12,-0.5,1.351,39.02,0.5263,0.9593,3.4,fitness_improvement
U193,56,male,182,94.7,28.59,1810,2172,Sedentary,1.9,1830,3210,128,28,1,6.4,-342,-15.75,28,28.0,33.9,-1.6,0.608,22.94,0.8333,0.8425,4.57,weight_loss
U194,29,female,156,55.8,22.93,1252,2160,Active,2.3,2107,8898,497,124,3,8.0,-53,-2.45,372,41.33,159.46,0.0,1.249,38.71,0.5796,0.9755,4.01,healthy_lifestyle
U195,40,male,184,83.4,24.63,1804,3112,Active,3.2,3305,12288,583,117,5,7.3,193,6.2,585,23.4,147.34,-0.7,1.163,37.31,0.5797,1.062,4.98,fitness_improvement
U196,18,female,163,48.9,18.4,1202,1863,Moderate,2.2,2070,8140,352,92,3,8.8,207,11.11,276,30.67,166.46,0.8,1.363,38.1,0.6452,1.1111,3.83,weight_gain
U197,54,male,171,81.6,27.91,1664,1997,Sedentary,1.8,1680,3440,136,30,1,6.6,-317,-15.87,30,30.0,42.16,-1.4,0.668,24.47,0.8332,0.8413,4.53,weight_loss
U198,34,female,170,73.8,25.54,1451,2503,Active,3.0,2508,10036,510,129,5,8.5,5,0.2,645,25.8,135.99,0.5,1.232,33.92,0.5797,1.002,3.95,fitness_improvement
U199,43,male,177,77.2,24.64,1699,2039,Sedentary,2.3,2096,4974,228,50,3,6.7,57,2.8,150,16.67,64.43,-1.3,0.903,26.41,0.8333,1.028,4.56,maintenance
U200,27,female,165,57.2,21.01,1278,2045,Moderate,2.5,2220,8730,391,102,4,8.4,175,8.56,408,25.5,152.62,0.4,1.324,35.75,0.6249,1.0856,3.83,weight_gain
U201,29,male,180,69.4,21.42,1679,2602,Moderate,2.8,2740,10620,476,118,4,8.1,138,5.3,472,29.5,153.03,0.1,1.223,37.49,0.6453,1.053,4.03,weight_gain
U202,44,female,162,77.9,29.68,1409,2114,Moderate,2.5,1810,7680,341,83,3,7.0,-304,-14.38,249,27.67,98.59,-1.0,0.972,27.14,0.6665,0.8562,4.11,weight_loss
U203,37,male,183,84.6,25.26,1800,3420,Very Active,3.1,3443,13067,529,147,5,8.5,23,0.67,735,29.4,154.46,0.5,1.11,40.43,0.5263,1.0067,3.6,fitness_improvement
U204,22,female,167,57.6,20.65,1319,2044,Moderate,2.2,2053,7018,279,82,2,8.1,9,0.44,164,41.0,121.84,0.1,1.157,35.49,0.6453,1.0044,3.4,healthy_lifestyle
U205,53,male,176,93.7,30.25,1740,2088,Sedentary,1.8,1770,3290,127,28,1,6.4,-318,-15.23,28,28.0,35.11,-1.6,0.582,22.28,0.8333,0.8477,4.54,weight_loss
U206,31,female,170,66.4,22.98,1380,2139,Moderate,2.3,2251,11910,603,146,6,7.5,112,5.24,876,24.33,179.37,-0.5,1.05,32.21,0.6452,1.0524,4.13,fitness_improvement
U207,24,male,185,71.2,20.8,1709,2619,Moderate,2.7,2790,10780,489,121,4,8.2,171,6.53,484,30.25,151.4,0.2,1.149,36.78,0.6525,1.0653,4.04,weight_gain
U208,48,female,159,80.6,31.88,1427,1712,Sedentary,1.9,1500,3140,123,27,1,6.6,-212,-12.38,27,27.0,38.96,-1.4,0.714,21.24,0.8335,0.8762,4.56,weight_loss
U209,40,male,178,79.3,25.03,1744,3008,Active,3.7,3093,8489,472,142,5,7.5,85,2.83,710,28.4,107.05,-0.5,1.414,37.93,0.5798,1.0283,3.32,fitness_improvement
U210,35,female,173,64.8,21.65,1402,2418,Active,2.8,2414,9333,403,78,2,7.7,-4,-0.17,156,39.0,144.03,-0.3,1.309,37.31,0.5798,0.9983,5.17,healthy_lifestyle
U211,19,male,172,60.5,20.45,1558,3038,Very Active,3.5,3180,15020,808,188,6,8.5,142,4.67,1128,31.33,248.26,0.5,1.753,50.21,0.5128,1.0467,4.3,weight_gain
U212,56,female,164,84.3,31.34,1460,1752,Sedentary,1.8,1530,3020,118,26,1,6.3,-222,-12.67,26,26.0,35.82,-1.7,0.647,20.78,0.8333,0.8733,4.54,weight_loss
U213,33,male,181,77.6,23.69,1771,2745,Moderate,2.9,2675,6899,423,121,6,7.2,-70,-2.55,726,20.17,88.9,-0.8,1.132,35.37,0.6452,0.9745,3.5,fitness_improvement
U214,27,female,160,59.1,23.09,1284,2215,Active,2.3,2127,8471,290,35,3,7.4,-88,-3.97,105,11.67,143.33,-0.6,1.179,37.48,0.5797,0.9603,8.29,healthy_lifestyle
U215,45,male,174,86.5,28.57,1705,2046,Sedentary,1.9,1760,3540,142,31,1,6.7,-286,-13.98,31,31.0,40.92,-1.3,0.666,23.65,0.8333,0.8602,4.58,weight_loss
U216,38,female,168,69.5,24.62,1385,2632,Very Active,2.5,2586,11778,547,139,5,8.1,-46,-1.75,695,27.8,169.47,0.1,1.09,37.87,0.5262,0.9825,3.94,fitness_improvement
U217,25,male,182,67.8,20.47,1659,2571,Moderate,2.6,2740,10390,465,116,4,8.3,169,6.57,464,29.0,153.24,0.3,1.162,37.92,0.6453,1.0657,4.01,weight_gain
U218,51,female,166,78.7,28.56,1400,1680,Sedentary,1.8,1510,3410,132,29,1,6.5,-170,-10.12,29,29.0,43.33,-1.5,0.693,21.35,0.8333,0.8988,4.55,weight_loss
U219,42,male,187,90.4,25.85,1890,3260,Active,3.9,3333,10352,380,73,5,7.3,73,2.24,365,14.6,114.51,-0.7,1.307,36.06,0.5798,1.0224,5.21,fitness_improvement
U220,30,female,171,62.7,21.44,1374,2130,Moderate,2.5,2108,8851,518,102,4,8.0,-22,-1.03,408,25.5,141.16,0.0,1.208,33.97,0.6451,0.9897,5.08,healthy_lifestyle
U221,23,male,176,63.4,20.47,1602,2483,Moderate,2.5,2700,10180,446,113,4,8.4,217,8.74,452,28.25,160.57,0.4,1.195,39.16,0.6452,1.0874,3.95,weight_gain
U222,49,female,161,82.1,31.67,1422,1706,Sedentary,1.7,1490,2870,111,24,1,6.2,-216,-12.66,24,24.0,34.96,-1.8,0.627,20.78,0.8335,0.8734,4.62,weight_loss
U223,36,male,179,81.9,25.56,1770,3363,Very Active,2.9,3306,10670,448,110,4,7.2,-57,-1.69,440,27.5,130.28,-0.8,1.073,41.06,0.5263,0.9831,4.07,fitness_improvement
U224,28,female,165,61.8,22.7,1304,2021,Moderate,2.4,2062,8317,398,90,4,8.4,41,2.03,360,22.5,134.58,0.4,1.177,32.7,0.6452,1.0203,4.42,healthy_lifestyle
U225,54,male,181,89.7,27.38,1760,2112,Sedentary,1.9,1800,3370,135,29,1,6.5,-312,-14.77,29,29.0,37.57,-1.5,0.642,23.55,0.8333,0.8523,4.66,weight_loss
U226,34,female,174,67.9,22.43,1406,2671,Very Active,2.4,2486,11751,590,172,7,8.0,-185,-6.93,1204,24.57,173.06,0.0,1.071,39.34,0.5264,0.9307,3.43,fitness_improvement
U227,20,male,168,57.4,20.34,1533,2994,Very Active,3.4,3140,14680,782,184,6,8.6,146,4.88,1104,30.67,255.75,0.6,1.795,52.16,0.512,1.0488,4.25,weight_gain
U228,46,female,170,75.6,26.16,1429,2144,Moderate,2.4,1850,7410,326,79,3,7.0,-294,-13.71,237,26.33,98.02,-1.0,0.962,28.36,0.6665,0.8629,4.13,weight_loss
U229,39,male,175,83.8,27.36,1761,3038,Active,3.2,3048,12195,528,104,5,7.2,10,0.33,520,20.8,145.53,-0.8,1.157,36.25,0.5797,1.0033,5.08,fitness_improvement
U230,32,female,163,58.4,21.98,1298,2012,Moderate,2.4,2052,8186,492,90,2,7.6,40,1.99,180,45.0,140.17,-0.4,1.245,34.45,0.6451,1.0199,5.47,healthy_lifestyle
U231,26,male,184,74.9,22.12,1734,2677,Moderate,2.8,2860,10960,491,123,4,8.0,183,6.84,492,30.75,146.33,0.0,1.133,35.74,0.6477,1.0684,3.99,weight_gain
U232,57,female,157,76.3,30.95,1342,1610,Sedentary,1.7,1450,2980,115,25,1,6.3,-160,-9.94,25,25.0,39.06,-1.7,0.675,21.1,0.8335,0.9006,4.6,weight_loss
U233,43,male,180,88.9,27.44,1803,3110,Active,3.4,2964,13458,627,139,5,7.4,-146,-4.69,695,27.8,151.38,-0.6,1.159,34.98,0.5797,0.9531,4.51,fitness_improvement
U234,29,female,169,64.2,22.48,1363,2113,Moderate,2.4,2096,7415,376,79,3,7.6,-17,-0.8,237,26.33,115.5,-0.4,1.133,32.91,0.6451,0.992,4.76,healthy_lifestyle
U235,50,male,173,91.3,30.51,1705,2046,Sedentary,1.8,1710,3220,126,27,1,6.4,-336,-16.42,27,27.0,35.27,-1.6,0.597,22.41,0.8333,0.8358,4.67,weight_loss
U236,41,female,176,72.1,23.28,1456,2257,Moderate,2.8,2396,9856,471,120,3,6.6,139,6.16,360,40.0,136.7,-1.4,1.177,31.3,0.6451,1.0616,3.92,fitness_improvement
U237,22,male,178,66.8,21.08,1644,2548,Moderate,2.7,2760,10430,474,119,4,8.5,212,8.32,476,29.75,156.14,0.5,1.225,38.14,0.6452,1.0832,3.98,weight_gain
U238,47,female,160,73.9,28.87,1344,2016,Moderate,2.3,1770,7190,309,76,3,6.9,-246,-12.2,228,25.33,97.29,-1.1,0.943,27.28,0.6667,0.878,4.07,weight_loss
U239,35,male,186,86.2,24.92,1856,2877,Moderate,4.1,2909,9749,499,148,4,7.8,32,1.11,592,37.0,113.1,-0.2,1.441,33.38,0.6451,1.0111,3.37,fitness_improvement
U240,27,female,172,60.9,20.59,1352,2096,Moderate,2.8,2146,9488,479,75,3,8.3,50,2.39,225,25.0,155.8,0.3,1.393,34.42,0.645,1.0239,6.39,healthy_lifestyle
U241,52,male,177,88.6,28.28,1733,2079,Sedentary,1.9,1780,3480,139,30,1,6.5,-299,-14.38,30,30.0,39.28,-1.5,0.65,23.47,0.8336,0.8562,4.63,weight_loss
U242,33,female,167,70.2,25.17,1402,2418,Active,2.8,2353,9887,483,133,6,8.5,-65,-2.69,798,22.17,140.84,0.5,1.209,34.44,0.5798,0.9731,3.63,fitness_improvement
U243,24,male,180,69.7,21.51,1682,2607,Moderate,2.7,2790,10740,481,121,4,8.4,183,7.02,484,30.25,154.09,0.4,1.174,37.4,0.6452,1.0702,3.98,weight_gain
U244,45,female,164,79.8,29.67,1423,1708,Sedentary,1.8,1500,3110,121,26,1,6.6,-208,-12.18,26,26.0,38.97,-1.4,0.684,21.4,0.8331,0.8782,4.65,weight_loss
U245,38,male,182,92.3,27.86,1860,3208,Active,2.5,3146,12306,800,189,5,7.8,-62,-1.93,945,37.8,133.33,-0.2,0.821,34.76,0.5798,0.9807,4.23,fitness_improvement
U246,30,female,158,57.9,23.19,1271,1970,Moderate,2.8,1902,10362,423,80,4,7.7,-68,-3.45,320,20.0,178.96,-0.3,1.465,34.02,0.6452,0.9655,5.29,healthy_lifestyle
U247,19,male,171,58.6,20.04,1530,2970,Very Active,3.4,3120,14820,795,185,6,8.7,150,5.05,1110,30.83,252.9,0.7,1.758,50.68,0.5152,1.0505,4.3,weight_gain
U248,55,female,170,81.6,28.24,1440,1728,Sedentary,1.9,1510,3260,129,28,1,6.4,-218,-12.62,28,28.0,39.95,-1.6,0.706,21.18,0.8333,0.8738,4.61,weight_loss
U249,40,male,176,80.7,26.05,1742,3005,Active,3.2,2821,13979,625,160,3,8.3,-184,-6.12,480,53.33,173.22,0.3,1.202,37.24,0.5797,0.9388,3.91,fitness_improvement
U250,31,female,165,63.9,23.47,1344,1613,Sedentary,1.8,1617,6248,240,51,3,7.7,4,0.25,153,17.0,97.78,-0.3,0.854,25.24,0.8332,1.0025,4.71,maintenance
U251,28,male,179,70.6,22.03,1685,2617,Moderate,2.8,2780,10580,478,119,4,8.1,163,6.23,476,29.75,149.86,0.1,1.202,37.07,0.6439,1.0623,4.02,weight_gain
U252,46,female,164,78.9,29.34,1415,1698,Sedentary,1.8,1510,3180,124,27,1,6.5,-188,-11.07,27,27.0,40.3,-1.5,0.691,21.52,0.8333,0.8893,4.59,weight_loss
U253,34,male,183,82.7,24.69,1785,3392,Very Active,3.2,3278,11045,465,106,6,7.0,-114,-3.36,636,17.67,133.56,-1.0,1.173,41.02,0.5262,0.9664,4.39,fitness_improvement
U254,21,female,168,55.7,19.73,1291,2001,Moderate,2.4,1935,7804,405,98,3,7.7,-66,-3.3,294,32.67,140.11,-0.3,1.306,35.92,0.6452,0.967,4.13,healthy_lifestyle
U255,53,male,175,94.2,30.76,1747,2096,Sedentary,1.9,1760,3410,131,29,1,6.3,-336,-16.03,29,29.0,36.2,-1.7,0.611,22.25,0.8335,0.8397,4.52,weight_loss
U256,32,female,171,67.8,23.19,1390,2398,Active,2.6,2495,7800,671,165,4,7.6,97,4.05,660,41.25,115.04,-0.4,1.162,35.37,0.5796,1.0405,4.07,fitness_improvement
U257,25,male,186,72.5,20.96,1728,2644,Moderate,2.8,2830,10920,497,124,4,8.2,186,7.03,496,31.0,150.62,0.2,1.17,36.47,0.6536,1.0703,4.01,weight_gain
U258,49,female,157,81.4,33.02,1405,1686,Sedentary,1.8,1490,3020,116,25,1,6.4,-196,-11.63,25,25.0,37.1,-1.6,0.67,20.71,0.8333,0.8837,4.64,weight_loss
U259,39,male,181,84.3,25.73,1807,3117,Active,3.3,3376,8818,477,122,6,6.9,259,8.31,732,20.33,104.6,-1.1,1.186,36.98,0.5797,1.0831,3.91,fitness_improvement
U260,36,female,174,65.4,21.6,1411,2187,Moderate,3.0,2168,9192,501,102,3,7.7,-19,-0.87,306,34.0,140.55,-0.3,1.39,33.44,0.6452,0.9913,4.91,healthy_lifestyle
U261,20,male,170,59.6,20.62,1545,3003,Very Active,3.5,3160,14840,793,185,6,8.6,157,5.23,1110,30.83,248.99,0.6,1.78,50.39,0.5145,1.0523,4.29,weight_gain
U262,55,female,163,85.2,32.07,1453,1744,Sedentary,1.8,1530,3290,128,28,1,6.2,-214,-12.27,28,28.0,38.62,-1.8,0.64,20.47,0.8331,0.8773,4.57,weight_loss
U263,31,male,177,78.9,25.18,1725,2976,Active,3.0,3067,10342,433,128,5,7.3,91,3.06,640,25.6,131.08,-0.7,1.152,37.72,0.5796,1.0306,3.38,fitness_improvement
U264,29,female,160,60.8,23.75,1298,2012,Moderate,2.0,2117,9040,450,83,2,7.8,105,5.22,166,41.5,148.68,-0.2,0.997,33.09,0.6451,1.0522,5.42,healthy_lifestyle
U265,43,male,182,88.6,26.75,1839,2207,Sedentary,2.0,1810,3540,142,31,1,6.6,-397,-17.99,31,31.0,39.95,-1.4,0.684,24.91,0.8333,0.8201,4.58,weight_loss
U266,37,female,169,70.5,24.68,1419,2448,Active,2.7,2452,10824,610,154,5,7.9,4,0.16,770,30.8,153.53,-0.1,1.161,34.72,0.5797,1.0016,3.96,fitness_improvement
U267,23,male,174,64.2,21.2,1580,2449,Moderate,2.6,2700,10270,461,117,4,8.3,251,10.25,468,29.25,159.97,0.3,1.227,38.15,0.6452,1.1025,3.94,weight_gain
U268,50,female,166,80.7,29.29,1422,1706,Sedentary,1.9,1510,3120,125,27,1,6.4,-196,-11.49,27,27.0,38.66,-1.6,0.713,21.14,0.8335,0.8851,4.63,weight_loss
U269,41,male,188,92.1,26.06,1904,2951,Moderate,3.8,2921,11085,484,130,6,7.5,-30,-1.02,780,21.67,120.36,-0.5,1.25,32.04,0.6452,0.9898,3.72,fitness_improvement
U270,27,female,173,61.7,20.62,1360,2108,Moderate,2.1,2120,8510,453,109,3,7.3,12,0.57,327,36.33,137.93,-0.7,1.031,34.17,0.6452,1.0057,4.16,healthy_lifestyle
U271,18,male,176,56.8,18.34,1546,3015,Very Active,3.4,3190,15120,812,190,6,8.7,175,5.8,1140,31.67,266.2,0.7,1.814,53.08,0.5128,1.058,4.27,weight_gain
U272,58,female,161,79.5,30.67,1381,1657,Sedentary,1.7,1460,2870,109,24,1,6.1,-197,-11.89,24,24.0,36.1,-1.9,0.648,20.84,0.8334,0.8811,4.54,weight_loss
U273,35,male,180,81.6,25.19,1774,3060,Active,2.9,2973,11868,673,172,4,6.7,-87,-2.84,688,43.0,145.44,-1.3,1.077,37.5,0.5797,0.9716,3.91,fitness_improvement
U274,24,female,165,58.6,21.52,1274,2198,Active,2.2,2177,6592,313,86,3,7.6,-21,-0.96,258,28.67,112.49,-0.4,1.138,37.51,0.5796,0.9904,3.64,healthy_lifestyle
U275,48,male,173,87.4,29.2,1717,2060,Sedentary,1.9,1740,3350,134,29,1,6.5,-320,-15.53,29,29.0,38.33,-1.5,0.659,23.57,0.8335,0.8447,4.62,weight_loss
U276,33,female,178,72.6,22.91,1470,2536,Active,2.5,2732,11254,515,122,4,6.7,196,7.73,488,30.5,155.01,-1.3,1.043,34.93,0.5797,1.0773,4.22,fitness_improvement
U277,26,male,181,68.2,20.82,1655,2555,Moderate,2.7,2760,10490,477,120,4,8.2,205,8.02,480,30.0,153.81,0.2,1.2,37.46,0.6477,1.0802,3.98,weight_gain
U278,45,female,159,76.9,30.42,1389,2084,Moderate,2.4,1800,7460,333,82,3,6.9,-284,-13.63,246,27.33,97.01,-1.1,0.946,27.1,0.6665,0.8637,4.06,weight_loss
U279,40,male,184,86.9,25.67,1834,3164,Active,4.3,3159,13636,580,126,4,6.7,-5,-0.16,504,31.5,156.92,-1.3,1.499,36.41,0.5796,0.9984,4.6,fitness_improvement
U280,30,female,167,63.5,22.77,1349,2091,Moderate,2.5,2204,6873,317,77,2,7.9,113,5.4,154,38.5,108.24,-0.1,1.193,32.93,0.6451,1.054,4.12,healthy_lifestyle
U281,22,male,178,62.9,19.85,1612,2499,Moderate,2.6,2680,10160,452,115,4,8.5,181,7.24,460,28.75,161.53,0.5,1.253,39.73,0.6451,1.0724,3.93,weight_gain
U282,52,female,170,83.8,29.0,1456,1747,Sedentary,1.8,1510,3060,119,26,1,6.3,-237,-13.57,26,26.0,36.52,-1.7,0.651,20.85,0.8334,0.8643,4.58,weight_loss
U283,38,male,176,80.3,25.92,1739,3304,Very Active,2.8,3565,10617,601,125,5,7.7,261,7.9,625,25.0,132.22,-0.3,1.057,41.15,0.5263,1.079,4.81,fitness_improvement
U284,28,female,162,59.8,22.79,1288,1996,Moderate,2.3,1976,7524,431,92,3,7.9,-20,-1.0,276,30.67,125.82,-0.1,1.166,33.38,0.6453,0.99,4.68,healthy_lifestyle
U285,47,male,180,90.8,28.02,1827,2192,Sedentary,1.9,1790,3480,137,30,1,6.4,-402,-18.34,30,30.0,38.33,-1.6,0.634,24.14,0.8335,0.8166,4.57,weight_loss
U286,35,female,170,69.7,24.12,1426,2460,Active,2.7,2592,10291,538,128,3,8.6,132,5.37,384,42.67,147.65,0.6,1.174,35.29,0.5797,1.0537,4.2,fitness_improvement
U287,19,male,173,57.2,19.11,1531,2985,Very Active,3.4,3160,14790,786,183,6,8.8,175,5.86,1098,30.5,258.57,0.8,1.801,52.19,0.5129,1.0586,4.3,weight_gain
U288,42,female,164,74.3,27.62,1368,2052,Moderate,2.4,1780,7310,319,78,3,7.0,-272,-13.26,234,26.0,98.38,-1.0,0.979,27.62,0.6667,0.8674,4.09,weight_loss
U289,31,male,185,83.5,24.4,1848,2864,Moderate,2.6,2704,12638,709,178,3,8.2,-160,-5.59,534,59.33,151.35,0.2,0.944,34.3,0.6453,0.9441,3.98,fitness_improvement
U290,39,female,171,66.8,22.84,1417,2444,Active,2.2,2635,5826,339,58,4,8.3,191,7.82,232,14.5,87.22,0.3,0.998,36.59,0.5798,1.0782,5.84,healthy_lifestyle
U291,54,male,169,80.9,28.33,1638,1966,Sedentary,1.8,1660,3210,124,27,1,6.3,-306,-15.56,27,27.0,39.68,-1.7,0.674,24.3,0.8332,0.8444,4.59,weight_loss
U292,25,female,175,60.3,19.69,1376,2374,Active,2.3,2331,9113,552,164,5,6.4,-43,-1.81,820,32.8,151.13,-1.6,1.156,39.37,0.5796,0.9819,3.37,fitness_improvement
U293,32,male,182,75.8,22.88,1751,2679,Moderate,2.8,2860,10730,482,122,4,8.3,181,6.76,488,30.5,141.56,0.3,1.119,35.34,0.6536,1.0676,3.95,weight_gain
U294,49,female,158,72.4,29.0,1322,1983,Moderate,2.3,1750,7080,301,74,3,6.8,-233,-11.75,222,24.67,97.79,-1.2,0.963,27.39,0.6667,0.8825,4.07,weight_loss
U295,44,male,187,89.8,25.68,1885,3252,Active,3.1,3192,10831,561,168,4,8.2,-60,-1.85,672,42.0,120.61,0.2,1.046,36.21,0.5796,0.9815,3.34,fitness_improvement
U296,27,female,169,62.4,21.85,1361,2110,Moderate,2.8,2072,10260,419,93,2,8.5,-38,-1.8,186,46.5,164.42,0.5,1.36,33.81,0.645,0.982,4.51,healthy_lifestyle
U297,56,male,175,92.6,30.24,1738,2086,Sedentary,1.9,1770,3310,129,28,1,6.4,-316,-15.15,28,28.0,35.75,-1.6,0.622,22.53,0.8332,0.8485,4.61,weight_loss
U298,36,female,172,71.5,24.17,1451,2503,Active,2.6,2509,11979,723,213,4,8.0,6,0.24,852,53.25,167.54,0.0,1.102,35.01,0.5797,1.0024,3.39,fitness_improvement
U299,23,male,180,65.3,20.15,1632,2673,Active,3.0,2860,12460,609,151,5,8.5,187,7.0,755,30.2,190.81,0.5,1.392,40.93,0.6105,1.07,4.03,weight_gain
U300,41,female,163,68.7,25.86,1327,1825,Light,2.4,1775,6863,348,72,1,7.2,-50,-2.74,72,72.0,99.9,-0.8,1.059,26.56,0.7271,0.9726,4.83,maintenance
U301,27,male,180,68.7,21.2,1669,2587,Moderate,2.7,2750,10480,471,117,4,8.2,163,6.3,468,29.25,152.55,0.2,1.191,37.66,0.6451,1.063,4.03,weight_gain
U302,45,female,162,79.8,30.41,1428,1714,Sedentary,1.8,1500,3180,122,27,1,6.4,-214,-12.49,27,27.0,39.85,-1.6,0.684,21.48,0.8331,0.8751,4.52,weight_loss
U303,34,male,184,81.5,24.07,1787,3083,Active,3.5,3092,11542,589,114,3,6.6,9,0.29,342,38.0,141.62,-1.4,1.301,37.83,0.5796,1.0029,5.17,fitness_improvement
U304,23,female,168,56.9,20.16,1299,2013,Moderate,2.7,1942,8960,312,54,2,8.4,-71,-3.53,108,27.0,157.47,0.4,1.438,35.38,0.6453,0.9647,5.78,healthy_lifestyle
U305,52,male,176,94.6,30.54,1751,2101,Sedentary,1.9,1780,3370,132,29,1,6.3,-321,-15.28,29,29.0,35.62,-1.7,0.609,22.21,0.8334,0.8472,4.55,weight_loss
U306,31,female,171,66.1,22.61,1382,2626,Very Active,2.7,2862,14579,673,147,4,7.3,236,8.99,588,36.75,220.56,-0.7,1.238,39.73,0.5263,1.0899,4.58,fitness_improvement
U307,25,male,186,71.8,20.75,1719,2638,Moderate,2.8,2810,10840,495,123,4,8.3,172,6.52,492,30.75,150.97,0.3,1.182,36.74,0.6516,1.0652,4.02,weight_gain
U308,48,female,158,82.4,33.01,1417,1700,Sedentary,1.8,1480,3010,115,25,1,6.4,-220,-12.94,25,25.0,36.53,-1.6,0.662,20.63,0.8335,0.8706,4.6,weight_loss
U309,40,male,181,85.7,26.16,1822,3143,Active,3.5,3040,10711,591,110,5,8.1,-103,-3.28,550,22.0,124.98,0.1,1.238,36.67,0.5797,0.9672,5.37,fitness_improvement
U310,36,female,174,65.1,21.5,1408,2182,Moderate,2.9,2169,8463,305,65,4,8.2,-13,-0.6,260,16.25,130.0,0.2,1.35,33.52,0.6453,0.994,4.69,healthy_lifestyle
U311,20,male,171,59.2,20.25,1536,2995,Very Active,3.5,3180,14920,802,187,6,8.6,185,6.18,1122,31.17,252.03,0.6,1.792,50.59,0.5129,1.0618,4.29,weight_gain
U312,56,female,163,85.7,32.26,1460,1752,Sedentary,1.8,1510,3250,124,27,1,6.2,-242,-13.81,27,27.0,37.92,-1.8,0.636,20.44,0.8333,0.8619,4.59,weight_loss
U313,32,male,178,77.8,24.55,1732,2988,Active,2.3,3027,15406,698,122,6,7.8,39,1.31,732,20.33,198.02,-0.2,0.896,38.41,0.5797,1.0131,5.72,fitness_improvement
U314,29,female,160,61.2,23.91,1302,1790,Light,2.7,1774,6588,349,68,3,7.8,-16,-0.89,204,22.67,107.65,-0.2,1.337,29.25,0.7274,0.9911,5.13,healthy_lifestyle
U315,43,male,182,89.1,26.9,1844,2213,Sedentary,2.0,1800,3510,141,30,1,6.6,-413,-18.66,30,30.0,39.39,-1.4,0.68,24.84,0.8333,0.8134,4.7,weight_loss
U316,37,female,169,70.8,24.79,1422,2702,Very Active,3.3,2774,11405,549,126,4,6.7,72,2.66,504,31.5,161.09,-1.3,1.412,38.16,0.5263,1.0266,4.36,fitness_improvement
U317,24,male,174,64.8,21.4,1587,2460,Moderate,2.6,2710,10290,462,118,4,8.4,250,10.16,472,29.5,158.8,0.4,1.216,37.96,0.6451,1.1016,3.92,weight_gain
U318,50,female,166,81.2,29.47,1426,1711,Sedentary,1.8,1500,3090,120,26,1,6.3,-211,-12.33,26,26.0,38.05,-1.7,0.672,21.07,0.8334,0.8767,4.62,weight_loss
U319,41,male,188,92.8,26.26,1910,2960,Moderate,3.0,2975,9565,476,113,6,7.8,15,0.51,678,18.83,103.07,-0.2,0.98,31.9,0.6453,1.0051,4.21,fitness_improvement
U320,27,female,173,62.1,20.75,1365,2355,Active,2.5,2288,6220,266,84,4,7.6,-67,-2.85,336,21.0,100.16,-0.4,1.22,37.92,0.5796,0.9715,3.17,healthy_lifestyle
U321,19,male,176,57.3,18.5,1551,3025,Very Active,3.5,3210,15180,815,191,6,8.7,185,6.12,1146,31.83,264.92,0.7,1.851,52.79,0.5127,1.0612,4.27,weight_gain
U322,58,female,161,80.3,30.98,1389,1667,Sedentary,1.7,1460,2940,111,24,1,6.1,-207,-12.42,24,24.0,36.61,-1.9,0.642,20.76,0.8332,0.8758,4.62,weight_loss
U323,35,male,180,82.4,25.43,1783,2764,Moderate,3.7,2788,11922,540,113,4,6.3,24,0.87,452,28.25,144.68,-1.7,1.361,33.54,0.6451,1.0087,4.78,fitness_improvement
U324,24,female,165,59.3,21.78,1280,1984,Moderate,2.2,2143,8497,491,123,3,7.9,159,8.01,369,41.0,143.29,-0.1,1.124,33.46,0.6452,1.0801,3.99,healthy_lifestyle
U325,49,male,173,88.1,29.44,1724,2069,Sedentary,1.9,1750,3440,137,29,1,6.4,-319,-15.42,29,29.0,39.05,-1.6,0.654,23.48,0.8333,0.8458,4.72,weight_loss
U326,33,female,178,73.4,23.17,1481,2296,Moderate,3.2,2224,9917,447,141,4,7.3,-72,-3.14,564,35.25,135.11,-0.7,1.321,31.28,0.645,0.9686,3.17,fitness_improvement
U327,26,male,181,69.1,21.09,1666,2569,Moderate,2.7,2780,10570,482,120,4,8.2,211,8.21,480,30.0,152.97,0.2,1.184,37.18,0.6485,1.0821,4.02,weight_gain
U328,46,female,159,77.1,30.5,1390,2085,Moderate,2.4,1790,7420,328,81,3,6.9,-295,-14.15,243,27.0,96.24,-1.1,0.943,27.04,0.6667,0.8585,4.05,weight_loss
U329,39,male,184,87.2,25.76,1840,3496,Very Active,3.6,3527,10484,477,108,6,8.1,31,0.89,648,18.0,120.23,0.1,1.251,40.09,0.5263,1.0089,4.42,fitness_improvement
U330,30,female,167,64.1,22.98,1354,2099,Moderate,2.6,2122,10963,491,85,3,8.1,23,1.1,255,28.33,171.03,0.1,1.229,32.75,0.6451,1.011,5.78,healthy_lifestyle
U331,22,male,178,63.7,20.1,1620,2511,Moderate,2.7,2690,10320,457,116,4,8.5,179,7.13,464,29.0,162.01,0.5,1.284,39.42,0.6452,1.0713,3.94,weight_gain
U332,53,female,170,84.5,29.24,1468,1762,Sedentary,1.8,1500,3170,126,27,1,6.3,-262,-14.87,27,27.0,37.51,-1.7,0.646,20.85,0.8331,0.8513,4.67,weight_loss
U333,38,male,176,81.4,26.28,1750,3019,Active,2.8,3088,11234,577,147,5,7.5,69,2.29,735,29.4,138.01,-0.5,1.042,37.09,0.5797,1.0229,3.93,fitness_improvement
U334,28,female,162,60.2,22.94,1291,2001,Moderate,2.9,2034,7627,357,102,3,8.2,33,1.65,306,34.0,126.69,0.2,1.46,33.24,0.6452,1.0165,3.5,healthy_lifestyle
U335,47,male,180,91.6,28.27,1834,2201,Sedentary,1.9,1790,3350,135,29,1,6.5,-411,-18.67,29,29.0,36.57,-1.5,0.629,24.03,0.8333,0.8133,4.66,weight_loss
U336,35,female,170,68.4,23.67,1400,2170,Moderate,2.7,2206,12772,542,117,4,7.2,36,1.66,468,29.25,186.73,-0.8,1.196,31.73,0.6452,1.0166,4.63,fitness_improvement
U337,21,male,173,60.9,20.35,1567,3056,Very Active,3.5,3220,15340,825,193,6,8.6,164,5.37,1158,32.17,251.89,0.6,1.742,50.18,0.5128,1.0537,4.27,weight_gain
U338,42,female,164,75.6,28.11,1384,2076,Moderate,2.4,1790,7310,326,80,3,7.0,-286,-13.78,240,26.67,96.69,-1.0,0.962,27.46,0.6667,0.8622,4.08,weight_loss
U339,31,male,185,84.8,24.78,1861,3210,Active,3.1,3290,10711,689,225,4,7.9,80,2.49,900,56.25,126.31,-0.1,1.108,37.85,0.5798,1.0249,3.06,fitness_improvement
U340,39,female,171,67.2,22.98,1420,2201,Moderate,2.6,2165,10348,646,161,4,8.1,-36,-1.64,644,40.25,153.99,0.1,1.172,32.75,0.6452,0.9836,4.01,healthy_lifestyle
U341,24,male,180,66.1,20.4,1641,2570,Moderate,2.7,2760,10620,471,119,4,8.4,190,7.39,476,29.75,160.67,0.4,1.238,38.88,0.6385,1.0739,3.96,weight_gain
U342,55,female,157,78.4,31.81,1366,1640,Sedentary,1.7,1450,2880,110,24,1,6.2,-190,-11.59,24,24.0,36.73,-1.8,0.657,20.92,0.8329,0.8841,4.58,weight_loss
U343,36,male,182,80.6,24.33,1786,2768,Moderate,3.1,2919,12801,565,116,6,8.0,151,5.46,696,19.33,158.82,0.0,1.166,34.34,0.6452,1.0546,4.87,fitness_improvement
U344,27,female,169,63.7,22.3,1362,2111,Moderate,2.4,2068,7900,307,97,4,7.8,-43,-2.04,388,24.25,124.02,-0.2,1.142,33.14,0.6452,0.9796,3.16,healthy_lifestyle
U345,51,male,174,89.5,29.56,1736,2083,Sedentary,1.9,1760,3460,140,30,1,6.4,-323,-15.51,30,30.0,38.66,-1.6,0.643,23.27,0.8334,0.8449,4.67,weight_loss
U346,32,female,176,70.1,22.63,1435,2726,Very Active,2.6,2829,13826,685,147,6,8.2,103,3.78,882,24.5,197.23,0.2,1.124,38.89,0.5264,1.0378,4.66,fitness_improvement
U347,20,male,168,58.4,20.69,1528,2979,Very Active,3.4,3160,14680,787,184,6,8.8,181,6.08,1104,30.67,251.37,0.8,1.764,51.01,0.5129,1.0608,4.28,weight_gain
U348,44,female,160,76.8,30.0,1377,2066,Moderate,2.4,1780,7190,317,78,3,6.9,-286,-13.84,234,26.0,93.62,-1.1,0.947,26.9,0.6665,0.8616,4.06,weight_loss
U349,40,male,187,90.7,25.94,1890,3260,Active,2.6,3284,14314,630,106,4,7.9,24,0.74,424,26.5,157.82,-0.1,0.869,35.94,0.5798,1.0074,5.94,fitness_improvement
U350,29,female,172,62.9,21.26,1373,2128,Moderate,2.8,2204,8569,458,71,4,8.1,76,3.57,284,17.75,136.23,0.1,1.349,33.83,0.6452,1.0357,6.45,healthy_lifestyle
U351,23,male,175,65.2,21.29,1601,2490,Moderate,2.7,2690,10280,456,116,4,8.5,200,8.03,464,29.0,157.67,0.5,1.255,38.19,0.643,1.0803,3.93,weight_gain
U352,48,female,163,80.9,30.45,1418,1702,Sedentary,1.8,1500,3130,122,26,1,6.3,-202,-11.87,26,26.0,38.69,-1.7,0.674,21.04,0.8331,0.8813,4.69,weight_loss
U353,37,male,179,83.6,26.09,1783,3076,Active,3.6,2965,11206,596,162,5,8.0,-111,-3.61,810,32.4,134.04,0.0,1.305,36.79,0.5796,0.9639,3.68,fitness_improvement
U354,26,female,166,57.8,20.98,1280,1984,Moderate,2.6,1868,10018,433,74,2,8.3,-116,-5.85,148,37.0,173.32,0.3,1.363,34.33,0.6452,0.9415,5.85,healthy_lifestyle
U355,57,male,171,84.9,29.03,1669,2003,Sedentary,1.8,1690,3250,130,28,1,6.2,-313,-15.63,28,28.0,38.28,-1.8,0.642,23.59,0.8333,0.8437,4.64,weight_loss
U356,34,female,174,69.2,22.86,1427,2462,Active,2.6,2423,14186,628,179,5,7.9,-39,-1.58,895,35.8,205.0,-0.1,1.139,35.58,0.5796,0.9842,3.51,fitness_improvement
U357,22,male,183,67.5,20.16,1647,2553,Moderate,2.7,2760,10460,471,119,4,8.4,207,8.11,476,29.75,154.96,0.4,1.212,37.82,0.6451,1.0811,3.96,weight_gain
U358,43,female,161,73.8,28.47,1359,2039,Moderate,2.4,1750,7050,304,75,3,7.0,-289,-14.17,225,25.0,95.53,-1.0,0.985,27.63,0.6665,0.8583,4.05,weight_loss
U359,30,male,181,79.6,24.3,1752,3022,Active,2.9,3014,8509,592,154,4,7.6,-8,-0.26,616,38.5,106.9,-0.4,1.104,37.96,0.5797,0.9974,3.84,fitness_improvement
U360,41,female,169,66.5,23.28,1377,1893,Light,2.4,1817,8068,264,88,4,8.2,-76,-4.01,352,22.0,121.32,0.2,1.094,28.47,0.7274,0.9599,3.0,healthy_lifestyle
U361,25,male,177,64.8,20.68,1615,2503,Moderate,2.7,2700,10190,449,114,4,8.6,197,7.87,456,28.5,157.25,0.6,1.263,38.63,0.6452,1.0787,3.94,weight_gain
U362,54,female,168,82.6,29.27,1445,1734,Sedentary,1.8,1490,3050,120,26,1,6.3,-244,-14.07,26,26.0,36.92,-1.7,0.66,20.99,0.8333,0.8593,4.62,weight_loss
U363,39,male,185,86.4,25.24,1871,3227,Active,3.1,3272,11244,492,105,5,7.5,45,1.39,525,21.0,130.14,-0.5,1.087,37.35,0.5798,1.0139,4.69,fitness_improvement
U364,28,female,159,58.7,23.22,1269,1967,Moderate,2.3,1950,8398,479,90,3,7.8,-17,-0.86,270,30.0,143.07,-0.2,1.187,33.51,0.6451,0.9914,5.32,healthy_lifestyle
U365,46,male,178,88.3,27.87,1783,2139,Sedentary,1.9,1750,3480,139,30,1,6.5,-389,-18.19,30,30.0,39.41,-1.5,0.652,24.22,0.8336,0.8181,4.63,weight_loss
U366,33,female,171,71.3,24.38,1433,2221,Moderate,2.8,2195,10283,538,151,5,7.3,-26,-1.17,755,30.2,144.22,-0.7,1.19,31.15,0.6452,0.9883,3.56,fitness_improvement
U367,19,male,170,56.7,19.62,1530,2976,Very Active,3.4,3180,14980,805,188,6,8.8,204,6.85,1128,31.33,264.2,0.8,1.817,52.49,0.5141,1.0685,4.28,weight_gain
U368,50,female,164,78.2,29.07,1399,2099,Moderate,2.4,1800,7380,326,80,3,6.8,-299,-14.24,240,26.67,94.37,-1.2,0.93,26.84,0.6665,0.8576,4.08,weight_loss
U369,42,male,182,91.2,27.53,1870,2898,Moderate,3.1,2818,12009,513,111,6,6.8,-80,-2.76,666,18.5,131.68,-1.2,1.03,31.78,0.6453,0.9724,4.62,fitness_improvement
U370,35,female,173,65.9,22.02,1414,2439,Active,2.5,2554,10273,479,76,2,7.5,115,4.72,152,38.0,155.89,-0.5,1.15,37.01,0.5797,1.0472,6.3,healthy_lifestyle
U371,21,male,176,61.7,19.92,1595,2472,Moderate,2.6,2680,10080,447,113,4,8.5,208,8.41,452,28.25,163.37,0.5,1.277,40.06,0.6452,1.0841,3.96,weight_gain
U372,53,female,160,81.7,31.91,1417,1700,Sedentary,1.8,1490,3160,126,27,1,6.2,-210,-12.35,27,27.0,38.68,-1.8,0.668,20.81,0.8335,0.8765,4.67,weight_loss
U373,37,male,180,82.1,25.34,1779,3380,Very Active,2.3,3256,10800,590,189,6,6.9,-124,-3.67,1134,31.5,131.55,-1.1,0.849,41.17,0.5263,0.9633,3.12,fitness_improvement
U374,24,female,167,60.6,21.73,1308,2027,Moderate,2.4,2000,8557,404,110,3,7.5,-27,-1.33,330,36.67,141.2,-0.5,1.2,33.45,0.6453,0.9867,3.67,healthy_lifestyle
U375,49,male,174,90.3,29.83,1744,2093,Sedentary,1.9,1770,3380,136,29,1,6.4,-323,-15.43,29,29.0,37.43,-1.6,0.638,23.18,0.8333,0.8457,4.69,weight_loss
U376,31,female,178,74.8,23.61,1495,2840,Very Active,3.0,2690,10612,616,137,4,7.3,-150,-5.28,548,34.25,141.87,-0.7,1.215,37.97,0.5264,0.9472,4.5,fitness_improvement
U377,27,male,181,70.4,21.49,1690,2609,Moderate,2.8,2790,10710,480,120,4,8.4,181,6.94,480,30.0,152.13,0.4,1.205,37.06,0.6478,1.0694,4.0,weight_gain
U378,45,female,162,75.9,28.92,1378,2067,Moderate,2.4,1780,7140,316,77,3,6.9,-287,-13.88,231,25.67,94.07,-1.1,0.958,27.23,0.6667,0.8612,4.1,weight_loss
U379,38,male,186,88.2,25.49,1892,3595,Very Active,3.6,3583,15094,758,148,4,7.6,-12,-0.33,592,37.0,171.13,-0.4,1.237,40.76,0.5263,0.9967,5.12,fitness_improvement
U380,30,female,170,63.2,21.87,1365,2116,Moderate,2.8,2147,9864,415,111,4,7.6,31,1.47,444,27.75,156.08,-0.4,1.343,33.48,0.6451,1.0147,3.74,healthy_lifestyle
U381,23,male,179,66.7,20.82,1645,2549,Moderate,2.7,2730,10340,462,117,4,8.6,181,7.1,468,29.25,155.02,0.6,1.227,38.22,0.6454,1.071,3.95,weight_gain
U382,51,female,165,84.1,30.89,1451,1741,Sedentary,1.8,1490,3090,122,26,1,6.3,-251,-14.42,26,26.0,36.74,-1.7,0.649,20.7,0.8334,0.8558,4.69,weight_loss
U383,36,male,183,80.9,24.16,1779,3069,Active,3.0,2926,11503,486,75,5,8.2,-143,-4.66,375,15.0,142.19,0.2,1.124,37.94,0.5797,0.9534,6.48,fitness_improvement
U384,29,female,157,56.8,23.04,1254,1944,Moderate,2.1,1946,7643,224,52,3,7.9,2,0.1,156,17.33,134.56,-0.1,1.12,34.23,0.6451,1.001,4.31,healthy_lifestyle
U385,44,male,177,87.6,27.96,1755,2106,Sedentary,1.9,1750,3460,136,29,1,6.5,-356,-16.9,29,29.0,39.5,-1.5,0.657,24.04,0.8333,0.831,4.69,weight_loss
U386,32,female,172,69.6,23.53,1425,2708,Very Active,2.3,2627,12524,548,115,4,7.4,-81,-2.99,460,28.75,179.94,-0.6,1.001,38.91,0.5262,0.9701,4.77,fitness_improvement
U387,20,male,175,58.9,19.23,1552,3016,Very Active,3.5,3200,15090,812,190,6,8.7,184,6.1,1140,31.67,256.2,0.7,1.801,51.21,0.5146,1.061,4.27,weight_gain
U388,47,female,163,76.4,28.76,1379,2069,Moderate,2.4,1770,7260,319,79,3,6.8,-299,-14.45,237,26.33,95.03,-1.2,0.952,27.08,0.6665,0.8555,4.04,weight_loss
U389,40,male,180,85.8,26.48,1830,3477,Very Active,3.3,3446,9907,556,145,5,8.0,-31,-0.89,725,29.0,115.47,0.0,1.166,40.52,0.5263,0.9911,3.83,fitness_improvement
U390,34,female,168,64.7,22.92,1374,2370,Active,2.8,2478,10258,549,70,3,8.0,108,4.56,210,23.33,158.55,0.0,1.311,36.63,0.5797,1.0456,7.84,healthy_lifestyle
U391,26,male,182,69.3,20.92,1678,2571,Moderate,2.8,2760,10590,477,120,4,8.5,189,7.35,480,30.0,152.81,0.5,1.224,37.1,0.6527,1.0735,3.98,weight_gain
U392,55,female,159,80.4,31.8,1398,1678,Sedentary,1.7,1460,2920,112,24,1,6.1,-218,-12.99,24,24.0,36.32,-1.9,0.641,20.87,0.8331,0.8701,4.67,weight_loss
U393,43,male,184,93.5,27.62,1910,3629,Very Active,2.9,3477,11932,643,181,5,8.0,-152,-4.19,905,36.2,127.61,0.0,0.94,38.81,0.5263,0.9581,3.55,fitness_improvement
U394,27,female,171,61.5,21.03,1350,2092,Moderate,2.5,1976,8842,335,78,4,7.3,-116,-5.54,312,19.5,143.77,-0.7,1.232,34.02,0.6453,0.9446,4.29,healthy_lifestyle
U395,49,male,172,86.9,29.37,1705,2046,Sedentary,1.9,1740,3330,133,28,1,6.4,-306,-14.96,28,28.0,38.32,-1.6,0.663,23.54,0.8333,0.8504,4.75,weight_loss
U396,35,female,175,70.7,23.09,1445,2493,Active,2.4,2539,10405,523,143,4,7.3,46,1.85,572,35.75,147.17,-0.7,1.029,35.26,0.5796,1.0185,3.66,fitness_improvement
U397,22,male,177,64.1,20.46,1612,2499,Moderate,2.7,2700,10140,453,115,4,8.6,201,8.04,460,28.75,158.19,0.6,1.276,38.99,0.6451,1.0804,3.94,weight_gain
U398,52,female,166,83.1,30.16,1439,1727,Sedentary,1.8,1490,3040,121,26,1,6.2,-237,-13.72,26,26.0,36.58,-1.8,0.656,20.78,0.8332,0.8628,4.65,weight_loss
U399,39,male,181,82.8,25.27,1788,3084,Active,2.9,3179,12585,546,97,4,7.8,95,3.08,388,24.25,151.99,-0.2,1.061,37.25,0.5798,1.0308,5.63,fitness_improvement
U400,30,female,169,62.8,21.99,1360,2108,Moderate,1.6,2122,6509,261,49,2,7.4,14,0.66,98,24.5,103.65,-0.6,0.772,33.57,0.6452,1.0066,5.33,maintenance
U401,28,male,181,71.3,21.76,1700,2635,Moderate,2.8,2800,10720,485,121,4,8.2,165,6.26,484,30.25,150.35,0.2,1.19,36.96,0.6452,1.0626,4.01,weight_gain
U402,47,female,163,80.6,30.34,1432,1718,Sedentary,1.8,1490,3190,124,27,1,6.4,-228,-13.27,27,27.0,39.58,-1.6,0.677,21.32,0.8335,0.8673,4.59,weight_loss
U403,35,male,185,83.2,24.31,1818,2818,Moderate,3.5,2778,13839,630,154,6,7.3,-40,-1.42,924,25.67,166.33,-0.7,1.275,33.87,0.6451,0.9858,4.09,fitness_improvement
U404,22,female,169,57.1,19.99,1301,2244,Active,2.8,2302,9043,358,101,3,7.7,58,2.58,303,33.67,158.37,-0.3,1.486,39.3,0.5798,1.0258,3.54,healthy_lifestyle
U405,54,male,177,95.1,30.36,1758,2110,Sedentary,1.9,1770,3420,132,29,1,6.3,-340,-16.11,29,29.0,35.96,-1.7,0.605,22.19,0.8332,0.8389,4.55,weight_loss
U406,31,female,172,66.8,22.58,1392,2645,Very Active,2.4,2618,14683,726,175,4,8.2,-27,-1.02,700,43.75,219.81,0.2,1.089,39.6,0.5263,0.9898,4.15,fitness_improvement
U407,24,male,187,72.4,20.7,1737,2666,Moderate,2.8,2850,10980,501,124,4,8.3,184,6.9,496,31.0,151.66,0.3,1.172,36.82,0.6515,1.069,4.04,weight_gain
U408,49,female,159,82.1,32.47,1419,1703,Sedentary,1.8,1480,3060,117,25,1,6.4,-223,-13.09,25,25.0,37.27,-1.6,0.664,20.74,0.8332,0.8691,4.68,weight_loss
U409,40,male,182,86.1,25.99,1828,3153,Active,3.1,3228,12342,529,95,6,7.8,75,2.38,570,15.83,143.34,-0.2,1.091,36.62,0.5798,1.0238,5.57,fitness_improvement
U410,36,female,175,65.8,21.49,1415,1946,Light,2.7,1932,7725,384,89,3,7.9,-14,-0.72,267,29.67,117.4,-0.1,1.243,29.57,0.7271,0.9928,4.31,healthy_lifestyle
U411,20,male,172,59.8,20.21,1546,3015,Very Active,3.5,3210,15060,813,189,6,8.6,195,6.47,1134,31.5,251.84,0.6,1.774,50.42,0.5128,1.0647,4.3,weight_gain
U412,57,female,164,86.3,32.09,1470,1764,Sedentary,1.8,1510,3290,126,27,1,6.2,-254,-14.4,27,27.0,38.12,-1.8,0.632,20.44,0.8333,0.856,4.67,weight_loss
U413,33,male,179,78.4,24.47,1739,3000,Active,3.7,2940,11163,559,123,4,6.8,-60,-2.0,492,30.75,142.39,-1.2,1.43,38.27,0.5797,0.98,4.54,fitness_improvement
U414,29,female,161,61.7,23.8,1308,2256,Active,2.4,2329,7868,371,145,2,7.5,73,3.24,290,72.5,127.52,-0.5,1.179,36.56,0.5798,1.0324,2.56,healthy_lifestyle
U415,44,male,183,90.2,26.93,1860,2232,Sedentary,2.0,1800,3550,143,30,1,6.5,-432,-19.35,30,30.0,39.36,-1.5,0.672,24.75,0.8333,0.8065,4.77,weight_loss
U416,38,female,170,71.4,24.71,1438,2481,Active,2.8,2425,9786,497,153,5,7.5,-56,-2.26,765,30.6,137.06,-0.5,1.188,34.75,0.5796,0.9774,3.25,fitness_improvement
U417,25,male,176,65.9,21.27,1621,2513,Moderate,2.7,2730,10380,466,118,4,8.4,217,8.64,472,29.5,157.51,0.4,1.242,38.13,0.645,1.0864,3.95,weight_gain
U418,51,female,167,81.6,29.26,1430,1716,Sedentary,1.8,1500,3140,122,26,1,6.3,-216,-12.59,26,26.0,38.48,-1.7,0.668,21.03,0.8333,0.8741,4.69,weight_loss
U419,42,male,189,93.4,26.15,1920,3312,Active,3.7,3467,11646,599,136,7,8.4,155,4.68,952,19.43,124.69,0.4,1.2,35.46,0.5797,1.0468,4.4,fitness_improvement
U420,27,female,174,63.4,20.94,1380,2380,Active,2.7,2312,9255,365,91,3,8.0,-68,-2.86,273,30.33,145.98,0.0,1.291,37.54,0.5798,0.9714,4.01,healthy_lifestyle
U421,19,male,175,58.7,19.17,1544,3001,Very Active,3.5,3190,15240,820,191,6,8.7,189,6.3,1146,31.83,259.63,0.7,1.807,51.12,0.5145,1.063,4.29,weight_gain
U422,58,female,162,81.4,31.02,1403,1684,Sedentary,1.7,1450,2950,113,24,1,6.1,-234,-13.9,24,24.0,36.24,-1.9,0.633,20.69,0.8331,0.861,4.71,weight_loss
U423,36,male,181,83.5,25.49,1790,2774,Moderate,3.1,2874,13446,491,89,4,7.4,100,3.6,356,22.25,161.03,-0.6,1.125,33.22,0.6453,1.036,5.52,fitness_improvement
U424,24,female,166,59.8,21.7,1294,2006,Moderate,2.3,2008,7947,416,79,3,7.7,2,0.1,237,26.33,132.89,-0.3,1.166,33.55,0.6451,1.001,5.27,healthy_lifestyle
U425,50,male,174,89.7,29.63,1739,2087,Sedentary,1.9,1760,3490,139,29,1,6.4,-327,-15.67,29,29.0,38.91,-1.6,0.642,23.27,0.8333,0.8433,4.79,weight_loss
U426,34,female,177,73.8,23.56,1481,2814,Very Active,2.6,2887,13315,577,135,3,7.7,73,2.59,405,45.0,180.42,-0.3,1.068,38.13,0.5263,1.0259,4.27,fitness_improvement
U427,26,male,182,69.8,21.07,1680,2587,Moderate,2.8,2780,10640,482,121,4,8.2,193,7.46,484,30.25,152.44,0.2,1.216,37.06,0.6494,1.0746,3.98,weight_gain
U428,46,female,160,77.6,30.31,1396,2094,Moderate,2.4,1790,7510,331,82,3,6.9,-304,-14.52,246,27.33,96.78,-1.1,0.937,26.98,0.6667,0.8548,4.04,weight_loss
U429,39,male,186,89.1,25.75,1900,3610,Very Active,2.5,3745,12170,545,135,6,7.8,135,3.74,810,22.5,136.59,-0.2,0.85,40.52,0.5263,1.0374,4.04,fitness_improvement
U430,30,female,168,64.5,22.85,1367,2119,Moderate,2.1,2111,9699,473,101,2,7.6,-8,-0.38,202,50.5,150.37,-0.4,0.987,32.85,0.6451,0.9962,4.68,healthy_lifestyle
U431,23,male,179,64.7,20.19,1631,2528,Moderate,2.7,2700,10410,463,117,4,8.5,172,6.8,468,29.25,160.9,0.5,1.265,39.07,0.6452,1.068,3.96,weight_gain
U432,53,female,165,84.9,31.18,1461,1753,Sedentary,1.8,1490,3220,126,27,1,6.2,-263,-15.0,27,27.0,37.93,-1.8,0.642,20.65,0.8334,0.85,4.67,weight_loss
U433,37,male,183,81.7,24.4,1795,3410,Very Active,3.5,3191,13351,560,141,4,6.9,-219,-6.42,564,35.25,163.41,-1.1,1.298,41.74,0.5264,0.9358,3.97,fitness_improvement
U434,28,female,170,62.3,21.56,1347,2088,Moderate,2.4,2015,8246,339,73,4,7.9,-73,-3.5,292,18.25,132.36,-0.1,1.167,33.52,0.6451,0.965,4.64,healthy_lifestyle
U435,48,male,176,88.8,28.67,1766,2120,Sedentary,1.9,1750,3380,137,29,1,6.4,-370,-17.45,29,29.0,38.06,-1.6,0.648,23.87,0.833,0.8255,4.72,weight_loss
U436,32,female,173,70.4,23.52,1439,2482,Active,2.8,2612,12659,634,128,5,7.7,130,5.24,640,25.6,179.82,-0.3,1.205,35.26,0.5798,1.0524,4.95,fitness_improvement
U437,21,male,169,57.9,20.27,1525,2974,Very Active,3.4,3150,14760,793,184,6,8.8,176,5.92,1104,30.67,254.92,0.8,1.779,51.36,0.5128,1.0592,4.31,weight_gain
U438,43,female,161,74.8,28.86,1368,2052,Moderate,2.4,1760,7230,321,78,3,6.9,-292,-14.23,234,26.0,96.66,-1.1,0.972,27.43,0.6667,0.8577,4.12,weight_loss
U439,41,male,180,87.5,27.01,1815,3131,Active,3.3,3190,12235,481,108,4,6.7,59,1.88,432,27.0,139.83,-1.3,1.143,35.78,0.5797,1.0188,4.45,fitness_improvement
U440,35,female,169,66.2,23.18,1402,2173,Moderate,2.6,2076,5575,271,66,3,8.0,-97,-4.46,198,22.0,84.21,0.0,1.19,32.82,0.6452,0.9554,4.11,healthy_lifestyle
U441,22,male,177,63.8,20.36,1618,2508,Moderate,2.6,2700,10260,458,116,4,8.5,192,7.66,464,29.0,160.82,0.5,1.235,39.31,0.6451,1.0766,3.95,weight_gain
U442,55,female,158,79.7,31.93,1385,1662,Sedentary,1.7,1450,3010,115,25,1,6.2,-212,-12.76,25,25.0,37.77,-1.8,0.646,20.85,0.8333,0.8724,4.6,weight_loss
U443,38,male,184,84.9,25.08,1845,3183,Active,3.2,3312,12306,554,144,5,7.1,129,4.05,720,28.8,144.95,-0.9,1.142,37.49,0.5796,1.0405,3.85,fitness_improvement
U444,26,female,167,58.9,21.12,1305,2023,Moderate,2.0,1982,6401,290,79,4,7.5,-41,-2.03,316,19.75,108.68,-0.5,1.029,34.35,0.6451,0.9797,3.67,healthy_lifestyle
U445,49,male,172,87.2,29.48,1708,2050,Sedentary,1.9,1740,3320,132,28,1,6.4,-310,-15.12,28,28.0,38.07,-1.6,0.66,23.51,0.8332,0.8488,4.71,weight_loss
U446,33,female,176,72.8,23.5,1459,2517,Active,3.0,2564,10203,570,126,4,8.0,47,1.87,504,31.5,140.15,0.0,1.249,34.57,0.5797,1.0187,4.52,fitness_improvement
U447,20,male,173,60.1,20.08,1559,3040,Very Active,3.5,3200,15080,807,189,6,8.7,160,5.26,1134,31.5,250.92,0.7,1.765,50.58,0.5128,1.0526,4.27,weight_gain
U448,45,female,164,76.2,28.33,1375,2063,Moderate,2.4,1780,7350,324,79,3,6.8,-283,-13.72,237,26.33,96.46,-1.2,0.954,27.07,0.6665,0.8628,4.1,weight_loss
U449,40,male,187,91.5,26.17,1900,2945,Moderate,2.8,2965,12388,551,136,4,7.6,20,0.68,544,34.0,135.39,-0.4,0.927,32.19,0.6452,1.0068,4.05,fitness_improvement
U450,29,female,171,63.8,21.82,1375,1891,Light,2.5,1900,6342,241,35,2,7.8,9,0.48,70,17.5,99.4,-0.2,1.187,29.64,0.7271,1.0048,6.89,healthy_lifestyle
U451,24,male,180,67.1,20.71,1650,2558,Moderate,2.7,2740,10520,471,119,4,8.4,182,7.11,476,29.75,156.78,0.4,1.219,38.12,0.645,1.0711,3.96,weight_gain
U452,52,female,166,82.8,30.05,1443,1732,Sedentary,1.8,1490,3120,120,26,1,6.3,-242,-13.97,26,26.0,37.68,-1.7,0.659,20.92,0.8331,0.8603,4.62,weight_loss
U453,36,male,182,82.9,25.03,1793,3093,Active,2.9,3079,7800,430,133,5,7.3,-14,-0.45,665,26.6,94.09,-0.7,1.06,37.31,0.5797,0.9955,3.23,fitness_improvement
U454,27,female,159,57.4,22.7,1259,2172,Active,1.8,2114,9925,429,112,3,8.0,-58,-2.67,336,37.33,172.91,0.0,0.95,37.84,0.5797,0.9733,3.83,healthy_lifestyle
U455,47,male,175,90.4,29.52,1757,2108,Sedentary,1.9,1770,3430,137,29,1,6.4,-338,-16.03,29,29.0,37.94,-1.6,0.637,23.32,0.8335,0.8397,4.72,weight_loss
U456,34,female,172,68.7,23.22,1410,2186,Moderate,2.3,2225,12470,548,148,4,7.7,39,1.78,592,37.0,181.51,-0.3,1.015,31.82,0.645,1.0178,3.7,fitness_improvement
U457,19,male,178,58.2,18.37,1563,3048,Very Active,3.5,3210,15320,819,192,6,8.8,162,5.31,1152,32.0,263.23,0.8,1.822,52.37,0.5128,1.0531,4.27,weight_gain
U458,42,female,163,75.1,28.27,1371,2057,Moderate,2.4,1770,7140,318,77,3,6.9,-287,-13.95,231,25.67,95.07,-1.1,0.968,27.39,0.6665,0.8605,4.13,weight_loss
U459,39,male,185,86.7,25.33,1880,3243,Active,4.0,3224,7800,415,87,4,7.4,-19,-0.59,348,21.75,89.97,-0.6,1.398,37.4,0.5797,0.9941,4.77,fitness_improvement
U460,31,female,169,65.3,22.86,1380,2139,Moderate,2.5,2114,6388,254,61,2,7.6,-25,-1.17,122,30.5,97.83,-0.4,1.16,32.76,0.6452,0.9883,4.16,healthy_lifestyle
U461,25,male,176,66.4,21.44,1631,2538,Moderate,2.7,2720,10370,461,117,4,8.5,182,7.17,468,29.25,156.17,0.5,1.232,38.22,0.6426,1.0717,3.94,weight_gain
U462,56,female,160,83.5,32.62,1443,1732,Sedentary,1.8,1480,2990,116,25,1,6.2,-252,-14.55,25,25.0,35.81,-1.8,0.653,20.74,0.8331,0.8545,4.64,weight_loss
U463,43,male,181,89.3,27.26,1870,3226,Active,3.8,3340,8784,557,159,4,7.5,114,3.53,636,39.75,98.37,-0.5,1.289,36.13,0.5797,1.0353,3.5,fitness_improvement
U464,29,female,174,62.7,20.71,1381,2141,Moderate,2.5,2000,8875,412,116,2,7.2,-141,-6.59,232,58.0,141.55,-0.8,1.208,34.15,0.645,0.9341,3.55,healthy_lifestyle
U465,51,male,173,91.7,30.64,1750,2100,Sedentary,1.9,1750,3360,136,29,1,6.3,-350,-16.67,29,29.0,36.64,-1.7,0.628,22.9,0.8333,0.8333,4.69,weight_loss
U466,37,female,178,74.2,23.42,1490,2310,Moderate,2.1,2193,12591,643,145,3,7.8,-117,-5.06,435,48.33,169.69,-0.2,0.858,31.13,0.645,0.9494,4.43,fitness_improvement
U467,23,male,171,61.2,20.93,1572,3065,Very Active,3.5,3230,14980,804,188,6,8.7,165,5.38,1128,31.33,244.77,0.7,1.733,50.08,0.5129,1.0538,4.28,weight_gain
U468,48,female,165,77.3,28.39,1397,2096,Moderate,2.4,1800,7410,327,80,3,6.8,-296,-14.12,240,26.67,95.86,-1.2,0.941,27.12,0.6665,0.8588,4.09,weight_loss
U469,40,male,183,88.4,26.4,1862,2886,Moderate,2.8,2846,12636,635,146,4,7.0,-40,-1.39,584,36.5,142.94,-1.0,0.96,32.65,0.6452,0.9861,4.35,fitness_improvement
U470,33,female,167,63.1,22.63,1348,2089,Moderate,2.5,2062,8671,357,88,3,7.3,-27,-1.29,264,29.33,137.42,-0.7,1.201,33.11,0.6453,0.9871,4.06,healthy_lifestyle
U471,21,male,179,62.6,19.54,1619,2509,Moderate,2.7,2690,10190,453,115,4,8.6,181,7.21,460,28.75,162.78,0.6,1.307,40.08,0.6453,1.0721,3.94,weight_gain
U472,54,female,162,85.6,32.62,1459,1751,Sedentary,1.8,1490,3080,123,26,1,6.2,-261,-14.91,26,26.0,35.98,-1.8,0.637,20.46,0.8332,0.8509,4.73,weight_loss
U473,35,male,180,80.8,24.94,1768,3050,Active,3.0,3284,9766,567,174,5,7.5,234,7.67,870,34.8,120.87,-0.5,1.125,37.75,0.5797,1.0767,3.26,fitness_improvement
U474,28,female,170,61.8,21.38,1343,2082,Moderate,2.3,2157,8419,403,60,4,7.7,75,3.6,240,15.0,136.23,-0.3,1.128,33.69,0.6451,1.036,6.72,healthy_lifestyle
U475,46,male,177,86.5,27.61,1747,2096,Sedentary,1.9,1740,3410,135,29,1,6.4,-356,-16.98,29,29.0,39.42,-1.6,0.666,24.23,0.8335,0.8302,4.66,weight_loss
U476,32,female,173,70.8,23.66,1439,2230,Moderate,2.6,2192,10554,421,86,4,7.3,-38,-1.7,344,21.5,149.07,-0.7,1.113,31.5,0.6453,0.983,4.9,fitness_improvement
U477,18,male,174,55.9,18.46,1518,2960,Very Active,3.4,3150,14720,783,183,6,8.8,190,6.42,1098,30.5,263.33,0.8,1.843,52.95,0.5128,1.0642,4.28,weight_gain
U478,44,female,160,73.5,28.71,1358,2037,Moderate,2.4,1760,7040,309,76,3,6.9,-277,-13.6,228,25.33,95.78,-1.1,0.989,27.71,0.6667,0.864,4.07,weight_loss
U479,41,male,186,92.6,26.77,1924,3656,Very Active,3.0,3644,12732,438,65,4,6.6,-12,-0.33,260,16.25,137.49,-1.4,0.982,39.48,0.5263,0.9967,6.74,fitness_improvement
U480,30,female,168,65.7,23.28,1381,2141,Moderate,2.6,2194,8254,381,59,3,7.3,53,2.48,177,19.67,125.63,-0.7,1.199,32.59,0.645,1.0248,6.46,healthy_lifestyle
U481,26,male,181,68.5,20.91,1663,2588,Moderate,2.8,2770,10680,477,120,4,8.5,182,7.03,480,30.0,155.91,0.5,1.239,37.78,0.6426,1.0703,3.98,weight_gain
U482,50,female,164,81.8,30.41,1428,1714,Sedentary,1.8,1490,3100,122,26,1,6.2,-224,-13.07,26,26.0,37.9,-1.8,0.667,20.95,0.8331,0.8693,4.69,weight_loss
U483,38,male,184,85.2,25.17,1848,3188,Active,4.0,3105,10953,637,153,5,6.9,-83,-2.6,765,30.6,128.56,-1.1,1.423,37.42,0.5797,0.974,4.16,fitness_improvement
U484,23,female,166,58.3,21.16,1282,1987,Moderate,2.1,1981,8698,275,42,2,7.7,-6,-0.3,84,21.0,149.19,-0.3,1.092,34.08,0.6452,0.997,6.55,healthy_lifestyle
U485,53,male,172,83.8,28.33,1669,2003,Sedentary,1.8,1680,3270,131,28,1,6.3,-323,-16.13,28,28.0,39.02,-1.7,0.651,23.9,0.8333,0.8387,4.68,weight_loss
U486,36,female,175,71.9,23.48,1458,2515,Active,2.9,2557,15725,739,145,4,8.3,42,1.67,580,36.25,218.71,0.3,1.222,34.98,0.5797,1.0167,5.1,fitness_improvement
U487,20,male,177,60.8,19.41,1580,3002,Very Active,3.5,3180,15140,808,190,6,8.7,178,5.93,1140,31.67,249.01,0.7,1.744,49.38,0.5263,1.0593,4.25,weight_gain
U488,47,female,159,78.6,31.09,1400,1680,Moderate,2.4,1780,7280,322,79,3,6.8,100,5.95,237,26.33,92.62,-1.2,0.925,21.37,0.8333,1.0595,4.08,weight_loss
U489,42,male,182,90.1,27.2,1884,3250,Active,3.6,3182,11797,548,150,5,7.7,-68,-2.09,750,30.0,130.93,-0.3,1.211,36.07,0.5797,0.9791,3.65,fitness_improvement
U490,34,female,171,64.9,22.19,1380,2139,Moderate,2.6,2157,5600,197,61,2,8.5,18,0.84,122,30.5,86.29,0.5,1.214,32.96,0.6452,1.0084,3.23,healthy_lifestyle
U491,24,male,180,67.8,20.93,1660,2573,Moderate,2.7,2740,10490,467,118,4,8.5,167,6.49,472,29.5,154.72,0.5,1.207,37.95,0.6452,1.0649,3.96,weight_gain
U492,55,female,163,82.7,31.13,1439,1727,Sedentary,1.8,1490,3030,119,25,1,6.2,-237,-13.72,25,25.0,36.64,-1.8,0.66,20.88,0.8332,0.8628,4.76,weight_loss
U493,39,male,185,87.9,25.68,1891,2931,Moderate,3.1,2927,12514,581,131,6,6.7,-4,-0.14,786,21.83,142.37,-1.3,1.069,33.34,0.6452,0.9986,4.44,fitness_improvement
U494,27,female,169,62.1,21.74,1354,2336,Active,2.5,2268,8095,392,102,2,7.3,-68,-2.91,204,51.0,130.35,-0.7,1.22,37.62,0.5796,0.9709,3.84,healthy_lifestyle
U495,49,male,174,92.4,30.52,1751,2101,Sedentary,1.9,1750,3340,134,28,1,6.4,-351,-16.71,28,28.0,36.15,-1.6,0.623,22.74,0.8334,0.8329,4.79,weight_loss
U496,33,female,176,69.8,22.53,1435,2726,Very Active,2.9,2821,14630,678,165,4,6.6,95,3.48,660,41.25,209.6,-1.4,1.259,39.05,0.5264,1.0348,4.11,fitness_improvement
U497,22,male,173,63.5,21.22,1603,2485,Moderate,2.7,2700,10270,458,116,4,8.6,215,8.65,464,29.0,161.73,0.6,1.288,39.13,0.6451,1.0865,3.95,weight_gain
U498,52,female,167,84.7,30.37,1459,1751,Sedentary,1.8,1490,3150,127,27,1,6.3,-261,-14.91,27,27.0,37.19,-1.7,0.644,20.67,0.8332,0.8509,4.7,weight_loss
U499,40,male,181,84.6,25.82,1819,3138,Active,3.1,3077,11012,499,149,5,7.4,-61,-1.94,745,29.8,130.17,-0.6,1.11,37.09,0.5797,0.9806,3.35,fitness_improvement
U500,31,female,170,63.6,22.01,1370,1884,Light,2.0,1947,7813,348,88,1,6.1,63,3.34,88,88.0,122.85,-1.9,0.953,29.62,0.7272,1.0334,3.95,maintenance
U501,49,male,184,82.7,24.43,1735,3296,Very Active,3.1,3403,8717,474,131,4,8.3,107,3.25,524,32.75,105.41,0.3,1.136,39.85,0.5264,1.0325,3.62,fitness_improvement
U502,34,female,167,67.2,24.1,1386,2146,Moderate,2.8,1832,8820,501,118,4,7.1,-314,-14.63,472,29.5,131.25,-0.9,1.263,31.93,0.6459,0.8537,4.25,weight_loss
U503,25,female,167,63.9,22.91,1399,2151,Moderate,2.7,1804,8911,544,116,3,7.7,-347,-16.13,348,38.67,139.45,-0.3,1.28,33.66,0.6504,0.8387,4.69,weight_loss
U504,31,male,181,74.3,22.68,1726,2682,Moderate,3.1,2887,10690,612,135,2,7.2,205,7.64,270,67.5,143.88,-0.8,1.264,36.1,0.6435,1.0764,4.53,weight_gain
U505,50,female,163,63.1,23.75,1239,1920,Moderate,2.3,2029,9031,518,83,3,7.7,109,5.68,249,27.67,143.12,-0.3,1.105,30.43,0.6453,1.0568,6.24,healthy_lifestyle
U506,41,female,163,64.4,24.24,1297,2003,Moderate,2.6,1734,8133,429,96,3,7.3,-269,-13.43,288,32.0,126.29,-0.7,1.223,31.1,0.6475,0.8657,4.47,weight_loss
U507,45,male,182,79.8,24.09,1714,2657,Moderate,3.3,2747,11608,538,137,5,7.3,90,3.39,685,27.4,145.46,-0.7,1.253,33.3,0.6451,1.0339,3.93,fitness_improvement
U508,56,male,177,78.7,25.12,1621,2428,Moderate,2.8,2565,7472,391,88,2,7.3,137,5.64,176,44.0,94.94,-0.7,1.078,30.85,0.6676,1.0564,4.44,weight_gain
U509,28,male,182,59.9,18.08,1604,2767,Active,1.8,2883,10440,360,64,6,8.2,116,4.19,384,10.67,174.29,0.2,0.911,46.19,0.5797,1.0419,5.62,fitness_improvement
U510,36,female,166,61.2,22.21,1311,2261,Active,2.5,2425,10550,427,108,2,8.7,164,7.25,216,54.0,172.39,0.7,1.238,36.94,0.5798,1.0725,3.95,healthy_lifestyle
U511,23,female,161,68.9,26.58,1420,2201,Moderate,2.8,2214,10608,379,45,3,8.0,13,0.59,135,15.0,153.96,0.0,1.231,31.94,0.6452,1.0059,8.42,healthy_lifestyle
U512,21,male,180,62.5,19.29,1653,2576,Moderate,3.0,2787,9767,502,118,3,7.1,211,8.19,354,39.33,156.27,-0.9,1.455,41.22,0.6417,1.0819,4.25,weight_gain
U513,40,female,162,64.9,24.73,1301,2022,Moderate,2.8,1684,12021,556,140,2,7.5,-338,-16.72,280,70.0,185.22,-0.5,1.307,31.16,0.6434,0.8328,3.97,weight_loss
U514,33,female,160,49.7,19.41,1168,2015,Active,2.3,2035,8657,403,145,5,7.6,20,0.99,725,29.0,174.19,-0.4,1.402,40.54,0.5797,1.0099,2.78,fitness_improvement
U515,24,male,177,63.1,20.14,1624,3086,Very Active,2.5,3364,11352,537,182,3,7.7,278,9.01,546,60.67,179.9,-0.3,1.201,48.91,0.5262,1.0901,2.95,fitness_improvement
U516,56,male,188,92.7,26.23,1829,2588,Light,2.9,2295,6224,337,81,2,7.2,-293,-11.32,162,40.5,67.14,-0.8,0.948,27.92,0.7067,0.8868,4.16,weight_loss
U517,56,female,169,80.8,28.29,1422,1922,Light,2.5,1536,5859,332,72,2,6.6,-386,-20.08,144,36.0,72.51,-1.4,0.938,23.79,0.7399,0.7992,4.61,weight_loss
U518,23,female,162,72.4,27.59,1461,2520,Active,3.2,2626,10501,549,164,5,6.7,106,4.21,820,32.8,145.04,-1.3,1.339,34.81,0.5798,1.0421,3.35,fitness_improvement
U519,43,male,179,91.8,28.65,1829,2157,Sedentary,2.8,1973,3447,185,42,1,7.4,-184,-8.53,42,42.0,37.55,-0.6,0.924,23.5,0.8479,0.9147,4.4,weight_loss
U520,52,male,177,71.3,22.76,1564,2651,Active,3.1,2283,13443,770,153,4,7.3,-368,-13.88,612,38.25,188.54,-0.7,1.318,37.18,0.59,0.8612,5.03,weight_loss
U521,52,male,176,96.6,31.19,1810,2129,Sedentary,2.8,1838,4173,225,54,1,6.7,-291,-13.67,54,54.0,43.2,-1.3,0.878,22.04,0.8502,0.8633,4.17,weight_loss
U522,36,female,166,79.5,28.85,1494,1829,Sedentary,2.6,1491,3208,172,40,1,6.4,-338,-18.48,40,40.0,40.35,-1.6,0.991,23.01,0.8168,0.8152,4.3,weight_loss
U523,39,male,191,84.3,23.11,1844,2497,Light,2.9,2077,7950,451,101,2,7.9,-420,-16.82,202,50.5,94.31,-0.1,1.042,29.62,0.7385,0.8318,4.47,weight_loss
U524,52,female,162,58.1,22.14,1173,2023,Active,1.9,2056,13418,582,119,6,8.0,33,1.63,714,19.83,230.95,0.0,0.991,34.82,0.5798,1.0163,4.89,fitness_improvement
U525,46,male,167,75.0,26.89,1572,2095,Light,2.8,1788,6280,307,78,3,7.4,-307,-14.65,234,26.0,83.73,-0.6,1.131,27.93,0.7504,0.8535,3.94,weight_loss
U526,56,female,172,71.8,24.27,1352,2353,Active,3.0,2471,12037,613,151,4,7.9,118,5.01,604,37.75,167.65,-0.1,1.266,32.77,0.5746,1.0501,4.06,weight_gain
U527,42,female,172,66.1,22.34,1365,2389,Active,2.8,2230,10377,499,121,5,8.0,-159,-6.66,605,24.2,156.99,0.0,1.284,36.14,0.5714,0.9334,4.12,weight_loss
U528,50,male,178,71.4,22.54,1583,2731,Active,2.4,2661,11861,563,165,4,7.3,-70,-2.56,660,41.25,166.12,-0.7,1.019,38.25,0.5796,0.9744,3.41,fitness_improvement
U529,39,female,169,73.8,25.84,1435,2475,Active,2.4,2479,11305,640,171,6,7.9,4,0.16,1026,28.5,153.18,-0.1,0.985,33.54,0.5798,1.0016,3.74,fitness_improvement
U530,49,female,164,65.6,24.39,1276,2017,Moderate,2.6,2231,8984,493,122,4,7.4,214,10.61,488,30.5,136.95,-0.6,1.201,30.75,0.6326,1.1061,4.04,weight_gain
U531,43,female,170,65.8,22.77,1345,2320,Active,2.6,2447,11614,642,192,4,7.0,127,5.47,768,48.0,176.5,-1.0,1.197,35.26,0.5797,1.0547,3.34,fitness_improvement
U532,36,male,168,61.3,21.72,1491,2599,Active,3.1,2356,10264,479,111,5,7.4,-243,-9.35,555,22.2,167.44,-0.6,1.532,42.4,0.5737,0.9065,4.32,weight_loss
U533,19,male,179,57.6,17.98,1603,2485,Moderate,2.2,2684,6796,337,83,1,7.7,199,8.01,83,83.0,117.99,-0.3,1.157,43.14,0.6451,1.0801,4.06,healthy_lifestyle
U534,44,male,183,96.9,28.93,1898,2210,Sedentary,2.6,1946,2791,151,36,1,6.0,-264,-11.95,36,36.0,28.8,-2.0,0.813,22.81,0.8588,0.8805,4.19,weight_loss
U535,46,female,160,52.3,20.43,1134,1923,Active,2.6,1781,12885,635,152,4,8.2,-142,-7.38,608,38.0,246.37,0.2,1.506,36.77,0.5897,0.9262,4.18,weight_loss
U536,48,female,168,76.8,27.21,1417,2196,Moderate,3.8,2144,8063,357,78,3,7.8,-52,-2.37,234,26.0,104.99,-0.2,1.499,28.59,0.6453,0.9763,4.58,healthy_lifestyle
U537,28,female,173,59.9,20.01,1378,2181,Moderate,2.8,1929,12161,664,156,3,7.4,-252,-11.55,468,52.0,203.02,-0.6,1.417,36.41,0.6318,0.8845,4.26,weight_loss
U538,37,female,166,71.7,26.02,1408,1701,Sedentary,2.5,1255,3358,150,40,1,6.9,-446,-26.22,40,40.0,46.83,-1.1,1.057,23.72,0.8277,0.7378,3.75,weight_loss
U539,30,female,177,78.1,24.93,1574,1902,Sedentary,2.6,2078,3736,212,47,1,6.9,176,9.25,47,47.0,47.84,-1.1,1.009,24.35,0.8275,1.0925,4.51,weight_gain
U540,40,male,194,90.0,23.91,1915,2633,Light,3.5,2518,6542,340,109,4,8.0,-115,-4.37,436,27.25,72.69,0.0,1.178,29.26,0.7273,0.9563,3.12,healthy_lifestyle
U541,33,male,185,91.1,26.62,1904,2306,Sedentary,2.9,1867,3202,151,36,1,6.7,-439,-19.04,36,36.0,35.15,-1.3,0.965,25.31,0.8257,0.8096,4.19,weight_loss
U542,46,male,174,65.9,21.77,1519,2329,Moderate,3.1,1924,11200,602,135,4,6.9,-405,-17.39,540,33.75,169.95,-1.1,1.425,35.34,0.6522,0.8261,4.46,weight_loss
U543,33,female,170,64.0,22.15,1375,2102,Moderate,2.9,1807,12438,583,146,4,7.6,-295,-14.03,584,36.5,194.34,-0.4,1.373,32.84,0.6541,0.8597,3.99,weight_loss
U544,38,female,166,65.7,23.84,1342,2065,Moderate,2.6,1836,11970,579,154,3,7.6,-229,-11.09,462,51.33,182.19,-0.4,1.199,31.43,0.6499,0.8891,3.76,weight_loss
U545,38,male,173,70.4,23.52,1602,2495,Moderate,3.0,2744,10620,572,131,4,6.8,249,9.98,524,32.75,150.85,-1.2,1.291,35.44,0.6421,1.0998,4.37,weight_gain
U546,54,male,180,66.0,20.37,1519,2604,Active,3.0,2799,13371,619,155,4,8.4,195,7.49,620,38.75,202.59,0.4,1.377,39.45,0.5833,1.0749,3.99,weight_gain
U547,55,female,170,68.2,23.6,1311,2006,Moderate,2.8,1654,8552,419,98,3,7.8,-352,-17.55,294,32.67,125.4,-0.2,1.244,29.41,0.6535,0.8245,4.28,weight_loss
U548,39,male,185,64.4,18.82,1614,2784,Active,2.5,2715,10400,535,103,4,8.5,-69,-2.48,412,25.75,161.49,0.5,1.176,43.23,0.5797,0.9752,5.19,healthy_lifestyle
U549,36,female,175,72.8,23.77,1479,2292,Moderate,2.8,2274,9766,476,102,1,7.6,-18,-0.79,102,102.0,134.15,-0.4,1.166,31.48,0.6453,0.9921,4.67,healthy_lifestyle
U550,31,female,173,64.5,21.55,1408,2429,Active,2.5,2586,12190,582,119,3,7.5,157,6.46,357,39.67,188.99,-0.5,1.175,37.66,0.5797,1.0646,4.89,fitness_improvement
U551,45,female,160,65.5,25.59,1270,1968,Moderate,2.4,2080,12879,590,138,5,7.6,112,5.69,690,27.6,196.63,-0.4,1.11,30.05,0.6453,1.0569,4.28,fitness_improvement
U552,39,female,173,63.3,21.15,1359,2582,Very Active,2.1,2666,10051,517,167,3,7.4,84,3.25,501,55.67,158.78,-0.6,1.005,40.79,0.5263,1.0325,3.1,fitness_improvement
U553,54,female,168,80.2,28.42,1422,2036,Light,2.7,1654,6546,365,81,2,6.8,-382,-18.76,162,40.5,81.62,-1.2,1.02,25.39,0.6984,0.8124,4.51,weight_loss
U554,48,female,176,79.7,25.73,1496,2842,Very Active,2.6,2731,9977,533,147,4,7.7,-111,-3.91,588,36.75,125.18,-0.3,0.989,35.66,0.5264,0.9609,3.63,fitness_improvement
U555,35,male,173,53.6,17.91,1445,2240,Moderate,2.0,2289,13733,515,111,6,7.3,49,2.19,666,18.5,256.21,-0.7,1.131,41.79,0.6451,1.0219,4.64,fitness_improvement
U556,19,female,167,56.0,20.08,1349,1869,Light,2.6,2033,6646,407,86,2,8.1,164,8.77,172,43.0,118.68,0.1,1.407,33.38,0.7218,1.0877,4.73,weight_gain
U557,51,male,175,70.6,23.05,1551,2675,Active,2.6,2572,10373,552,136,3,7.1,-103,-3.85,408,45.33,146.93,-0.9,1.116,37.89,0.5798,0.9615,4.06,fitness_improvement
U558,30,female,160,62.8,24.53,1314,1798,Light,2.5,1445,6468,341,86,2,7.2,-353,-19.63,172,43.0,102.99,-0.8,1.206,28.63,0.7308,0.8037,3.97,weight_loss
U559,30,female,165,53.2,19.54,1252,1940,Moderate,2.6,2068,9590,494,109,3,7.8,128,6.6,327,36.33,180.26,-0.2,1.481,36.47,0.6454,1.066,4.53,weight_gain
U560,39,female,156,61.4,25.23,1233,1922,Moderate,2.7,1647,7076,370,83,2,7.1,-275,-14.31,166,41.5,115.24,-0.9,1.333,31.3,0.6415,0.8569,4.46,weight_loss
U561,19,female,166,71.4,25.91,1495,2317,Moderate,2.5,2208,9321,479,162,3,8.3,-109,-4.7,486,54.0,130.55,0.3,1.061,32.45,0.6452,0.953,2.96,fitness_improvement
U562,18,male,181,59.0,18.01,1637,2537,Moderate,2.1,2740,8938,504,122,2,7.6,203,8.0,244,61.0,151.49,-0.4,1.079,43.0,0.6453,1.08,4.13,healthy_lifestyle
U563,24,male,185,65.8,19.23,1702,2936,Active,2.8,2907,8708,418,80,2,7.3,-29,-0.99,160,40.0,132.34,-0.7,1.289,44.62,0.5797,0.9901,5.22,healthy_lifestyle
U564,47,female,167,56.5,20.26,1210,2096,Active,2.6,1810,10526,508,132,4,8.2,-286,-13.65,528,33.0,186.3,0.2,1.394,37.1,0.5773,0.8635,3.85,weight_loss
U565,40,male,179,72.3,22.56,1649,2501,Moderate,3.0,2252,7087,367,82,4,7.5,-249,-9.96,328,20.5,98.02,-0.5,1.257,34.59,0.6593,0.9004,4.48,weight_loss
U566,52,female,171,84.7,28.97,1497,2320,Moderate,3.1,2250,11370,590,129,3,7.9,-70,-3.02,387,43.0,134.24,-0.1,1.109,27.39,0.6453,0.9698,4.57,healthy_lifestyle
U567,49,male,179,60.6,18.91,1487,2840,Very Active,3.2,3059,13966,741,178,5,8.1,219,7.71,890,35.6,230.46,0.1,1.6,46.86,0.5236,1.0771,4.16,weight_gain
U568,32,female,158,67.2,26.92,1338,1607,Sedentary,2.5,1359,3527,159,47,1,6.0,-248,-15.43,47,47.0,52.49,-2.0,1.127,23.91,0.8326,0.8457,3.38,weight_loss
U569,56,female,160,78.6,30.7,1348,2325,Active,3.6,2356,12577,657,148,4,8.0,31,1.33,592,37.0,160.01,0.0,1.388,29.58,0.5798,1.0133,4.44,fitness_improvement
U570,56,female,184,77.6,22.92,1485,2346,Moderate,2.9,2088,9465,539,125,4,7.8,-258,-11.0,500,31.25,121.97,-0.2,1.132,30.23,0.633,0.89,4.31,weight_loss
U571,23,female,153,57.7,24.65,1260,1953,Moderate,2.2,1892,10014,488,65,2,7.3,-61,-3.12,130,32.5,173.55,-0.7,1.155,33.85,0.6452,0.9688,7.51,healthy_lifestyle
U572,39,male,180,79.1,24.41,1724,2676,Moderate,2.9,2394,7430,393,93,2,7.1,-282,-10.54,186,46.5,93.93,-0.9,1.111,33.83,0.6442,0.8946,4.23,weight_loss
U573,49,female,158,51.3,20.55,1094,1887,Active,1.9,1931,12611,595,152,5,7.0,44,2.33,760,30.4,245.83,-1.0,1.122,36.78,0.5798,1.0233,3.91,fitness_improvement
U574,24,female,171,65.3,22.33,1443,2003,Light,2.5,1673,6536,348,82,2,7.1,-330,-16.48,164,41.0,100.09,-0.9,1.16,30.67,0.7204,0.8352,4.24,weight_loss
U575,34,male,178,64.8,20.45,1598,2778,Active,3.2,2613,10830,672,143,4,7.3,-165,-5.94,572,35.75,167.13,-0.7,1.496,42.87,0.5752,0.9406,4.7,weight_loss
U576,39,female,163,67.4,25.37,1337,1817,Light,2.6,1543,6819,373,84,3,7.0,-274,-15.08,252,28.0,101.17,-1.0,1.169,26.96,0.7358,0.8492,4.44,weight_loss
U577,32,male,188,63.5,17.97,1655,3072,Very Active,3.3,3334,13717,787,180,5,8.3,262,8.53,900,36.0,216.02,0.3,1.575,48.38,0.5387,1.0853,4.37,weight_gain
U578,42,female,163,51.3,19.31,1160,1812,Moderate,2.2,1962,9471,545,122,4,7.6,150,8.28,488,30.5,184.62,-0.4,1.3,35.32,0.6402,1.0828,4.47,weight_gain
U579,56,male,178,76.5,24.14,1602,2483,Moderate,2.9,2582,9948,471,64,4,7.7,99,3.99,256,16.0,130.04,-0.3,1.149,32.46,0.6452,1.0399,7.36,healthy_lifestyle
U580,20,female,163,55.1,20.74,1311,2057,Moderate,2.6,1813,10939,607,146,3,7.5,-244,-11.86,438,48.67,198.53,-0.5,1.43,37.33,0.6373,0.8814,4.16,weight_loss
U581,43,female,169,67.0,23.46,1353,2038,Moderate,2.8,1719,11072,600,143,4,7.6,-319,-15.65,572,35.75,165.25,-0.4,1.266,30.42,0.6639,0.8435,4.2,weight_loss
U582,30,male,186,62.2,17.98,1639,3162,Very Active,3.4,3333,17137,963,225,6,8.2,171,5.41,1350,37.5,275.51,0.2,1.656,50.84,0.5183,1.0541,4.28,weight_gain
U583,37,male,182,96.1,29.01,1919,2320,Sedentary,2.8,1956,3016,138,37,1,6.5,-364,-15.69,37,37.0,31.38,-1.5,0.883,24.14,0.8272,0.8431,3.73,weight_loss
U584,55,male,176,92.5,29.86,1755,2119,Sedentary,2.8,1665,3567,163,39,1,6.8,-454,-21.43,39,39.0,38.56,-1.2,0.917,22.91,0.8282,0.7857,4.18,weight_loss
U585,48,female,172,67.8,22.92,1353,2117,Moderate,2.7,2373,11788,641,156,2,7.6,256,12.09,312,78.0,173.86,-0.4,1.207,31.22,0.6391,1.1209,4.11,weight_gain
U586,53,female,169,66.7,23.35,1299,1786,Light,2.1,1801,6817,275,44,1,5.8,15,0.84,44,44.0,102.2,-2.2,0.954,26.78,0.7273,1.0084,6.25,maintenance
U587,27,female,174,64.7,21.37,1438,2234,Moderate,2.9,2513,9136,514,124,4,7.6,279,12.49,496,31.0,141.21,-0.4,1.358,34.53,0.6437,1.1249,4.15,weight_gain
U588,24,female,168,70.3,24.91,1471,1758,Sedentary,2.4,1974,3324,151,38,1,7.0,216,12.29,38,38.0,47.28,-1.0,1.035,25.01,0.8367,1.1229,3.97,weight_gain
U589,35,male,187,75.4,21.56,1751,3020,Active,3.3,3131,8363,478,109,4,7.8,111,3.68,436,27.25,110.92,-0.2,1.326,40.05,0.5798,1.0368,4.39,fitness_improvement
U590,24,female,170,57.2,19.79,1352,1859,Light,2.0,1899,6333,256,99,3,6.2,40,2.15,297,33.0,110.72,-1.8,1.06,32.5,0.7273,1.0215,2.59,maintenance
U591,35,male,171,75.0,25.65,1652,2850,Active,2.7,2949,9071,563,105,3,7.5,99,3.47,315,35.0,120.95,-0.5,1.091,38.0,0.5796,1.0347,5.36,healthy_lifestyle
U592,54,male,185,104.5,30.53,1935,3676,Very Active,3.7,3758,11374,546,172,6,7.0,82,2.23,1032,28.67,108.84,-1.0,1.073,35.18,0.5264,1.0223,3.17,fitness_improvement
U593,44,male,177,69.8,22.28,1586,2721,Active,3.1,2444,10189,598,126,5,7.0,-277,-10.18,630,25.2,145.97,-1.0,1.346,38.98,0.5829,0.8982,4.75,weight_loss
U594,26,male,164,55.3,20.56,1453,2507,Active,3.1,2779,10161,577,124,5,7.0,272,10.85,620,24.8,183.74,-1.0,1.699,45.33,0.5796,1.1085,4.65,weight_gain
U595,34,male,175,54.9,17.93,1475,2803,Very Active,3.3,2503,17004,755,194,6,8.4,-300,-10.7,1164,32.33,309.73,0.4,1.821,51.06,0.5262,0.893,3.89,weight_loss
U596,28,female,180,60.7,18.73,1429,1715,Sedentary,1.7,1700,5552,238,49,2,8.2,-15,-0.87,98,24.5,91.47,0.2,0.849,28.25,0.8332,0.9913,4.86,maintenance
U597,51,male,180,71.8,22.16,1594,2513,Moderate,2.9,2739,7176,344,90,3,7.7,226,8.99,270,30.0,99.94,-0.3,1.224,35.0,0.6343,1.0899,3.82,weight_gain
U598,49,female,171,67.3,23.02,1336,2394,Active,3.1,2520,10621,601,125,4,7.6,126,5.26,500,31.25,157.82,-0.4,1.396,35.57,0.5581,1.0526,4.81,weight_gain
U599,26,male,177,66.1,21.1,1645,2513,Moderate,2.9,2218,8837,516,112,3,7.2,-295,-11.74,336,37.33,133.69,-0.8,1.329,38.02,0.6546,0.8826,4.61,weight_loss
U600,19,male,167,72.8,26.1,1683,2073,Sedentary,2.7,1721,4011,233,51,1,6.0,-352,-16.98,51,51.0,55.1,-2.0,1.124,28.48,0.8119,0.8302,4.57,weight_loss
U601,26,female,168,56.1,19.88,1322,2512,Very Active,2.2,2571,13087,538,118,6,6.8,59,2.35,708,19.67,233.28,-1.2,1.188,44.78,0.5263,1.0235,4.56,fitness_improvement
U602,41,female,169,81.0,28.36,1498,1762,Sedentary,2.7,1933,3353,195,45,1,7.1,171,9.7,45,45.0,41.4,-0.9,1.01,21.75,0.8502,1.097,4.33,weight_gain
U603,56,female,171,64.3,21.99,1270,1980,Moderate,2.6,2146,8628,484,113,3,8.1,166,8.38,339,37.67,134.18,0.1,1.225,30.79,0.6414,1.0838,4.28,weight_gain
U604,38,male,175,68.8,22.47,1599,2437,Moderate,3.0,2273,10205,637,132,4,7.5,-164,-6.73,528,33.0,148.33,-0.5,1.321,35.42,0.6561,0.9327,4.83,weight_loss
U605,34,female,165,61.3,22.52,1314,1807,Light,1.8,1779,8554,443,97,2,6.5,-28,-1.55,194,48.5,139.54,-1.5,0.89,29.48,0.7272,0.9845,4.57,maintenance
U606,41,male,190,79.7,22.08,1785,2767,Moderate,3.0,2685,12455,591,127,5,8.0,-82,-2.96,635,25.4,156.27,0.0,1.141,34.72,0.6451,0.9704,4.65,fitness_improvement
U607,53,female,165,78.5,28.83,1393,2159,Moderate,2.6,2122,8063,394,55,3,8.3,-37,-1.71,165,18.33,102.71,0.3,1.004,27.5,0.6452,0.9829,7.16,healthy_lifestyle
U608,23,male,180,66.0,20.37,1677,3186,Very Active,2.0,3190,12906,676,145,5,6.5,4,0.13,725,29.0,195.55,-1.5,0.918,48.27,0.5264,1.0013,4.66,fitness_improvement
U609,33,male,184,66.8,19.73,1657,2562,Moderate,3.1,2315,8761,469,102,2,7.6,-247,-9.64,204,51.0,131.15,-0.4,1.406,38.35,0.6468,0.9036,4.6,weight_loss
U610,35,male,194,101.6,27.0,2060,2832,Light,3.8,2646,8633,346,80,4,7.7,-186,-6.57,320,20.0,84.97,-0.3,1.133,27.87,0.7274,0.9343,4.32,healthy_lifestyle
U611,26,female,163,50.7,19.08,1238,2136,Active,2.3,2034,8385,579,152,5,8.0,-102,-4.78,760,30.4,165.38,0.0,1.375,42.13,0.5796,0.9522,3.81,fitness_improvement
U612,34,female,155,49.2,20.48,1128,1762,Moderate,2.4,1548,7337,458,99,3,7.8,-214,-12.15,297,33.0,149.13,-0.2,1.478,35.81,0.6402,0.8785,4.63,weight_loss
U613,43,female,167,51.2,18.36,1181,2257,Very Active,3.0,1964,16348,708,169,7,8.4,-293,-12.98,1183,24.14,319.3,0.4,1.776,44.08,0.5233,0.8702,4.19,weight_loss
U614,32,male,171,59.9,20.48,1515,2317,Moderate,3.0,2085,7000,329,90,2,7.6,-232,-10.01,180,45.0,116.86,-0.4,1.518,38.68,0.6539,0.8999,3.66,weight_loss
U615,33,female,172,59.5,20.11,1345,2085,Moderate,2.2,1949,12379,529,100,4,7.3,-136,-6.52,400,25.0,208.05,-0.7,1.12,35.04,0.6451,0.9348,5.29,fitness_improvement
U616,26,female,156,47.0,19.31,1152,1786,Moderate,2.0,1715,9520,472,90,3,8.0,-71,-3.98,270,30.0,202.55,0.0,1.289,38.0,0.645,0.9602,5.24,healthy_lifestyle
U617,35,female,160,56.5,22.07,1226,1686,Light,2.3,1788,7332,412,99,3,7.2,102,6.05,297,33.0,129.77,-0.8,1.234,29.84,0.7272,1.0605,4.16,healthy_lifestyle
U618,39,female,150,56.7,25.2,1149,1757,Moderate,2.6,2120,10179,587,138,3,7.0,363,20.66,414,46.0,179.52,-1.0,1.39,30.99,0.654,1.2066,4.25,weight_gain
U619,18,male,176,55.8,18.01,1573,2692,Active,3.3,3017,12479,771,178,4,7.9,325,12.07,712,44.5,223.64,-0.1,1.792,48.24,0.5843,1.1207,4.33,weight_gain
U620,45,male,173,71.3,23.82,1574,2715,Active,3.0,2799,9663,509,76,5,7.3,84,3.09,380,15.2,135.53,-0.7,1.275,38.08,0.5797,1.0309,6.7,fitness_improvement
U621,33,male,177,56.4,18.0,1510,2605,Active,2.0,2549,9736,378,66,3,7.7,-56,-2.15,198,22.0,172.62,-0.3,1.075,46.19,0.5797,0.9785,5.73,fitness_improvement
U622,47,male,170,83.5,28.89,1666,1975,Sedentary,2.7,2098,3580,175,42,1,6.7,123,6.23,42,42.0,42.87,-1.3,0.98,23.65,0.8435,1.0623,4.17,weight_gain
U623,50,male,171,64.0,21.89,1463,2780,Very Active,2.4,2879,13323,686,146,5,7.8,99,3.56,730,29.2,208.17,-0.2,1.136,43.44,0.5263,1.0356,4.7,fitness_improvement
U624,25,female,170,76.2,26.37,1541,1857,Sedentary,2.5,1968,3496,156,43,1,6.0,111,5.98,43,43.0,45.88,-2.0,0.994,24.37,0.8298,1.0598,3.63,weight_gain
U625,37,male,175,63.8,20.83,1555,2954,Very Active,2.2,3083,14389,552,111,6,7.0,129,4.37,666,18.5,225.53,-1.0,1.045,46.3,0.5264,1.0437,4.97,fitness_improvement
U626,52,female,169,86.3,30.22,1502,1857,Sedentary,2.6,1686,3202,175,41,1,6.1,-171,-9.21,41,41.0,37.1,-1.9,0.913,21.52,0.8088,0.9079,4.27,weight_loss
U627,56,female,168,63.6,22.53,1247,1715,Light,1.6,1713,6349,260,40,4,7.6,-2,-0.12,160,10.0,99.83,-0.4,0.762,26.97,0.7271,0.9988,6.5,maintenance
U628,27,male,179,71.8,22.41,1705,2941,Active,3.2,2892,14940,677,133,5,7.8,-49,-1.67,665,26.6,208.08,-0.2,1.351,40.96,0.5797,0.9833,5.09,fitness_improvement
U629,28,female,165,52.9,19.43,1258,2390,Very Active,2.1,2451,12604,468,141,4,7.5,61,2.55,564,35.25,238.26,-0.5,1.203,45.18,0.5264,1.0255,3.32,fitness_improvement
U630,49,female,151,49.3,21.62,1030,1777,Active,2.0,1745,10070,389,96,5,6.8,-32,-1.8,480,19.2,204.26,-1.2,1.229,36.04,0.5796,0.982,4.05,fitness_improvement
U631,34,male,187,81.2,23.22,1819,3138,Active,3.6,2951,12417,634,152,2,7.4,-187,-5.96,304,76.0,152.92,-0.6,1.343,38.65,0.5797,0.9404,4.17,fitness_improvement
U632,26,male,176,60.1,19.4,1579,2687,Active,3.2,2346,10743,529,120,5,7.7,-341,-12.69,600,24.0,178.75,-0.3,1.613,44.71,0.5876,0.8731,4.41,weight_loss
U633,24,male,185,74.7,21.83,1788,3084,Active,3.3,3113,13142,533,136,5,8.2,29,0.94,680,27.2,175.93,0.2,1.339,41.29,0.5798,1.0094,3.92,fitness_improvement
U634,42,female,154,48.0,20.24,1074,2041,Very Active,2.0,2018,12012,640,165,4,8.4,-23,-1.13,660,41.25,250.25,0.4,1.263,42.52,0.5262,0.9887,3.88,fitness_improvement
U635,38,male,177,71.0,22.66,1631,2813,Active,3.3,2881,8061,482,87,2,7.9,68,2.42,174,43.5,113.54,-0.1,1.408,39.62,0.5798,1.0242,5.54,healthy_lifestyle
U636,18,female,158,50.9,20.39,1248,1934,Moderate,1.6,1914,12029,657,159,5,7.8,-20,-1.03,795,31.8,236.33,-0.2,0.953,38.0,0.6453,0.9897,4.13,fitness_improvement
U637,33,female,168,50.6,17.93,1228,1903,Moderate,1.8,2044,11807,472,94,5,6.8,141,7.41,470,18.8,233.34,-1.2,1.078,37.61,0.6453,1.0741,5.02,fitness_improvement
U638,42,female,162,73.5,28.01,1375,1679,Sedentary,2.5,1842,3899,184,48,1,6.7,163,9.71,48,48.0,53.05,-1.3,1.031,22.84,0.8189,1.0971,3.83,weight_gain
U639,30,male,192,87.5,23.74,1931,3331,Active,2.9,3170,11696,515,140,5,7.7,-161,-4.83,700,28.0,133.67,-0.3,1.004,38.07,0.5797,0.9517,3.68,fitness_improvement
U640,36,male,177,63.8,20.36,1570,2465,Moderate,3.0,2234,12342,635,155,4,7.3,-231,-9.37,620,38.75,193.45,-0.7,1.425,38.64,0.6369,0.9063,4.1,weight_loss
U641,29,male,174,80.3,26.52,1751,2105,Sedentary,2.7,1818,3628,198,46,1,7.2,-287,-13.63,46,46.0,45.18,-0.8,1.019,26.21,0.8318,0.8637,4.3,weight_loss
U642,30,male,175,58.0,18.94,1528,2368,Moderate,2.5,2373,9917,382,89,2,7.4,5,0.21,178,44.5,170.98,-0.6,1.306,40.83,0.6453,1.0021,4.29,healthy_lifestyle
U643,31,female,162,54.1,20.61,1234,2345,Very Active,2.3,2388,10524,562,176,3,7.9,43,1.83,528,58.67,194.53,-0.1,1.288,43.35,0.5262,1.0183,3.19,fitness_improvement
U644,29,male,178,69.5,21.94,1670,2588,Moderate,2.9,2757,10580,502,99,3,7.7,169,6.53,297,33.0,152.23,-0.3,1.264,37.24,0.6453,1.0653,5.07,healthy_lifestyle
U645,36,male,176,64.8,20.92,1574,2645,Active,3.3,2275,12402,606,158,5,7.5,-370,-13.99,790,31.6,191.39,-0.5,1.543,40.82,0.5951,0.8601,3.84,weight_loss
U646,58,female,150,72.3,32.13,1212,1666,Light,2.4,1608,5831,345,76,1,6.8,-58,-3.48,76,76.0,80.65,-1.2,1.006,23.04,0.7275,0.9652,4.54,maintenance
U647,42,female,154,54.3,22.9,1134,2155,Very Active,2.1,2091,11075,522,157,4,7.8,-64,-2.97,628,39.25,203.96,-0.2,1.172,39.69,0.5262,0.9703,3.32,fitness_improvement
U648,34,male,181,66.0,20.15,1625,2857,Active,3.0,2540,10740,584,136,5,7.7,-317,-11.1,680,27.2,162.73,-0.3,1.377,43.29,0.5688,0.889,4.29,weight_loss
U649,48,male,176,67.9,21.92,1547,2127,Light,2.0,2214,8498,344,71,2,7.0,87,4.09,142,35.5,125.15,-1.0,0.893,31.33,0.7273,1.0409,4.85,maintenance
U650,58,male,178,78.1,24.65,1611,3061,Very Active,2.5,3174,11818,482,86,5,7.9,113,3.69,430,17.2,151.32,-0.1,0.97,39.19,0.5263,1.0369,5.6,fitness_improvement
U651,39,male,170,76.3,26.4,1637,3110,Very Active,2.9,3158,11805,616,165,5,7.6,48,1.54,825,33.0,154.72,-0.4,1.152,40.76,0.5264,1.0154,3.73,fitness_improvement
U652,20,female,164,68.2,25.36,1446,2241,Moderate,3.2,2395,7563,303,73,5,8.7,154,6.87,365,14.6,110.89,0.7,1.422,32.86,0.6452,1.0687,4.15,healthy_lifestyle
U653,18,male,176,81.4,26.28,1827,3471,Very Active,2.6,3534,12395,529,112,5,7.4,63,1.82,560,22.4,152.27,-0.6,0.968,42.64,0.5264,1.0182,4.72,fitness_improvement
U654,37,female,169,58.1,20.34,1293,2008,Moderate,2.5,1771,10470,537,123,3,8.1,-237,-11.8,369,41.0,180.21,0.1,1.304,34.56,0.6439,0.882,4.37,weight_loss
U655,19,female,152,45.9,19.87,1153,1989,Active,1.8,1986,8171,385,72,4,8.2,-3,-0.15,288,18.0,178.02,0.2,1.188,43.33,0.5797,0.9985,5.35,healthy_lifestyle
U656,56,female,158,75.6,30.28,1303,2248,Active,2.9,2185,12973,771,187,6,7.1,-63,-2.8,1122,31.17,171.6,-0.9,1.162,29.74,0.5796,0.972,4.12,fitness_improvement
U657,43,male,184,73.9,21.83,1680,2547,Moderate,3.1,2706,11639,664,155,3,7.4,159,6.24,465,51.67,157.5,-0.6,1.271,34.47,0.6596,1.0624,4.28,weight_gain
U658,23,male,168,56.7,20.09,1505,2393,Moderate,2.8,2059,11699,569,146,4,7.3,-334,-13.96,584,36.5,206.33,-0.7,1.496,42.2,0.6289,0.8604,3.9,weight_loss
U659,43,female,158,56.9,22.79,1179,1960,Active,2.6,1700,11226,663,133,5,6.9,-260,-13.27,665,26.6,197.29,-1.1,1.385,34.45,0.6015,0.8673,4.98,weight_loss
U660,38,female,159,46.4,18.35,1106,1521,Light,1.3,1525,6336,264,64,1,7.1,4,0.26,64,64.0,136.55,-0.9,0.849,32.78,0.7272,1.0026,4.12,maintenance
U661,46,male,177,95.0,30.32,1835,2192,Sedentary,2.8,1974,2751,146,38,1,6.5,-218,-9.95,38,38.0,28.96,-1.5,0.893,23.07,0.8371,0.9005,3.84,weight_loss
U662,22,female,168,71.3,25.26,1492,1792,Sedentary,2.5,1451,3649,197,45,1,6.7,-341,-19.03,45,45.0,51.18,-1.3,1.063,25.13,0.8326,0.8097,4.38,weight_loss
U663,35,female,168,80.7,28.59,1522,2625,Active,2.5,2568,11144,568,176,4,6.4,-57,-2.17,704,44.0,138.09,-1.6,0.939,32.53,0.5798,0.9783,3.23,fitness_improvement
U664,19,female,167,63.7,22.84,1422,1955,Light,1.7,1986,7974,227,32,2,8.1,31,1.59,64,16.0,125.18,0.1,0.809,30.69,0.7274,1.0159,7.09,maintenance
U665,18,female,166,68.5,24.86,1471,2795,Very Active,2.8,2900,13123,709,154,5,7.6,105,3.76,770,30.8,191.58,-0.4,1.239,40.8,0.5263,1.0376,4.6,fitness_improvement
U666,47,male,162,60.1,22.9,1386,2205,Moderate,2.8,1984,8517,451,104,4,7.6,-221,-10.02,416,26.0,141.71,-0.4,1.412,36.69,0.6286,0.8998,4.34,weight_loss
U667,45,female,167,69.2,24.81,1348,2089,Moderate,2.8,2088,8939,408,98,3,7.8,-1,-0.05,294,32.67,129.18,-0.2,1.226,30.19,0.6453,0.9995,4.16,healthy_lifestyle
U668,35,male,185,87.7,25.62,1862,2260,Sedentary,2.8,2359,3670,173,44,1,7.5,99,4.38,44,44.0,41.85,-0.5,0.967,25.77,0.8239,1.0438,3.93,weight_gain
U669,38,male,176,90.6,29.25,1821,2504,Light,3.0,2483,8156,281,38,2,7.5,-21,-0.84,76,19.0,90.02,-0.5,1.003,27.64,0.7272,0.9916,7.39,maintenance
U670,31,male,170,79.0,27.34,1704,1957,Sedentary,2.6,1690,2843,141,36,1,6.6,-267,-13.64,36,36.0,35.99,-1.4,0.997,24.77,0.8707,0.8636,3.92,weight_loss
U671,42,male,175,68.2,22.27,1572,1886,Sedentary,1.8,1834,8238,498,92,2,7.4,-52,-2.76,184,46.0,120.79,-0.6,0.8,27.65,0.8335,0.9724,5.41,maintenance
U672,30,female,174,54.7,18.07,1325,2253,Active,2.9,1909,13034,756,158,5,7.8,-344,-15.27,790,31.6,238.28,-0.2,1.607,41.19,0.5881,0.8473,4.78,weight_loss
U673,48,female,170,69.7,24.12,1361,2099,Moderate,2.8,1863,8340,484,106,2,7.6,-236,-11.24,212,53.0,119.66,-0.4,1.217,30.11,0.6484,0.8876,4.57,weight_loss
U674,38,female,165,67.0,24.61,1349,2069,Moderate,2.8,1815,11496,740,145,2,7.6,-254,-12.28,290,72.5,171.58,-0.4,1.266,30.88,0.652,0.8772,5.1,weight_loss
U675,41,female,170,85.2,29.48,1549,2401,Moderate,2.2,2463,8271,345,53,2,7.9,62,2.58,106,26.5,97.08,-0.1,0.782,28.18,0.6451,1.0258,6.51,maintenance
U676,31,female,166,56.7,20.58,1287,2182,Active,2.7,1837,13557,777,176,5,7.7,-345,-15.81,880,35.2,239.1,-0.3,1.443,38.48,0.5898,0.8419,4.41,weight_loss
U677,47,male,172,67.7,22.88,1524,2391,Moderate,3.1,2043,7449,340,84,3,8.0,-348,-14.55,252,28.0,110.03,0.0,1.388,35.32,0.6374,0.8545,4.05,weight_loss
U678,45,male,180,77.0,23.77,1675,2623,Moderate,3.1,2194,10526,648,148,3,7.5,-429,-16.36,444,49.33,136.7,-0.5,1.22,34.06,0.6386,0.8364,4.38,weight_loss
U679,56,female,164,68.6,25.51,1272,2194,Active,2.7,2341,12463,549,150,6,7.6,147,6.7,900,25.0,181.68,-0.4,1.193,31.98,0.5798,1.067,3.66,fitness_improvement
U680,46,male,173,71.4,23.86,1571,2439,Moderate,3.0,2670,12307,626,151,2,7.3,231,9.47,302,75.5,172.37,-0.7,1.273,34.16,0.6441,1.0947,4.15,weight_gain
U681,20,male,184,70.4,20.79,1758,3033,Active,2.8,2971,9108,434,87,2,8.8,-62,-2.04,174,43.5,129.38,0.8,1.205,43.08,0.5796,0.9796,4.99,healthy_lifestyle
U682,55,female,158,56.6,22.67,1120,1932,Active,2.7,1974,9639,509,139,3,7.8,42,2.17,417,46.33,170.3,-0.2,1.446,34.13,0.5797,1.0217,3.66,fitness_improvement
U683,46,female,165,65.9,24.21,1298,1774,Light,2.7,1444,7537,398,86,3,7.3,-330,-18.6,258,28.67,114.37,-0.7,1.242,26.92,0.7317,0.814,4.63,weight_loss
U684,20,male,185,91.0,26.59,1971,2397,Sedentary,2.7,2137,3397,172,39,1,6.3,-260,-10.85,39,39.0,37.33,-1.7,0.899,26.34,0.8223,0.8915,4.41,weight_loss
U685,30,female,160,49.6,19.37,1186,1838,Moderate,2.1,1789,14324,751,165,5,6.7,-49,-2.67,825,33.0,288.79,-1.3,1.283,37.06,0.6453,0.9733,4.55,fitness_improvement
U686,19,female,170,64.6,22.35,1455,1701,Sedentary,2.7,1902,3617,189,40,1,6.6,201,11.82,40,40.0,55.99,-1.4,1.267,26.33,0.8554,1.1182,4.72,weight_gain
U687,51,male,180,102.1,31.51,1897,2321,Sedentary,2.7,2491,2972,189,40,1,6.8,170,7.32,40,40.0,29.11,-1.2,0.801,22.73,0.8173,1.0732,4.72,weight_gain
U688,47,male,173,87.7,29.3,1732,3291,Very Active,3.2,3346,10924,598,134,4,7.8,55,1.67,536,33.5,124.56,-0.2,1.106,37.53,0.5263,1.0167,4.46,fitness_improvement
U689,38,female,167,60.6,21.73,1296,2236,Active,2.5,2437,8904,480,152,4,8.6,201,8.99,608,38.0,146.93,0.6,1.25,36.9,0.5796,1.0899,3.16,fitness_improvement
U690,32,male,185,65.3,19.08,1653,2589,Moderate,2.8,2726,10232,599,129,3,7.5,137,5.29,387,43.0,156.69,-0.5,1.299,39.65,0.6385,1.0529,4.64,weight_gain
U691,27,male,175,90.8,29.65,1872,2284,Sedentary,3.0,1840,2814,161,38,1,6.6,-444,-19.44,38,38.0,30.99,-1.4,1.001,25.15,0.8196,0.8056,4.24,weight_loss
U692,18,female,164,60.4,22.46,1378,2618,Very Active,1.9,2640,8407,498,139,4,7.5,22,0.84,556,34.75,139.19,-0.5,0.953,43.34,0.5264,1.0084,3.58,fitness_improvement
U693,39,female,174,60.0,19.82,1334,2053,Moderate,2.8,2226,9576,609,130,3,8.1,173,8.43,390,43.33,159.6,0.1,1.414,34.22,0.6498,1.0843,4.68,weight_gain
U694,20,male,177,63.3,20.2,1642,2812,Active,2.9,2510,10088,522,121,4,7.7,-302,-10.74,484,30.25,159.37,-0.3,1.388,44.42,0.5839,0.8926,4.31,weight_loss
U695,54,female,169,66.6,23.32,1292,2029,Moderate,2.8,2113,11109,559,123,4,7.3,84,4.14,492,30.75,166.8,-0.7,1.274,30.47,0.6368,1.0414,4.54,weight_gain
U696,40,female,162,58.5,22.29,1239,1704,Light,2.0,1670,7375,318,83,2,6.8,-34,-2.0,166,41.5,126.07,-1.2,1.036,29.13,0.7271,0.98,3.83,maintenance
U697,19,female,163,71.1,26.76,1473,1736,Sedentary,2.7,1565,3054,164,35,1,6.0,-171,-9.85,35,35.0,42.95,-2.0,1.151,24.42,0.8485,0.9015,4.69,weight_loss
U698,57,female,151,60.5,26.53,1103,1763,Moderate,2.5,1923,7615,513,102,3,6.8,160,9.08,306,34.0,125.87,-1.2,1.252,29.14,0.6256,1.0908,5.03,weight_gain
U699,38,male,184,85.9,25.37,1825,2497,Light,2.9,2297,5565,250,63,2,6.9,-200,-8.01,126,31.5,64.78,-1.1,1.023,29.07,0.7309,0.9199,3.97,weight_loss
U700,57,male,172,68.3,23.09,1480,2294,Moderate,2.0,2308,6414,190,34,2,7.8,14,0.61,68,17.0,93.91,-0.2,0.887,33.59,0.6452,1.0061,5.59,maintenance
U701,20,female,163,47.6,17.92,1230,2122,Active,1.6,2241,10013,522,128,4,7.4,119,5.61,512,32.0,210.36,-0.6,1.019,44.58,0.5796,1.0561,4.08,fitness_improvement
U702,55,male,186,88.6,25.61,1778,2422,Light,2.9,2145,8214,423,106,3,7.5,-277,-11.44,318,35.33,92.71,-0.5,0.992,27.34,0.7341,0.8856,3.99,weight_loss
U703,43,female,163,53.5,20.14,1180,1622,Light,2.4,1606,7847,280,79,4,7.5,-16,-0.99,316,19.75,146.67,-0.5,1.359,30.32,0.7275,0.9901,3.54,healthy_lifestyle
U704,52,male,183,86.2,25.74,1750,2671,Moderate,3.2,2833,9645,425,120,2,7.2,162,6.07,240,60.0,111.89,-0.8,1.125,30.99,0.6552,1.0607,3.54,weight_gain
U705,46,female,171,87.4,29.89,1552,1897,Sedentary,2.8,1569,3526,193,46,1,6.7,-328,-17.29,46,46.0,40.34,-1.3,0.971,21.7,0.8181,0.8271,4.2,weight_loss
U706,22,female,166,58.3,21.16,1348,2089,Moderate,2.3,2045,11891,524,127,6,7.6,-44,-2.11,762,21.17,203.96,-0.4,1.195,35.83,0.6453,0.9789,4.13,fitness_improvement
U707,33,male,182,65.2,19.68,1630,2873,Active,3.2,2605,11694,662,151,4,7.7,-268,-9.33,604,37.75,179.36,-0.3,1.487,44.06,0.5674,0.9067,4.38,weight_loss
U708,44,female,160,78.5,30.66,1403,1705,Sedentary,2.6,1421,3357,187,41,1,6.1,-284,-16.66,41,41.0,42.76,-1.9,1.004,21.72,0.8229,0.8334,4.56,weight_loss
U709,19,male,168,65.8,23.31,1616,2788,Active,2.6,2643,11914,568,108,2,8.3,-145,-5.2,216,54.0,181.06,0.3,1.197,42.37,0.5796,0.948,5.26,healthy_lifestyle
U710,26,male,180,66.8,20.62,1669,3171,Very Active,1.9,3182,11321,542,109,3,8.6,11,0.35,327,36.33,169.48,0.6,0.862,47.47,0.5263,1.0035,4.97,fitness_improvement
U711,45,male,179,94.0,29.34,1839,2171,Sedentary,2.7,2439,3034,162,41,1,6.6,268,12.34,41,41.0,32.28,-1.4,0.87,23.1,0.8471,1.1234,3.95,weight_gain
U712,51,male,184,86.2,25.46,1762,2731,Moderate,3.3,2804,11211,614,113,3,6.9,73,2.67,339,37.67,130.06,-1.1,1.16,31.68,0.6452,1.0267,5.43,fitness_improvement
U713,48,male,180,87.0,26.85,1759,2726,Moderate,2.9,2778,12884,552,90,3,7.6,52,1.91,270,30.0,148.09,-0.4,1.01,31.33,0.6453,1.0191,6.13,fitness_improvement
U714,34,male,168,73.8,26.15,1623,2232,Light,2.6,2250,6170,217,77,1,7.7,18,0.81,77,77.0,83.6,-0.3,1.068,30.24,0.7272,1.0081,2.82,maintenance
U715,46,female,174,68.5,22.63,1383,2386,Active,2.7,2334,12395,662,167,6,7.0,-52,-2.18,1002,27.83,180.95,-1.0,1.194,34.83,0.5796,0.9782,3.96,fitness_improvement
U716,56,male,185,78.3,22.88,1663,3160,Very Active,2.6,3086,12353,716,199,4,7.1,-74,-2.34,796,49.75,157.77,-0.9,1.006,40.36,0.5263,0.9766,3.6,fitness_improvement
U717,18,female,162,53.9,20.54,1300,2195,Active,2.6,1868,13414,683,159,4,7.8,-327,-14.9,636,39.75,248.87,-0.2,1.462,40.72,0.5923,0.851,4.3,weight_loss
U718,18,male,181,66.7,20.36,1711,2353,Light,1.9,2356,3575,124,40,2,7.7,3,0.13,80,20.0,53.6,-0.3,0.863,35.28,0.7272,1.0013,3.1,maintenance
U719,47,female,162,59.8,22.79,1216,1899,Moderate,2.8,2185,10079,504,113,2,7.7,286,15.06,226,56.5,168.55,-0.3,1.419,31.76,0.6403,1.1506,4.46,weight_gain
U720,49,male,169,62.0,21.71,1437,2479,Active,2.5,2577,12517,587,188,5,7.4,98,3.95,940,37.6,201.89,-0.6,1.222,39.98,0.5797,1.0395,3.12,fitness_improvement
U721,55,female,166,63.6,23.08,1237,1917,Moderate,2.4,1817,9028,473,123,2,7.3,-100,-5.22,246,61.5,141.95,-0.7,1.144,30.14,0.6453,0.9478,3.85,healthy_lifestyle
U722,52,male,177,64.5,20.59,1498,2842,Very Active,3.1,2645,16129,877,202,6,8.2,-197,-6.93,1212,33.67,250.06,0.2,1.456,44.06,0.5271,0.9307,4.34,weight_loss
U723,50,male,168,64.8,22.96,1450,2231,Moderate,2.7,2349,8996,483,125,2,7.6,118,5.29,250,62.5,138.83,-0.4,1.263,34.43,0.6499,1.0529,3.86,weight_gain
U724,58,male,178,70.7,22.31,1534,2109,Light,2.2,2079,7470,319,34,2,7.1,-30,-1.42,68,17.0,105.66,-0.9,0.943,29.83,0.7274,0.9858,9.38,maintenance
U725,44,male,175,68.5,22.37,1564,2719,Active,3.1,2343,12146,715,153,4,7.6,-376,-13.83,612,38.25,177.31,-0.4,1.371,39.69,0.5752,0.8617,4.67,weight_loss
U726,55,male,183,78.9,23.56,1664,2579,Moderate,3.3,2424,9164,404,78,3,7.8,-155,-6.01,234,26.0,116.15,-0.2,1.267,32.69,0.6452,0.9399,5.18,healthy_lifestyle
U727,40,male,177,64.0,20.43,1548,2399,Moderate,2.3,2490,10699,549,78,5,7.3,91,3.79,390,15.6,167.17,-0.7,1.089,37.48,0.6453,1.0379,7.04,healthy_lifestyle
U728,26,female,167,58.6,21.01,1340,2075,Moderate,2.7,1754,11445,665,156,2,7.5,-321,-15.47,312,78.0,195.31,-0.5,1.396,35.41,0.6458,0.8453,4.26,weight_loss
U729,57,female,168,67.4,23.88,1280,2180,Active,2.8,2320,10320,539,136,4,7.6,140,6.42,544,34.0,153.12,-0.4,1.259,32.34,0.5872,1.0642,3.96,weight_gain
U730,19,male,180,67.9,20.96,1712,2634,Moderate,3.0,2889,9815,506,123,2,6.9,255,9.68,246,61.5,144.55,-1.1,1.339,38.79,0.65,1.0968,4.11,weight_gain
U731,30,male,180,63.4,19.57,1613,2501,Moderate,3.0,2421,12393,645,173,2,7.8,-80,-3.2,346,86.5,195.47,-0.2,1.434,39.45,0.6449,0.968,3.73,weight_loss
U732,21,female,159,45.5,18.0,1183,2273,Very Active,2.9,2039,17488,933,220,5,8.3,-234,-10.29,1100,44.0,384.35,0.3,1.931,49.96,0.5205,0.8971,4.24,weight_loss
U733,34,female,162,61.5,23.43,1294,1779,Light,2.6,1682,7939,295,50,5,7.9,-97,-5.45,250,10.0,129.09,-0.1,1.281,28.93,0.7274,0.9455,5.9,healthy_lifestyle
U734,58,female,163,78.4,29.51,1351,1642,Sedentary,2.4,1403,3284,147,38,1,6.3,-239,-14.56,38,38.0,41.89,-1.7,0.928,20.94,0.8228,0.8544,3.87,weight_loss
U735,41,female,154,48.4,20.41,1081,1865,Active,2.0,1992,9541,472,108,3,7.9,127,6.81,324,36.0,197.13,-0.1,1.252,38.53,0.5796,1.0681,4.37,healthy_lifestyle
U736,48,male,185,82.0,23.96,1740,3002,Active,3.1,3142,11436,472,67,4,8.2,140,4.66,268,16.75,139.46,0.2,1.146,36.61,0.5796,1.0466,7.04,fitness_improvement
U737,18,female,161,54.8,21.14,1303,2476,Very Active,2.5,2619,8111,446,167,4,8.4,143,5.78,668,41.75,148.01,0.4,1.382,45.18,0.5263,1.0578,2.67,fitness_improvement
U738,28,female,172,58.8,19.88,1361,2132,Moderate,2.7,1881,10881,480,136,3,7.5,-251,-11.77,408,45.33,185.05,-0.5,1.391,36.26,0.6384,0.8823,3.53,weight_loss
U739,22,female,159,47.3,18.71,1195,1861,Moderate,2.5,1603,11307,627,136,4,7.9,-258,-13.86,544,34.0,239.05,-0.1,1.602,39.34,0.6421,0.8614,4.61,weight_loss
U740,20,female,170,58.4,20.21,1386,2116,Moderate,2.5,1776,11050,624,150,3,8.0,-340,-16.07,450,50.0,189.21,0.0,1.297,36.23,0.655,0.8393,4.16,weight_loss
U741,22,female,163,70.4,26.5,1453,2761,Very Active,2.7,2949,9719,516,166,4,7.7,188,6.81,664,41.5,138.05,-0.3,1.162,39.22,0.5263,1.0681,3.11,fitness_improvement
U742,27,male,165,62.4,22.92,1527,2634,Active,2.2,2660,7985,562,131,7,7.2,26,0.99,917,18.71,127.96,-0.8,1.068,42.21,0.5797,1.0099,4.29,fitness_improvement
U743,33,female,161,55.9,21.57,1239,1920,Moderate,2.1,1909,11863,571,148,6,8.7,-11,-0.57,888,24.67,212.22,0.7,1.138,34.35,0.6453,0.9943,3.86,fitness_improvement
U744,48,male,177,69.9,22.31,1572,2981,Very Active,3.4,3281,16128,788,205,7,8.0,300,10.06,1435,29.29,230.73,0.0,1.474,42.65,0.5273,1.1006,3.84,weight_gain
U745,26,male,186,83.1,24.02,1870,2568,Light,3.3,2474,6671,311,80,2,7.5,-94,-3.66,160,40.0,80.28,-0.5,1.203,30.9,0.7282,0.9634,3.89,weight_loss
U746,36,male,182,80.9,24.42,1772,2747,Moderate,2.6,2891,11792,445,85,4,7.2,144,5.24,340,21.25,145.76,-0.8,0.974,33.96,0.6451,1.0524,5.24,fitness_improvement
U747,22,male,179,60.1,18.76,1613,2782,Active,2.4,2865,13630,709,153,5,7.1,83,2.98,765,30.6,226.79,-0.9,1.21,46.29,0.5798,1.0298,4.63,fitness_improvement
U748,28,male,175,57.8,18.87,1535,2339,Moderate,2.9,2088,10453,523,135,2,7.8,-251,-10.73,270,67.5,180.85,-0.2,1.52,40.47,0.6563,0.8927,3.87,weight_loss
U749,25,male,177,62.3,19.89,1612,2851,Active,3.2,2610,10469,555,127,5,7.4,-241,-8.45,635,25.4,168.04,-0.6,1.556,45.76,0.5654,0.9155,4.37,weight_loss
U750,55,male,184,83.1,24.55,1711,2648,Moderate,3.0,2801,12180,612,148,2,7.1,153,5.78,296,74.0,146.57,-0.9,1.094,31.87,0.6461,1.0578,4.14,weight_gain
U751,19,female,180,63.6,19.63,1504,2331,Moderate,2.6,2263,12277,445,83,4,6.5,-68,-2.92,332,20.75,193.03,-1.5,1.239,36.65,0.6452,0.9708,5.36,fitness_improvement
U752,19,female,160,46.7,18.24,1211,2089,Active,2.3,2024,12155,574,151,3,8.2,-65,-3.11,453,50.33,260.28,0.2,1.492,44.73,0.5797,0.9689,3.8,fitness_improvement
U753,55,female,160,64.7,25.27,1208,1872,Moderate,2.3,1914,10924,548,98,6,8.0,42,2.24,588,16.33,168.84,0.0,1.077,28.93,0.6453,1.0224,5.59,fitness_improvement
U754,45,female,159,62.5,24.72,1232,2125,Active,2.3,2122,11350,547,132,6,8.7,-3,-0.14,792,22.0,181.6,0.7,1.115,34.0,0.5798,0.9986,4.14,fitness_improvement
U755,25,female,175,79.6,25.99,1602,1951,Sedentary,2.6,1698,2742,128,33,1,6.8,-253,-12.97,33,33.0,34.45,-1.2,0.99,24.51,0.8211,0.8703,3.88,weight_loss
U756,33,female,166,58.7,21.3,1301,2033,Moderate,2.6,1703,10501,558,137,2,7.7,-330,-16.23,274,68.5,178.89,-0.3,1.342,34.63,0.6399,0.8377,4.07,weight_loss
U757,26,male,184,96.1,28.38,1988,2377,Sedentary,3.2,2603,2720,146,35,1,6.8,226,9.51,35,35.0,28.3,-1.2,1.009,24.73,0.8363,1.0951,4.17,weight_gain
U758,40,male,179,63.0,19.66,1557,2686,Active,2.4,2617,6933,372,102,2,7.7,-69,-2.57,204,51.0,110.05,-0.3,1.154,42.63,0.5797,0.9743,3.65,healthy_lifestyle
U759,22,male,181,86.6,26.43,1894,2243,Sedentary,2.9,1868,3600,171,43,1,6.8,-375,-16.72,43,43.0,41.57,-1.2,1.015,25.9,0.8444,0.8328,3.98,weight_loss
U760,40,female,165,54.3,19.94,1215,2308,Very Active,1.9,2317,10876,513,176,6,6.7,9,0.39,1056,29.33,200.29,-1.3,1.06,42.5,0.5264,1.0039,2.91,fitness_improvement
U761,29,male,172,80.3,27.14,1739,2030,Sedentary,2.6,1741,3002,148,38,1,6.4,-289,-14.24,38,38.0,37.38,-1.6,0.981,25.28,0.8567,0.8576,3.89,weight_loss
U762,56,female,171,71.6,24.49,1345,2085,Moderate,3.0,2212,8285,424,106,2,8.3,127,6.09,212,53.0,115.71,0.3,1.27,29.12,0.6451,1.0609,4.0,healthy_lifestyle
U763,29,male,178,88.1,27.81,1855,2180,Sedentary,2.9,2079,3264,179,38,1,6.6,-101,-4.63,38,38.0,37.05,-1.4,0.997,24.74,0.8509,0.9537,4.71,weight_loss
U764,37,male,168,55.6,19.7,1427,2462,Active,2.2,2567,11798,573,122,4,8.3,105,4.26,488,30.5,212.19,0.3,1.199,44.28,0.5796,1.0426,4.7,fitness_improvement
U765,31,male,181,64.1,19.57,1624,2801,Active,2.6,2889,13526,556,111,4,7.5,88,3.14,444,27.75,211.01,-0.5,1.229,43.7,0.5798,1.0314,5.01,fitness_improvement
U766,35,female,157,52.5,21.3,1170,2223,Very Active,2.0,2338,10824,533,80,5,7.9,115,5.17,400,16.0,206.17,-0.1,1.154,42.34,0.5263,1.0517,6.66,fitness_improvement
U767,36,male,179,76.0,23.72,1701,2339,Light,2.4,2333,6830,242,39,2,6.9,-6,-0.26,78,19.5,89.87,-1.1,0.957,30.78,0.7272,0.9974,6.21,maintenance
U768,50,female,164,59.7,22.2,1211,2301,Very Active,2.6,2157,13210,575,137,5,6.5,-144,-6.26,685,27.4,221.27,-1.5,1.32,38.54,0.5263,0.9374,4.2,fitness_improvement
U769,25,male,184,80.0,23.63,1830,2813,Moderate,3.1,3052,10490,549,133,4,7.0,239,8.5,532,33.25,131.12,-1.0,1.174,35.16,0.6506,1.085,4.13,weight_gain
U770,19,female,165,51.3,18.84,1286,2243,Active,3.1,2002,13807,981,183,4,7.5,-241,-10.74,732,45.75,269.14,-0.5,1.831,43.72,0.5733,0.8926,5.36,weight_loss
U771,39,female,162,56.8,21.64,1225,1470,Sedentary,2.1,1445,7614,242,43,2,6.6,-25,-1.7,86,21.5,134.05,-1.4,1.12,25.88,0.8333,0.983,5.63,maintenance
U772,21,female,166,72.4,26.27,1496,2581,Active,2.4,2548,6639,461,90,3,7.6,-33,-1.28,270,30.0,91.7,-0.4,1.005,35.65,0.5796,0.9872,5.12,healthy_lifestyle
U773,38,female,165,76.4,28.06,1446,1988,Light,3.1,1879,9435,456,109,3,8.0,-109,-5.48,327,36.33,123.49,0.0,1.23,26.02,0.7274,0.9452,4.18,healthy_lifestyle
U774,53,male,180,79.5,24.54,1657,2278,Light,3.0,2380,9025,401,104,4,8.2,102,4.48,416,26.0,113.52,0.2,1.144,28.65,0.7274,1.0448,3.86,healthy_lifestyle
U775,36,female,159,69.5,27.49,1347,1852,Light,2.5,1879,6342,243,64,2,6.7,27,1.46,128,32.0,91.25,-1.3,1.09,26.65,0.7273,1.0146,3.8,maintenance
U776,24,male,176,65.0,20.98,1638,3112,Very Active,2.3,3155,12985,646,128,4,8.3,43,1.38,512,32.0,199.77,0.3,1.072,47.88,0.5263,1.0138,5.05,fitness_improvement
U777,54,male,189,108.8,30.46,2006,3109,Moderate,4.5,3200,10129,553,98,3,7.9,91,2.93,294,32.67,93.1,-0.1,1.253,28.58,0.6452,1.0293,5.64,fitness_improvement
U778,57,female,169,65.5,22.93,1262,1946,Moderate,2.5,2220,11981,701,153,2,7.7,274,14.08,306,76.5,182.92,-0.3,1.157,29.71,0.6485,1.1408,4.58,weight_gain
U779,21,male,188,70.1,19.83,1776,2442,Light,3.4,2562,8154,521,112,4,7.3,120,4.91,448,28.0,116.32,-0.7,1.47,34.84,0.7273,1.0491,4.65,healthy_lifestyle
U780,34,male,185,68.7,20.07,1680,2960,Active,3.2,3291,11885,674,152,4,7.7,331,11.18,608,38.0,173.0,-0.3,1.411,43.09,0.5676,1.1118,4.43,weight_gain
U781,42,male,176,55.7,17.98,1452,2251,Moderate,2.3,2142,13504,605,159,5,7.4,-109,-4.84,795,31.8,242.44,-0.6,1.251,40.41,0.645,0.9516,3.81,fitness_improvement
U782,33,female,172,64.1,21.67,1388,2194,Moderate,2.8,2444,6894,354,78,3,7.4,250,11.39,234,26.0,107.55,-0.6,1.324,34.23,0.6326,1.1139,4.54,weight_gain
U783,42,female,159,61.0,24.13,1235,1918,Moderate,2.5,1803,8681,447,100,2,7.4,-115,-6.0,200,50.0,142.31,-0.6,1.242,31.44,0.6439,0.94,4.47,weight_loss
U784,22,male,184,67.0,19.79,1712,3253,Very Active,2.6,3195,13022,585,132,6,7.8,-58,-1.78,792,22.0,194.36,-0.2,1.176,48.55,0.5263,0.9822,4.43,fitness_improvement
U785,42,female,171,60.6,20.72,1303,2296,Active,3.0,1919,11088,586,139,5,8.2,-377,-16.42,695,27.8,182.97,0.2,1.5,37.89,0.5675,0.8358,4.22,weight_loss
U786,36,female,174,70.5,23.29,1449,2294,Moderate,2.9,2411,11314,661,139,3,7.5,117,5.1,417,46.33,160.48,-0.5,1.247,32.54,0.6316,1.051,4.76,weight_gain
U787,58,female,168,65.0,23.03,1247,2151,Active,2.4,2098,10750,477,86,3,7.0,-53,-2.46,258,28.67,165.38,-1.0,1.119,33.09,0.5797,0.9754,5.55,fitness_improvement
U788,29,female,169,78.6,27.52,1536,2112,Light,2.8,2134,7398,346,57,3,6.6,22,1.04,171,19.0,94.12,-1.4,1.079,26.87,0.7273,1.0104,6.07,maintenance
U789,43,female,164,54.5,20.26,1194,1851,Moderate,2.2,1792,8374,405,110,3,7.6,-59,-3.19,330,36.67,153.65,-0.4,1.223,33.96,0.6451,0.9681,3.68,healthy_lifestyle
U790,31,female,163,59.2,22.28,1297,1783,Light,2.2,1762,9452,386,123,3,7.9,-21,-1.18,369,41.0,159.66,-0.1,1.126,30.12,0.7274,0.9882,3.14,healthy_lifestyle
U791,26,male,177,60.6,19.34,1585,1902,Sedentary,1.7,1901,4640,183,31,3,7.4,-1,-0.05,93,10.33,76.57,-0.6,0.85,31.39,0.8333,0.9995,5.9,maintenance
U792,49,male,183,86.1,25.71,1766,2446,Light,3.0,2181,5389,265,60,2,7.6,-265,-10.83,120,30.0,62.59,-0.4,1.056,28.41,0.722,0.8917,4.42,weight_loss
U793,45,male,190,90.3,25.01,1872,2590,Light,3.3,2787,7215,366,91,3,7.3,197,7.61,273,30.33,79.9,-0.7,1.107,28.68,0.7228,1.0761,4.02,weight_gain
U794,33,female,163,49.3,18.56,1184,1814,Moderate,2.4,1423,7851,534,104,2,8.5,-391,-21.55,208,52.0,159.25,0.5,1.475,36.8,0.6527,0.7845,5.13,weight_loss
U795,43,female,155,53.6,22.31,1130,1750,Moderate,2.6,1481,8506,426,103,2,8.1,-269,-15.37,206,51.5,158.69,0.1,1.47,32.65,0.6457,0.8463,4.14,weight_loss
U796,21,male,174,59.6,19.69,1582,2452,Moderate,2.0,2374,7080,302,84,2,8.1,-78,-3.18,168,42.0,118.79,0.1,1.017,41.14,0.6452,0.9682,3.6,healthy_lifestyle
U797,48,female,169,63.8,22.34,1292,2229,Active,3.2,2242,10466,465,128,5,7.1,13,0.58,640,25.6,164.04,-0.9,1.52,34.94,0.5796,1.0058,3.63,fitness_improvement
U798,53,female,164,71.3,26.51,1315,1808,Light,3.2,1800,8755,286,59,3,8.4,-8,-0.44,177,19.67,122.79,0.4,1.36,25.36,0.7273,0.9956,4.85,healthy_lifestyle
U799,50,female,169,66.2,23.18,1306,2102,Moderate,2.7,1847,8225,457,103,3,7.6,-255,-12.13,309,34.33,124.24,-0.4,1.236,31.75,0.6213,0.8787,4.44,weight_loss
U800,48,male,171,75.7,25.89,1593,2748,Active,2.6,2918,10296,598,177,5,7.2,170,6.19,885,35.4,136.01,-0.8,1.041,36.3,0.5797,1.0619,3.38,fitness_improvement
U801,28,male,178,89.0,28.09,1870,3226,Active,3.5,3471,10859,566,163,5,6.4,245,7.59,815,32.6,122.01,-1.6,1.192,36.25,0.5797,1.0759,3.47,fitness_improvement
U802,38,male,177,73.0,23.3,1654,2629,Moderate,3.0,2345,8089,393,100,2,6.7,-284,-10.8,200,50.0,110.81,-1.3,1.245,36.01,0.6291,0.892,3.93,weight_loss
U803,55,female,168,69.4,24.59,1309,2053,Moderate,2.7,1761,10498,612,135,3,7.4,-292,-14.22,405,45.0,151.27,-0.6,1.179,29.58,0.6376,0.8578,4.53,weight_loss
U804,18,male,183,73.0,21.8,1786,2470,Light,3.0,2301,8287,503,109,3,7.5,-169,-6.84,327,36.33,113.52,-0.5,1.245,33.84,0.7231,0.9316,4.61,weight_loss
U805,27,male,179,73.2,22.85,1724,2824,Moderate,3.2,3132,10378,521,126,2,7.2,308,10.91,252,63.0,141.78,-0.8,1.325,38.58,0.6105,1.1091,4.13,weight_gain
U806,40,male,173,76.1,25.43,1651,2702,Moderate,3.1,2882,9480,506,125,4,6.8,180,6.66,500,31.25,124.57,-1.2,1.234,35.51,0.611,1.0666,4.05,weight_gain
U807,49,female,164,64.6,24.02,1263,1958,Moderate,2.5,1965,9374,342,103,3,7.8,7,0.36,309,34.33,145.11,-0.2,1.173,30.31,0.645,1.0036,3.32,healthy_lifestyle
U808,33,female,171,65.1,22.26,1391,2399,Active,2.4,2369,6272,331,105,3,7.7,-30,-1.25,315,35.0,96.34,-0.3,1.117,36.85,0.5798,0.9875,3.15,healthy_lifestyle
U809,40,male,167,56.2,20.15,1409,2143,Moderate,2.9,1866,7483,364,87,2,7.7,-277,-12.93,174,43.5,133.15,-0.3,1.564,38.13,0.6575,0.8707,4.18,weight_loss
U810,57,male,187,110.0,31.46,1991,2319,Sedentary,2.9,2516,4279,229,50,1,6.5,197,8.5,50,50.0,38.9,-1.5,0.799,21.08,0.8586,1.085,4.58,weight_gain
U811,23,female,167,50.1,17.96,1267,1964,Moderate,1.3,1944,4921,197,54,3,7.0,-20,-1.02,162,18.0,98.22,-1.0,0.786,39.2,0.6451,0.9898,3.65,maintenance
U812,27,female,161,55.2,21.3,1260,1953,Moderate,2.3,1829,9356,467,123,3,7.5,-124,-6.35,369,41.0,169.49,-0.5,1.263,35.38,0.6452,0.9365,3.8,healthy_lifestyle
U813,30,male,179,64.4,20.1,1620,1944,Sedentary,2.2,2018,3157,124,30,2,7.4,74,3.81,60,15.0,49.02,-0.6,1.035,30.19,0.8333,1.0381,4.13,maintenance
U814,22,female,157,46.9,19.03,1177,1618,Light,1.7,1580,6319,418,69,3,7.4,-38,-2.35,207,23.0,134.73,-0.6,1.098,34.5,0.7274,0.9765,6.06,maintenance
U815,20,male,170,64.9,22.46,1616,2139,Light,2.7,1916,8089,439,99,2,7.2,-223,-10.43,198,49.5,124.64,-0.8,1.261,32.96,0.7555,0.8957,4.43,weight_loss
U816,48,female,158,77.0,30.84,1359,2106,Moderate,3.2,2063,6407,437,116,3,8.0,-43,-2.04,348,38.67,83.21,0.0,1.259,27.35,0.6453,0.9796,3.77,healthy_lifestyle
U817,31,female,158,49.7,19.91,1170,1824,Moderate,2.5,1484,7922,477,101,2,7.6,-340,-18.64,202,50.5,159.4,-0.4,1.524,36.7,0.6414,0.8136,4.72,weight_loss
U818,23,female,163,53.8,20.25,1283,1989,Moderate,2.3,2038,8353,488,131,4,7.7,49,2.46,524,32.75,155.26,-0.3,1.295,36.97,0.645,1.0246,3.73,healthy_lifestyle
U819,54,female,169,73.8,25.84,1363,2044,Moderate,3.0,1644,8736,402,102,4,6.9,-400,-19.57,408,25.5,118.37,-1.1,1.232,27.7,0.6668,0.8043,3.94,weight_loss
U820,52,female,157,68.7,27.87,1247,1715,Light,2.5,1667,5457,344,73,1,6.5,-48,-2.8,73,73.0,79.43,-1.5,1.103,24.96,0.7271,0.972,4.71,maintenance
U821,28,male,183,76.3,22.78,1770,2397,Light,2.8,2625,8177,487,104,3,6.8,228,9.51,312,34.67,107.17,-1.2,1.112,31.42,0.7384,1.0951,4.68,weight_gain
U822,45,female,165,59.6,21.89,1243,2362,Very Active,2.1,2306,12750,588,141,5,7.9,-56,-2.37,705,28.2,213.93,-0.1,1.068,39.63,0.5262,0.9763,4.17,fitness_improvement
U823,39,female,179,89.1,27.81,1655,2855,Active,4.1,2922,10128,561,164,4,8.1,67,2.35,656,41.0,113.67,0.1,1.394,32.04,0.5797,1.0235,3.42,fitness_improvement
U824,44,female,162,54.4,20.73,1177,1990,Active,2.6,1728,10478,463,123,5,7.6,-262,-13.17,615,24.6,192.61,-0.4,1.448,36.58,0.5915,0.8683,3.76,weight_loss
U825,29,female,167,57.7,20.69,1314,2497,Very Active,2.4,2558,12566,551,110,3,7.1,61,2.44,330,36.67,217.78,-0.9,1.26,43.28,0.5262,1.0244,5.01,fitness_improvement
U826,56,female,172,76.9,25.99,1404,2131,Moderate,2.7,1932,10317,545,134,3,7.1,-199,-9.34,402,44.67,134.16,-0.9,1.064,27.71,0.6588,0.9066,4.07,weight_loss
U827,49,female,167,59.2,21.23,1227,2211,Active,3.0,2024,13601,745,167,4,8.0,-187,-8.46,668,41.75,229.75,0.0,1.536,37.35,0.555,0.9154,4.46,weight_loss
U828,30,female,175,82.2,26.84,1607,2491,Moderate,3.3,2473,7046,402,102,2,7.7,-18,-0.72,204,51.0,85.72,-0.3,1.217,30.3,0.6451,0.9928,3.94,healthy_lifestyle
U829,53,female,159,60.1,23.77,1171,2013,Active,2.7,1781,13985,765,170,5,7.5,-232,-11.53,850,34.0,232.7,-0.5,1.361,33.49,0.5817,0.8847,4.5,weight_loss
U830,50,female,165,61.3,22.52,1232,1910,Moderate,2.5,1888,10289,404,93,2,7.8,-22,-1.15,186,46.5,167.85,-0.2,1.236,31.16,0.645,0.9885,4.34,healthy_lifestyle
U831,18,female,170,75.7,26.19,1571,1865,Sedentary,2.7,2106,3365,200,44,1,6.6,241,12.92,44,44.0,44.45,-1.4,1.081,24.64,0.8424,1.1292,4.55,weight_gain
U832,20,female,161,50.0,19.29,1245,2165,Active,2.7,1867,11464,502,142,4,7.5,-298,-13.76,568,35.5,229.28,-0.5,1.636,43.3,0.5751,0.8624,3.54,weight_loss
U833,34,female,158,49.8,19.95,1153,1770,Moderate,2.5,1944,9966,611,133,4,7.2,174,9.83,532,33.25,200.12,-0.8,1.521,35.54,0.6514,1.0983,4.59,weight_gain
U834,25,female,155,66.1,27.51,1342,2080,Moderate,2.7,2012,7054,350,58,3,8.1,-68,-3.27,174,19.33,106.72,0.1,1.238,31.47,0.6452,0.9673,6.03,healthy_lifestyle
U835,58,female,164,60.6,22.53,1178,2000,Active,2.9,1822,10661,482,139,5,7.9,-178,-8.9,695,27.8,175.92,-0.1,1.45,33.0,0.589,0.911,3.47,weight_loss
U836,48,male,181,75.7,23.11,1656,2810,Active,3.1,2478,11687,629,155,4,7.5,-332,-11.81,620,38.75,154.39,-0.5,1.241,37.12,0.5893,0.8819,4.06,weight_loss
U837,31,male,182,61.1,18.45,1601,2482,Moderate,2.5,2429,5622,372,82,2,7.6,-53,-2.14,164,41.0,92.01,-0.4,1.24,40.62,0.645,0.9786,4.54,healthy_lifestyle
U838,28,male,186,62.5,18.07,1654,3162,Very Active,3.4,2996,16985,924,210,6,8.3,-166,-5.25,1260,35.0,271.76,0.3,1.648,50.59,0.5231,0.9475,4.4,weight_loss
U839,23,female,164,59.8,22.23,1349,1855,Light,2.5,1946,7555,331,53,3,7.6,91,4.91,159,17.67,126.34,-0.4,1.267,31.02,0.7272,1.0491,6.25,healthy_lifestyle
U840,52,male,170,90.6,31.35,1714,2001,Sedentary,2.7,1713,3153,146,37,1,6.2,-288,-14.39,37,37.0,34.8,-1.8,0.903,22.09,0.8566,0.8561,3.95,weight_loss
U841,35,male,178,63.0,19.88,1576,2443,Moderate,2.2,2488,9627,524,146,4,7.6,45,1.84,584,36.5,152.81,-0.4,1.058,38.78,0.6451,1.0184,3.59,fitness_improvement
U842,58,female,167,67.2,24.1,1267,1935,Moderate,2.9,1575,10247,603,134,3,7.7,-360,-18.6,402,44.67,152.49,-0.3,1.308,28.79,0.6548,0.814,4.5,weight_loss
U843,42,female,155,56.4,23.48,1163,1974,Active,2.5,2175,12798,860,180,5,7.0,201,10.18,900,36.0,226.91,-1.0,1.343,35.0,0.5892,1.1018,4.78,weight_gain
U844,34,male,178,70.7,22.31,1655,2855,Active,2.9,2909,11443,541,149,5,7.3,54,1.89,745,29.8,161.85,-0.7,1.243,40.38,0.5797,1.0189,3.63,fitness_improvement
U845,34,female,185,70.0,20.45,1523,2094,Light,2.2,2091,5280,323,54,2,6.5,-3,-0.14,108,27.0,75.43,-1.5,0.952,29.91,0.7273,0.9986,5.98,maintenance
U846,31,male,182,71.4,21.56,1699,2931,Active,2.8,2977,11992,532,131,4,7.6,46,1.57,524,32.75,167.96,-0.4,1.188,41.05,0.5797,1.0157,4.06,fitness_improvement
U847,49,female,168,68.2,24.16,1326,1591,Sedentary,2.3,1584,6952,207,61,3,7.0,-7,-0.44,183,20.33,101.94,-1.0,1.022,23.33,0.8334,0.9956,3.39,maintenance
U848,43,male,180,75.0,23.15,1663,2287,Light,2.5,2332,5926,315,94,2,6.7,45,1.97,188,47.0,79.01,-1.3,1.01,30.49,0.7272,1.0197,3.35,maintenance
U849,38,male,180,87.4,26.98,1816,3133,Active,3.8,3008,7983,407,93,3,8.0,-125,-3.99,279,31.0,91.34,0.0,1.318,35.85,0.5796,0.9601,4.38,healthy_lifestyle
U850,52,male,176,61.1,19.72,1453,2472,Active,3.0,2295,11979,549,146,5,8.3,-177,-7.16,730,29.2,196.06,0.3,1.488,40.46,0.5878,0.9284,3.76,weight_loss
U851,36,male,174,79.1,26.13,1704,2641,Moderate,2.8,2810,16079,721,158,4,7.1,169,6.4,632,39.5,203.27,-0.9,1.073,33.39,0.6452,1.064,4.56,fitness_improvement
U852,49,female,151,53.3,23.38,1069,1658,Moderate,2.5,1335,6812,383,85,2,7.6,-323,-19.48,170,42.5,127.8,-0.4,1.421,31.11,0.6448,0.8052,4.51,weight_loss
U853,43,female,166,72.4,26.27,1383,2386,Active,2.9,2446,6619,267,89,4,6.8,60,2.51,356,22.25,91.42,-1.2,1.214,32.96,0.5796,1.0251,3.0,healthy_lifestyle
U854,18,male,181,63.2,19.29,1682,2874,Active,3.2,2588,13630,703,150,5,7.4,-286,-9.95,750,30.0,215.66,-0.6,1.534,45.47,0.5852,0.9005,4.69,weight_loss
U855,38,male,173,75.8,25.33,1652,2587,Moderate,3.0,2247,8705,414,109,2,6.6,-340,-13.14,218,54.5,114.84,-1.4,1.199,34.13,0.6386,0.8686,3.8,weight_loss
U856,47,male,190,84.7,23.46,1802,2772,Moderate,3.1,2959,12453,735,165,3,7.6,187,6.75,495,55.0,147.02,-0.4,1.109,32.73,0.6501,1.0675,4.45,weight_gain
U857,44,male,174,96.2,31.77,1837,2243,Sedentary,2.6,2350,3434,178,43,1,6.3,107,4.77,43,43.0,35.7,-1.7,0.819,23.32,0.819,1.0477,4.14,weight_gain
U858,53,male,174,69.6,22.99,1523,2361,Moderate,2.9,2464,9390,468,122,3,7.0,103,4.36,366,40.67,134.91,-1.0,1.263,33.92,0.6451,1.0436,3.84,fitness_improvement
U859,18,male,178,57.3,18.08,1603,2765,Active,2.3,2676,14376,655,160,6,8.0,-89,-3.22,960,26.67,250.89,0.0,1.216,48.25,0.5797,0.9678,4.09,fitness_improvement
U860,31,male,178,79.2,25.0,1752,2409,Light,2.5,2437,4565,182,52,2,6.6,28,1.16,104,26.0,57.64,-1.4,0.957,30.42,0.7273,1.0116,3.5,maintenance
U861,57,male,183,78.4,23.41,1645,2550,Moderate,2.9,2554,8357,434,81,3,7.6,4,0.16,243,27.0,106.59,-0.4,1.121,32.53,0.6451,1.0016,5.36,healthy_lifestyle
U862,38,female,167,76.4,27.39,1459,2517,Active,3.0,2539,6011,412,86,4,7.4,22,0.87,344,21.5,78.68,-0.6,1.19,32.95,0.5797,1.0087,4.79,healthy_lifestyle
U863,28,male,172,61.2,20.69,1549,2468,Moderate,3.0,2235,11052,522,136,3,7.7,-233,-9.44,408,45.33,180.59,-0.3,1.485,40.33,0.6276,0.9056,3.84,weight_loss
U864,44,male,175,76.6,25.01,1642,2255,Light,3.0,1974,7027,417,93,3,7.4,-281,-12.46,279,31.0,91.74,-0.6,1.187,29.44,0.7282,0.8754,4.48,weight_loss
U865,24,female,167,65.6,23.52,1417,2692,Very Active,2.6,2780,12062,631,162,5,7.4,88,3.27,810,32.4,183.87,-0.6,1.201,41.04,0.5264,1.0327,3.9,fitness_improvement
U866,40,female,166,60.7,22.03,1286,2218,Active,2.3,2298,12520,392,75,5,8.6,80,3.61,375,15.0,206.26,0.6,1.148,36.54,0.5798,1.0361,5.23,fitness_improvement
U867,25,male,170,55.0,19.03,1491,2322,Moderate,2.8,2473,8634,443,115,4,7.3,151,6.5,460,28.75,156.98,-0.7,1.543,42.22,0.6421,1.065,3.85,weight_gain
U868,24,male,172,59.0,19.94,1553,2679,Active,2.5,2610,7205,403,109,3,8.3,-69,-2.58,327,36.33,122.12,0.3,1.284,45.41,0.5797,0.9742,3.7,healthy_lifestyle
U869,44,female,159,52.5,20.77,1136,1963,Active,2.8,1798,11169,602,138,5,7.8,-165,-8.41,690,27.6,212.74,-0.2,1.616,37.39,0.5787,0.9159,4.36,weight_loss
U870,20,male,169,74.9,26.22,1710,2014,Sedentary,2.7,1756,4291,261,56,1,6.6,-258,-12.81,56,56.0,57.29,-1.4,1.092,26.89,0.8491,0.8719,4.66,weight_loss
U871,52,female,165,71.7,26.34,1328,2523,Very Active,2.9,2563,10417,513,155,6,7.5,40,1.59,930,25.83,145.29,-0.5,1.226,35.19,0.5264,1.0159,3.31,fitness_improvement
U872,36,male,181,84.0,25.64,1794,2781,Moderate,2.6,2782,10978,440,52,1,8.2,1,0.04,52,52.0,130.69,0.2,0.938,33.11,0.6451,1.0004,8.46,maintenance
U873,22,male,181,91.2,27.84,1937,2339,Sedentary,2.9,1864,4070,208,52,1,6.6,-475,-20.31,52,52.0,44.63,-1.4,0.964,25.65,0.8281,0.7969,4.0,weight_loss
U874,47,male,183,76.7,22.9,1680,2881,Active,3.3,3068,13905,702,189,5,7.8,187,6.49,945,37.8,181.29,-0.2,1.304,37.56,0.5831,1.0649,3.71,weight_gain
U875,52,male,176,93.1,30.06,1778,2118,Sedentary,2.8,2321,3010,191,42,1,6.8,203,9.58,42,42.0,32.33,-1.2,0.911,22.75,0.8395,1.0958,4.55,weight_gain
U876,32,male,179,78.1,24.38,1746,2401,Light,2.4,2423,6450,357,68,2,6.2,22,0.92,136,34.0,82.59,-1.8,0.931,30.74,0.7272,1.0092,5.25,maintenance
U877,55,male,172,65.3,22.07,1458,2210,Moderate,2.8,1887,10438,676,137,3,8.6,-323,-14.62,411,45.67,159.85,0.6,1.299,33.84,0.6597,0.8538,4.93,weight_loss
U878,40,female,154,68.1,28.71,1285,1506,Sedentary,2.4,1673,3282,130,33,1,6.1,167,11.09,33,33.0,48.19,-1.9,1.068,22.11,0.8533,1.1109,3.94,weight_gain
U879,37,male,183,60.5,18.07,1570,2933,Very Active,3.3,2577,15309,814,193,6,8.2,-356,-12.14,1158,32.17,253.04,0.2,1.653,48.48,0.5353,0.8786,4.22,weight_loss
U880,26,female,166,55.5,20.14,1300,2015,Moderate,1.8,1990,7781,255,35,3,7.7,-25,-1.24,105,11.67,140.2,-0.3,0.983,36.31,0.6452,0.9876,7.29,healthy_lifestyle
U881,44,female,170,53.7,18.58,1217,1886,Moderate,1.7,1886,9503,419,92,3,7.6,0,0.0,276,30.67,176.96,-0.4,0.959,35.12,0.6453,1.0,4.55,healthy_lifestyle
U882,30,female,158,54.7,21.91,1226,1665,Light,2.4,1369,5352,247,64,3,7.9,-296,-17.78,192,21.33,97.84,-0.1,1.33,30.44,0.7363,0.8222,3.86,weight_loss
U883,47,female,167,67.3,24.13,1318,1582,Sedentary,1.8,1596,5038,216,30,1,8.4,14,0.88,30,30.0,74.86,0.4,0.81,23.51,0.8331,1.0088,7.2,maintenance
U884,40,female,169,64.6,22.62,1343,2067,Moderate,2.7,1716,9159,481,117,2,7.7,-351,-16.98,234,58.5,141.78,-0.3,1.267,32.0,0.6497,0.8302,4.11,weight_loss
U885,19,female,163,48.3,18.18,1245,2030,Active,2.6,2309,13491,724,165,5,7.8,279,13.74,825,33.0,279.32,-0.2,1.631,42.03,0.6133,1.1374,4.39,weight_gain
U886,34,male,176,67.7,21.86,1612,2611,Moderate,2.8,2396,11391,572,142,2,7.4,-215,-8.23,284,71.0,168.26,-0.6,1.253,38.57,0.6174,0.9177,4.03,weight_loss
U887,46,female,164,77.8,28.93,1414,1705,Sedentary,2.6,1494,2884,126,34,1,6.6,-211,-12.38,34,34.0,37.07,-1.4,1.013,21.92,0.8293,0.8762,3.71,weight_loss
U888,55,female,176,78.3,25.28,1445,2278,Moderate,2.8,2022,10678,713,135,3,7.3,-256,-11.24,405,45.0,136.37,-0.7,1.084,29.09,0.6343,0.8876,5.28,weight_loss
U889,42,female,159,50.9,20.13,1132,1811,Moderate,2.6,1994,12498,724,173,3,7.9,183,10.1,519,57.67,245.54,-0.1,1.548,35.58,0.6251,1.101,4.18,weight_gain
U890,45,male,178,72.1,22.76,1611,2558,Moderate,2.9,2172,7825,369,98,4,7.5,-386,-15.09,392,24.5,108.53,-0.5,1.219,35.48,0.6298,0.8491,3.77,weight_loss
U891,54,male,168,91.0,32.24,1693,2624,Moderate,3.9,2576,10119,457,114,4,7.8,-48,-1.83,456,28.5,111.2,-0.2,1.299,28.84,0.6452,0.9817,4.01,healthy_lifestyle
U892,34,male,181,75.8,23.14,1726,2651,Moderate,3.0,2376,9564,472,115,3,7.5,-275,-10.37,345,38.33,126.17,-0.5,1.199,34.97,0.6511,0.8963,4.1,weight_loss
U893,45,female,166,81.2,29.47,1464,2269,Moderate,3.7,2295,9878,476,129,4,7.6,26,1.15,516,32.25,121.65,-0.4,1.381,27.94,0.6452,1.0115,3.69,healthy_lifestyle
U894,39,female,162,58.9,22.44,1247,1715,Light,2.0,1742,8308,446,104,3,7.7,27,1.57,312,34.67,141.05,-0.3,1.029,29.12,0.7271,1.0157,4.29,healthy_lifestyle
U895,39,male,180,69.2,21.36,1630,2812,Active,2.8,3026,6651,437,143,2,7.9,214,7.61,286,71.5,96.11,-0.1,1.226,40.64,0.5797,1.0761,3.06,healthy_lifestyle
U896,43,female,164,50.5,18.78,1153,1779,Moderate,2.7,1371,7987,395,96,2,8.3,-408,-22.93,192,48.0,158.16,0.3,1.62,35.23,0.6481,0.7707,4.11,weight_loss
U897,44,female,160,70.6,27.58,1323,1577,Sedentary,2.7,1189,2711,135,31,1,6.6,-388,-24.6,31,31.0,38.4,-1.4,1.159,22.34,0.8389,0.754,4.35,weight_loss
U898,45,male,184,84.5,24.96,1773,2384,Light,2.9,2139,7730,391,93,3,7.5,-245,-10.28,279,31.0,91.48,-0.5,1.04,28.21,0.7437,0.8972,4.2,weight_loss
U899,49,female,164,62.0,23.05,1239,1920,Moderate,2.4,1939,8989,467,92,2,7.7,19,0.99,184,46.0,144.98,-0.3,1.173,30.97,0.6453,1.0099,5.08,healthy_lifestyle
U900,57,male,178,73.4,23.17,1569,2981,Very Active,2.9,3114,12578,478,75,5,6.9,133,4.46,375,15.0,171.36,-1.1,1.197,40.61,0.5263,1.0446,6.37,fitness_improvement
U901,52,female,158,72.2,28.92,1292,1776,Light,2.0,1843,5596,197,50,3,7.3,67,3.77,150,16.67,77.51,-0.7,0.839,24.6,0.7275,1.0377,3.94,maintenance
U902,34,female,172,67.6,22.85,1418,2446,Active,2.6,2474,11531,496,127,4,8.1,28,1.14,508,31.75,170.58,0.1,1.166,36.18,0.5797,1.0114,3.91,fitness_improvement
U903,20,female,169,62.3,21.81,1420,2201,Moderate,2.4,2054,10338,467,88,3,7.7,-147,-6.68,264,29.33,165.94,-0.3,1.167,35.33,0.6452,0.9332,5.31,healthy_lifestyle
U904,29,male,185,75.9,22.18,1774,2650,Moderate,3.2,2298,9581,428,120,4,7.2,-352,-13.28,480,30.0,126.23,-0.8,1.278,34.91,0.6694,0.8672,3.57,weight_loss
U905,34,female,162,60.0,22.86,1282,1971,Moderate,2.6,1578,8455,458,108,3,7.2,-393,-19.94,324,36.0,140.92,-0.8,1.313,32.85,0.6504,0.8006,4.24,weight_loss
U906,32,male,174,54.7,18.07,1481,1777,Sedentary,1.5,1785,6266,217,42,2,7.7,8,0.45,84,21.0,114.55,-0.3,0.831,32.49,0.8334,1.0045,5.17,maintenance
U907,53,female,162,56.8,21.64,1154,1587,Light,1.4,1568,6263,284,40,1,7.7,-19,-1.2,40,40.0,110.26,-0.3,0.747,27.94,0.7272,0.988,7.1,maintenance
U908,20,female,163,53.1,19.99,1291,2001,Moderate,2.2,2082,10042,409,100,1,7.5,81,4.05,100,100.0,189.11,-0.5,1.255,37.68,0.6452,1.0405,4.09,healthy_lifestyle
U909,56,female,175,78.4,25.6,1437,1939,Light,2.6,2216,7250,383,95,2,7.4,277,14.29,190,47.5,92.47,-0.6,1.005,24.73,0.7411,1.1429,4.03,weight_gain
U910,31,male,162,51.8,19.74,1382,2626,Very Active,1.8,2658,14345,793,176,4,7.8,32,1.22,704,44.0,276.93,-0.2,1.053,50.69,0.5263,1.0122,4.51,fitness_improvement
U911,39,male,168,67.4,23.88,1534,2339,Moderate,2.9,2131,10980,573,120,3,7.1,-208,-8.89,360,40.0,162.91,-0.9,1.304,34.7,0.6558,0.9111,4.78,weight_loss
U912,47,female,168,69.0,24.45,1341,2079,Moderate,3.2,2098,11001,540,135,4,7.8,19,0.91,540,33.75,159.43,-0.2,1.405,30.13,0.645,1.0091,4.0,fitness_improvement
U913,28,male,177,85.6,27.32,1825,2829,Moderate,2.9,2643,13781,580,101,7,8.1,-186,-6.57,707,14.43,160.99,0.1,1.027,33.05,0.6451,0.9343,5.74,fitness_improvement
U914,22,female,165,55.0,20.2,1312,2068,Moderate,2.7,2253,9417,490,113,4,7.7,185,8.95,452,28.25,171.22,-0.3,1.488,37.6,0.6344,1.0895,4.34,weight_gain
U915,56,male,174,101.2,33.43,1822,2200,Sedentary,2.9,1900,3417,192,43,1,6.2,-300,-13.64,43,43.0,33.76,-1.8,0.868,21.74,0.8282,0.8636,4.47,weight_loss
U916,23,male,172,84.7,28.63,1811,2490,Light,2.7,2499,8258,363,49,1,7.5,9,0.36,49,49.0,97.5,-0.5,0.966,29.4,0.7273,1.0036,7.41,maintenance
U917,55,male,177,79.1,25.25,1625,2602,Moderate,3.1,2814,10019,503,124,2,7.5,212,8.15,248,62.0,126.66,-0.5,1.188,32.9,0.6245,1.0815,4.06,weight_gain
U918,58,male,175,72.6,23.71,1535,2111,Light,2.2,2016,6393,316,75,1,8.1,-95,-4.5,75,75.0,88.06,0.1,0.918,29.08,0.7271,0.955,4.21,maintenance
U919,42,female,167,61.1,21.91,1287,2014,Moderate,2.7,2222,8900,504,108,4,7.7,208,10.33,432,27.0,145.66,-0.3,1.339,32.96,0.639,1.1033,4.67,weight_gain
U920,23,female,157,44.5,18.05,1151,2187,Very Active,1.8,2192,10672,467,112,5,7.1,5,0.23,560,22.4,239.82,-0.9,1.226,49.15,0.5263,1.0023,4.17,fitness_improvement
U921,30,male,169,51.5,18.03,1427,2662,Very Active,3.0,2913,15972,865,186,6,8.7,251,9.43,1116,31.0,310.14,0.7,1.765,51.69,0.5361,1.0943,4.65,weight_gain
U922,56,female,177,85.4,27.26,1522,2892,Very Active,3.1,2839,11695,623,176,4,7.4,-53,-1.83,704,44.0,136.94,-0.6,1.1,33.86,0.5263,0.9817,3.54,fitness_improvement
U923,58,male,179,77.8,24.28,1614,2507,Moderate,2.9,2340,9057,516,117,2,7.7,-167,-6.66,234,58.5,116.41,-0.3,1.13,32.22,0.6438,0.9334,4.41,weight_loss
U924,38,male,174,69.9,23.09,1604,2767,Active,3.2,2666,9924,366,87,5,7.4,-101,-3.65,435,17.4,141.97,-0.6,1.387,39.59,0.5797,0.9635,4.21,fitness_improvement
U925,28,male,180,83.1,25.65,1822,2167,Sedentary,2.9,2429,3243,184,39,1,6.8,262,12.09,39,39.0,39.03,-1.2,1.058,26.08,0.8408,1.1209,4.72,weight_gain
U926,30,female,173,83.3,27.83,1604,2486,Moderate,2.9,2468,9079,381,88,4,7.4,-18,-0.72,352,22.0,108.99,-0.6,1.055,29.84,0.6452,0.9928,4.33,healthy_lifestyle
U927,42,female,161,57.8,22.3,1215,1896,Moderate,2.6,2154,11841,633,156,3,7.4,258,13.61,468,52.0,204.86,-0.6,1.363,32.8,0.6408,1.1361,4.06,weight_gain
U928,18,female,164,67.1,24.95,1442,2487,Active,2.3,2624,12596,646,179,4,6.7,137,5.51,716,44.75,187.72,-1.3,1.039,37.06,0.5798,1.0551,3.61,fitness_improvement
U929,51,male,169,64.3,22.51,1450,2546,Active,3.1,2145,13706,686,161,5,7.8,-401,-15.75,805,32.2,213.16,-0.2,1.461,39.6,0.5695,0.8425,4.26,weight_loss
U930,37,male,183,68.6,20.48,1651,2589,Moderate,3.0,2927,7946,414,100,2,7.9,338,13.06,200,50.0,115.83,-0.1,1.325,37.74,0.6377,1.1306,4.14,weight_gain
U931,38,female,170,81.8,28.3,1532,1804,Sedentary,2.5,1452,3863,237,53,1,6.7,-352,-19.51,53,53.0,47.22,-1.3,0.926,22.05,0.8492,0.8049,4.47,weight_loss
U932,36,male,187,80.2,22.93,1795,2817,Moderate,3.2,3100,12218,673,145,2,7.2,283,10.05,290,72.5,152.34,-0.8,1.209,35.12,0.6372,1.1005,4.64,weight_gain
U933,32,male,176,65.2,21.05,1598,2477,Moderate,2.3,2651,7013,289,71,3,7.9,174,7.02,213,23.67,107.56,-0.1,1.069,37.99,0.6451,1.0702,4.07,healthy_lifestyle
U934,18,female,169,51.5,18.03,1321,2468,Very Active,3.0,2230,15840,892,222,7,7.7,-238,-9.64,1554,31.71,307.57,-0.3,1.765,47.92,0.5353,0.9036,4.02,weight_loss
U935,39,female,167,77.6,27.82,1463,2524,Active,3.0,2654,7843,344,77,2,8.0,130,5.15,154,38.5,101.07,0.0,1.172,32.53,0.5796,1.0515,4.47,healthy_lifestyle
U936,23,male,178,63.4,20.01,1633,2604,Moderate,3.1,2258,7531,401,91,3,7.2,-346,-13.29,273,30.33,118.79,-0.8,1.482,41.07,0.6271,0.8671,4.41,weight_loss
U937,21,female,165,56.3,20.68,1326,2035,Moderate,2.7,2375,11051,594,135,2,7.3,340,16.71,270,67.5,196.29,-0.7,1.453,36.15,0.6516,1.1671,4.4,weight_gain
U938,31,female,176,59.8,19.31,1380,2377,Active,2.9,2208,11928,674,157,4,8.0,-169,-7.11,628,39.25,199.46,0.0,1.47,39.75,0.5806,0.9289,4.29,weight_loss
U939,19,female,172,60.0,20.28,1421,2451,Active,2.1,2507,14329,600,143,6,7.3,56,2.28,858,23.83,238.82,-0.7,1.061,40.85,0.5798,1.0228,4.2,fitness_improvement
U940,23,male,168,62.0,21.97,1562,2451,Moderate,3.0,2734,7929,485,103,4,7.2,283,11.55,412,25.75,127.89,-0.8,1.466,39.53,0.6373,1.1155,4.71,weight_gain
U941,51,male,178,79.3,25.03,1656,3146,Very Active,2.7,3158,11665,504,109,4,8.2,12,0.38,436,27.25,147.1,0.2,1.032,39.67,0.5264,1.0038,4.62,fitness_improvement
U942,40,male,168,65.2,23.1,1508,2601,Active,2.6,2563,11455,401,128,5,7.6,-38,-1.46,640,25.6,175.69,-0.4,1.208,39.89,0.5798,0.9854,3.13,fitness_improvement
U943,40,female,171,54.1,18.5,1249,1948,Moderate,2.6,1621,8208,395,97,2,8.4,-327,-16.79,194,48.5,151.72,0.4,1.456,36.01,0.6412,0.8321,4.07,weight_loss
U944,54,female,165,86.6,31.81,1466,1757,Sedentary,2.7,1581,3782,184,43,1,6.2,-176,-10.02,43,43.0,43.67,-1.8,0.945,20.29,0.8344,0.8998,4.28,weight_loss
U945,33,female,176,68.5,22.11,1456,2257,Moderate,2.7,2217,10917,525,64,2,7.3,-40,-1.77,128,32.0,159.37,-0.7,1.194,32.95,0.6451,0.9823,8.2,healthy_lifestyle
U946,55,female,168,71.1,25.19,1325,2286,Active,2.3,2321,9849,410,114,6,6.7,35,1.53,684,19.0,138.52,-1.3,0.98,32.15,0.5796,1.0153,3.6,fitness_improvement
U947,20,male,182,60.2,18.17,1644,2582,Moderate,3.0,2916,10374,645,141,2,7.9,334,12.94,282,70.5,172.33,-0.1,1.51,42.89,0.6367,1.1294,4.57,weight_gain
U948,58,female,163,72.9,27.44,1299,1992,Moderate,2.8,1770,11181,608,135,2,6.6,-222,-11.14,270,67.5,153.37,-1.4,1.164,27.33,0.6521,0.8886,4.5,weight_loss
U949,25,female,158,54.8,21.95,1252,1904,Moderate,2.6,1625,10007,560,126,3,7.2,-279,-14.65,378,42.0,182.61,-0.8,1.438,34.74,0.6576,0.8535,4.44,weight_loss
U950,28,female,161,59.8,23.07,1305,2023,Moderate,2.1,2074,6729,464,100,4,8.1,51,2.52,400,25.0,112.53,0.1,1.064,33.83,0.6451,1.0252,4.64,healthy_lifestyle
U951,55,female,157,55.0,22.31,1092,1875,Active,2.6,1624,10681,591,138,5,7.9,-251,-13.39,690,27.6,194.2,-0.1,1.433,34.09,0.5824,0.8661,4.28,weight_loss
U952,46,female,168,70.7,25.05,1368,2360,Active,2.6,2454,11399,688,171,5,6.6,94,3.98,855,34.2,161.23,-1.4,1.114,33.38,0.5797,1.0398,4.02,fitness_improvement
U953,33,female,169,80.6,28.22,1539,2385,Moderate,3.4,2335,7065,394,88,2,8.1,-50,-2.1,176,44.0,87.66,0.1,1.278,29.59,0.6453,0.979,4.48,healthy_lifestyle
U954,53,female,180,66.4,20.49,1362,2313,Active,2.9,2102,10208,502,118,5,7.9,-211,-9.12,590,23.6,153.73,-0.1,1.323,34.83,0.5888,0.9088,4.25,weight_loss
U955,51,female,172,66.9,22.61,1327,2267,Active,2.8,2107,10237,585,131,5,7.7,-160,-7.06,655,26.2,153.02,-0.3,1.268,33.89,0.5854,0.9294,4.47,weight_loss
U956,22,male,175,76.8,25.08,1755,3027,Active,2.2,2955,9013,575,167,5,8.4,-72,-2.38,835,33.4,117.36,0.4,0.868,39.41,0.5798,0.9762,3.44,fitness_improvement
U957,29,male,180,70.1,21.64,1684,2610,Moderate,2.7,2610,9678,421,80,2,8.2,0,0.0,160,40.0,138.06,0.2,1.167,37.23,0.6452,1.0,5.26,healthy_lifestyle
U958,30,female,161,61.7,23.8,1312,2065,Moderate,2.7,1823,8979,483,112,4,7.2,-242,-11.72,448,28.0,145.53,-0.8,1.326,33.47,0.6354,0.8828,4.31,weight_loss
U959,42,male,168,85.2,30.19,1696,2052,Sedentary,2.3,2358,3361,170,47,1,6.5,306,14.91,47,47.0,39.45,-1.5,0.818,24.08,0.8265,1.1491,3.62,weight_gain
U960,48,female,151,51.5,22.59,1057,1823,Active,2.0,1832,10202,523,93,5,7.4,9,0.49,465,18.6,198.1,-0.6,1.177,35.4,0.5798,1.0049,5.62,fitness_improvement
U961,25,female,155,46.9,19.52,1155,1935,Active,2.7,1499,13243,679,160,4,7.7,-436,-22.53,640,40.0,282.37,-0.3,1.745,41.26,0.5969,0.7747,4.24,weight_loss
U962,49,female,167,65.0,23.31,1289,1998,Moderate,2.2,1997,9005,400,79,1,6.5,-1,-0.05,79,79.0,138.54,-1.5,1.026,30.74,0.6451,0.9995,5.06,maintenance
U963,49,female,163,77.3,29.09,1386,2633,Very Active,2.8,2726,12197,648,133,5,7.1,93,3.53,665,26.6,157.79,-0.9,1.098,34.06,0.5264,1.0353,4.87,fitness_improvement
U964,30,female,155,50.9,21.19,1164,2008,Active,1.6,1882,14108,645,119,4,7.3,-126,-6.27,476,29.75,277.17,-0.7,0.953,39.45,0.5797,0.9373,5.42,fitness_improvement
U965,30,female,163,53.3,20.06,1238,1919,Moderate,2.0,1964,7961,282,76,2,8.0,45,2.34,152,38.0,149.36,0.0,1.137,36.0,0.6451,1.0234,3.71,healthy_lifestyle
U966,24,male,183,75.2,22.46,1782,3074,Active,3.3,3083,16500,755,184,4,6.6,9,0.29,736,46.0,219.41,-1.4,1.33,40.88,0.5797,1.0029,4.1,fitness_improvement
U967,41,female,165,52.9,19.43,1195,1643,Light,1.9,1675,5916,296,75,2,7.1,32,1.95,150,37.5,111.83,-0.9,1.088,31.06,0.7273,1.0195,3.95,maintenance
U968,26,female,154,50.3,21.21,1173,1753,Moderate,2.7,1525,7805,468,104,2,7.7,-228,-13.01,208,52.0,155.17,-0.3,1.627,34.85,0.6691,0.8699,4.5,weight_loss
U969,27,male,169,56.7,19.85,1493,2575,Active,1.8,2549,10773,427,104,6,8.2,-26,-1.01,624,17.33,190.0,0.2,0.962,45.41,0.5798,0.9899,4.11,fitness_improvement
U970,39,female,179,62.8,19.6,1394,2497,Active,3.0,2209,10381,613,126,4,7.9,-288,-11.53,504,31.5,165.3,-0.1,1.448,39.76,0.5583,0.8847,4.87,weight_loss
U971,44,female,165,67.1,24.65,1319,2057,Moderate,2.7,1654,8305,459,112,4,7.9,-403,-19.59,448,28.0,123.77,-0.1,1.219,30.66,0.6412,0.8041,4.1,weight_loss
U972,27,female,176,60.3,19.47,1404,2145,Moderate,2.9,1955,11458,593,143,2,7.7,-190,-8.86,286,71.5,190.02,-0.3,1.457,35.57,0.6545,0.9114,4.15,weight_loss
U973,28,female,164,53.9,20.04,1260,1969,Moderate,2.6,1659,11565,707,151,4,7.6,-310,-15.74,604,37.75,214.56,-0.4,1.462,36.53,0.6399,0.8426,4.68,weight_loss
U974,54,male,172,73.3,24.78,1543,2146,Light,2.9,1844,6711,360,82,2,8.0,-302,-14.07,164,41.0,91.56,0.0,1.199,29.28,0.719,0.8593,4.39,weight_loss
U975,40,female,157,68.7,27.87,1308,1798,Light,2.8,1868,7023,376,99,3,8.1,70,3.89,297,33.0,102.23,0.1,1.235,26.17,0.7275,1.0389,3.8,healthy_lifestyle
U976,43,male,173,57.5,19.21,1447,2542,Active,2.9,2741,12973,607,148,4,7.6,199,7.83,592,37.0,225.62,-0.4,1.528,44.21,0.5692,1.0783,4.1,weight_gain
U977,23,female,171,52.5,17.95,1317,2270,Active,3.0,2411,11829,585,154,5,8.2,141,6.21,770,30.8,225.31,0.2,1.732,43.24,0.5802,1.0621,3.8,weight_gain
U978,55,male,185,83.2,24.31,1717,2726,Moderate,3.0,2811,7477,406,91,3,8.0,85,3.12,273,30.33,89.87,0.0,1.093,32.76,0.6299,1.0312,4.46,weight_gain
U979,43,male,190,85.7,23.74,1835,3486,Very Active,3.6,3487,14312,792,193,4,7.2,1,0.03,772,48.25,167.0,-0.8,1.273,40.68,0.5264,1.0003,4.1,fitness_improvement
U980,48,female,163,50.8,19.12,1125,2138,Very Active,1.8,2111,12227,594,144,4,8.2,-27,-1.26,576,36.0,240.69,0.2,1.074,42.09,0.5262,0.9874,4.12,fitness_improvement
U981,19,male,185,87.2,25.48,1939,2354,Sedentary,3.1,2048,3381,186,43,1,6.6,-306,-13.0,43,43.0,38.77,-1.4,1.077,27.0,0.8237,0.87,4.33,weight_loss
U982,51,male,179,69.8,21.78,1566,2430,Moderate,2.9,2644,9906,651,134,4,8.2,214,8.81,536,33.5,141.92,0.2,1.259,34.81,0.6444,1.0881,4.86,weight_gain
U983,19,male,180,83.5,25.77,1869,2897,Moderate,3.0,2928,7978,380,81,3,6.6,31,1.07,243,27.0,95.54,-1.4,1.089,34.69,0.6452,1.0107,4.69,maintenance
U984,27,female,170,60.0,20.76,1369,2144,Moderate,2.7,1774,9783,458,122,4,7.7,-370,-17.26,488,30.5,163.05,-0.3,1.364,35.73,0.6385,0.8274,3.75,weight_loss
U985,20,male,167,77.5,27.79,1723,2369,Light,2.9,2382,7880,352,49,1,6.1,13,0.55,49,49.0,101.68,-1.9,1.134,30.57,0.7273,1.0055,7.18,maintenance
U986,20,male,167,54.7,19.61,1497,2320,Moderate,2.5,2343,11535,654,110,4,7.5,23,0.99,440,27.5,210.88,-0.5,1.385,42.41,0.6453,1.0099,5.95,fitness_improvement
U987,57,female,176,57.2,18.47,1229,2331,Very Active,2.9,2047,17312,968,222,6,8.6,-284,-12.18,1332,37.0,302.66,0.6,1.536,40.75,0.5272,0.8782,4.36,weight_loss
U988,39,male,175,82.4,26.91,1725,2039,Sedentary,2.9,1561,3091,173,38,1,6.4,-478,-23.44,38,38.0,37.51,-1.6,1.066,24.75,0.846,0.7656,4.55,weight_loss
U989,22,female,166,51.7,18.76,1284,1766,Light,2.0,1821,9494,367,81,3,8.7,55,3.11,243,27.0,183.64,0.7,1.172,34.16,0.7271,1.0311,4.53,healthy_lifestyle
U990,21,female,166,59.3,21.52,1367,2119,Moderate,2.5,2125,9076,460,63,4,7.7,6,0.28,252,15.75,153.05,-0.3,1.278,35.73,0.6451,1.0028,7.3,healthy_lifestyle
U991,26,male,178,66.5,20.99,1654,2616,Moderate,2.9,2199,10052,529,124,2,7.2,-417,-15.94,248,62.0,151.16,-0.8,1.321,39.34,0.6323,0.8406,4.27,weight_loss
U992,36,female,157,53.6,21.75,1176,2029,Active,1.9,2191,8023,245,60,4,7.5,162,7.98,240,15.0,149.68,-0.5,1.074,37.85,0.5796,1.0798,4.08,healthy_lifestyle
U993,18,male,181,71.6,21.86,1764,2734,Moderate,3.0,2932,12557,550,125,6,8.2,198,7.24,750,20.83,175.38,0.2,1.27,38.18,0.6452,1.0724,4.4,fitness_improvement
U994,25,female,164,57.3,21.3,1312,1985,Moderate,2.9,1686,9683,519,126,4,7.2,-299,-15.06,504,31.5,168.99,-0.8,1.534,34.64,0.661,0.8494,4.12,weight_loss
U995,21,female,166,75.2,27.29,1524,2629,Active,2.5,2612,10754,572,91,5,7.6,-17,-0.65,455,18.2,143.01,-0.4,1.007,34.96,0.5797,0.9935,6.29,fitness_improvement
U996,55,male,178,94.5,29.83,1790,2725,Moderate,3.3,2474,9272,390,110,2,6.5,-251,-9.21,220,55.0,98.12,-1.5,1.058,28.84,0.6569,0.9079,3.55,weight_loss
U997,27,female,170,64.3,22.25,1407,2151,Moderate,2.8,1952,7810,396,96,2,7.8,-199,-9.25,192,48.0,121.46,-0.2,1.32,33.45,0.6541,0.9075,4.12,weight_loss
U998,28,male,178,56.9,17.96,1544,2393,Moderate,1.9,2362,7068,402,109,3,7.3,-31,-1.3,327,36.33,124.22,-0.7,1.012,42.06,0.6452,0.987,3.69,healthy_lifestyle
U999,37,female,164,62.1,23.09,1299,2013,Moderate,2.1,2044,11993,517,107,5,7.9,31,1.54,535,21.4,193.12,-0.1,1.025,32.42,0.6453,1.0154,4.83,fitness_improvement
U1000,20,male,176,70.8,22.86,1715,2684,Moderate,3.2,2475,11187,606,139,2,6.9,-209,-7.79,278,69.5,158.01,-1.1,1.37,37.91,0.639,0.9221,4.36,weight_loss
U1001,56,male,179,102.8,32.08,1871,2245,Sedentary,2.8,2271,8113,286,5,4,6.8,26,1.16,20,1.25,78.92,-1.2,0.825,21.84,0.8334,1.0116,57.2,maintenance
U1002,53,male,167,91.9,32.95,1702,2340,Light,1.6,2897,6391,354,73,2,6.5,557,23.8,146,36.5,69.54,-1.5,0.528,25.46,0.7274,1.238,4.85,weight_gain
U1003,38,male,160,73.7,28.79,1552,2948,Very Active,2.9,2413,14904,1276,198,7,6.4,-535,-18.15,1386,28.29,202.23,-1.6,1.192,40.0,0.5265,0.8185,6.44,weight_loss
U1004,45,female,165,54.3,19.94,1188,1425,Sedentary,1.8,1075,3899,203,32,1,6.1,-350,-24.56,32,32.0,71.8,-1.9,1.005,26.24,0.8337,0.7544,6.34,weight_loss
U1005,24,male,180,80.3,24.78,1813,2492,Light,1.6,2880,6363,238,43,2,6.0,388,15.57,86,21.5,79.24,-2.0,0.604,31.03,0.7275,1.1557,5.53,weight_gain
U1006,19,male,179,70.8,22.1,1736,3298,Very Active,3.2,3861,16014,1023,184,6,6.5,563,17.07,1104,30.67,226.19,-1.5,1.37,46.58,0.5264,1.1707,5.56,weight_gain
U1007,21,female,151,62.0,27.19,1297,2010,Moderate,2.4,1897,11059,374,58,4,8.5,-113,-5.62,232,14.5,178.37,0.5,1.173,32.42,0.6453,0.9438,6.45,healthy_lifestyle
U1008,53,female,163,74.1,27.89,1333,1599,Sedentary,2.4,2113,3275,180,34,1,7.2,514,32.15,34,34.0,44.2,-0.8,0.981,21.58,0.8336,1.3215,5.29,weight_gain
U1009,35,female,164,78.1,29.04,1470,2021,Light,1.9,2061,8271,347,63,1,8.3,40,1.98,63,63.0,105.9,0.3,0.737,25.88,0.7274,1.0198,5.51,maintenance
U1010,42,male,166,79.1,28.71,1623,2232,Light,2.7,2289,6133,189,5,1,7.0,57,2.55,5,5.0,77.53,-1.0,1.034,28.22,0.7272,1.0255,37.8,maintenance
U1011,50,male,186,63.3,18.3,1550,2402,Moderate,2.5,2283,9718,477,120,2,8.5,-119,-4.95,240,60.0,153.52,0.5,1.197,37.95,0.6453,0.9505,3.98,healthy_lifestyle
U1012,40,male,189,74.6,20.88,1732,2685,Moderate,2.7,2707,6493,210,13,3,8.3,22,0.82,39,4.33,87.04,0.3,1.097,35.99,0.6451,1.0082,16.15,maintenance
U1013,31,female,152,75.4,32.64,1388,2394,Active,2.6,2518,10247,536,124,2,7.5,124,5.18,248,62.0,135.9,-0.5,1.045,31.75,0.5798,1.0518,4.32,healthy_lifestyle
U1014,30,male,178,61.4,19.38,1581,2727,Active,3.1,2376,13191,469,103,5,7.8,-351,-12.87,515,20.6,214.84,-0.2,1.53,44.41,0.5798,0.8713,4.55,weight_loss
U1015,32,female,160,53.1,20.74,1210,1664,Light,2.0,1655,3153,131,51,3,8.4,-9,-0.54,153,17.0,59.38,0.4,1.141,31.34,0.7272,0.9946,2.57,maintenance
U1016,23,male,187,96.2,27.51,2020,2424,Sedentary,2.0,1839,3981,144,20,1,8.7,-585,-24.13,20,20.0,41.38,0.7,0.63,25.2,0.8333,0.7587,7.2,weight_loss
U1017,56,male,189,65.0,18.2,1556,2411,Moderate,2.1,1991,8675,375,72,3,6.5,-420,-17.42,216,24.0,133.46,-1.5,0.979,37.09,0.6454,0.8258,5.21,weight_loss
U1018,44,male,168,81.8,28.98,1653,2562,Moderate,2.8,2555,9617,537,124,2,7.6,-7,-0.27,248,62.0,117.57,-0.4,1.037,31.32,0.6452,0.9973,4.33,healthy_lifestyle
U1019,58,female,169,59.5,20.83,1200,1650,Light,1.9,1581,7661,299,73,2,8.5,-69,-4.18,146,36.5,128.76,0.5,0.968,27.73,0.7273,0.9582,4.1,maintenance
U1020,34,male,186,87.4,25.26,1871,2900,Moderate,1.9,2951,7973,339,45,2,8.3,51,1.76,90,22.5,91.22,0.3,0.659,33.18,0.6452,1.0176,7.53,maintenance
U1021,19,male,180,82.0,25.31,1855,2875,Moderate,4.0,2329,6835,624,114,3,6.7,-546,-18.99,342,38.0,83.35,-1.3,1.478,35.06,0.6452,0.8101,5.47,weight_loss
U1022,55,male,183,81.2,24.25,1685,3201,Very Active,4.0,3740,12608,1410,208,6,8.6,539,16.84,1248,34.67,155.27,0.6,1.493,39.42,0.5264,1.1684,6.78,weight_gain
U1023,53,male,178,92.0,29.04,1772,2436,Light,3.7,2450,7849,393,104,2,7.7,14,0.57,208,52.0,85.32,-0.3,1.219,26.48,0.7274,1.0057,3.78,healthy_lifestyle
U1024,56,female,167,78.5,28.15,1387,2635,Very Active,3.2,3085,17534,938,191,7,6.5,450,17.08,1337,27.29,223.36,-1.5,1.235,33.57,0.5264,1.1708,4.91,weight_gain
U1025,19,female,150,48.7,21.64,1168,1401,Sedentary,3.8,1737,3183,192,36,0,7.0,336,23.98,0,0.0,65.36,-1.0,2.365,28.77,0.8337,1.2398,5.33,weight_gain
U1026,33,male,162,98.5,37.53,1837,2847,Moderate,3.6,2793,7859,439,104,2,8.3,-54,-1.9,208,52.0,79.79,0.3,1.108,28.9,0.6452,0.981,4.22,healthy_lifestyle
U1027,57,female,169,68.2,23.88,1292,1550,Sedentary,2.5,1948,4200,176,38,1,7.6,398,25.68,38,38.0,61.58,-0.4,1.111,22.73,0.8335,1.2568,4.63,weight_gain
U1028,52,female,165,84.8,31.15,1458,2260,Moderate,2.9,2224,10308,487,138,2,7.4,-36,-1.59,276,69.0,121.56,-0.6,1.036,26.65,0.6451,0.9841,3.53,healthy_lifestyle
U1029,25,female,156,73.8,30.33,1427,2461,Active,2.3,2936,13555,1034,158,4,6.8,475,19.3,632,39.5,183.67,-1.2,0.944,33.35,0.5798,1.193,6.54,weight_gain
U1030,47,female,155,84.2,35.05,1414,1944,Light,2.8,2507,6074,378,63,1,7.7,563,28.96,63,63.0,72.14,-0.3,1.008,23.09,0.7274,1.2896,6.0,weight_gain
U1031,50,female,154,54.2,22.85,1093,1694,Moderate,2.4,1647,10328,381,37,3,7.1,-47,-2.77,111,12.33,190.55,-0.9,1.342,31.25,0.6452,0.9723,10.3,healthy_lifestyle
U1032,47,female,163,81.6,30.71,1438,2228,Moderate,2.5,2760,7060,474,83,3,8.9,532,23.88,249,27.67,86.52,0.9,0.928,27.3,0.6454,1.2388,5.71,weight_gain
U1033,52,male,187,98.4,28.14,1897,2940,Moderate,3.7,2988,6154,361,78,3,8.7,48,1.63,234,26.0,62.54,0.7,1.139,29.88,0.6452,1.0163,4.63,healthy_lifestyle
U1034,20,male,167,63.2,22.66,1580,1896,Sedentary,2.1,1446,2154,100,19,1,8.5,-450,-23.73,19,19.0,34.08,0.5,1.007,30.0,0.8333,0.7627,5.26,weight_loss
U1035,26,male,170,91.9,31.8,1856,2552,Light,4.1,2543,9187,460,107,4,8.0,-9,-0.35,428,26.75,99.97,0.0,1.352,27.77,0.7273,0.9965,4.3,healthy_lifestyle
U1036,24,male,184,88.3,26.08,1918,2973,Moderate,3.5,3018,8348,347,81,2,8.0,45,1.51,162,40.5,94.54,0.0,1.201,33.67,0.6451,1.0151,4.28,healthy_lifestyle
U1037,51,female,151,62.5,27.41,1152,1382,Sedentary,2.0,1395,7711,330,89,2,8.5,13,0.94,178,44.5,123.38,0.5,0.97,22.11,0.8336,1.0094,3.71,maintenance
U1038,39,male,176,61.7,19.92,1527,2901,Very Active,2.5,3118,11085,635,148,4,7.8,217,7.48,592,37.0,179.66,-0.2,1.228,47.02,0.5264,1.0748,4.29,fitness_improvement
U1039,22,female,156,48.4,19.89,1188,1841,Moderate,1.7,1495,8914,787,114,4,8.9,-346,-18.79,456,28.5,184.17,0.9,1.064,38.04,0.6453,0.8121,6.9,weight_loss
U1040,59,female,168,76.8,27.21,1362,2349,Active,2.2,2740,10369,1067,136,5,8.5,391,16.65,680,27.2,135.01,0.5,0.868,30.59,0.5798,1.1665,7.85,weight_gain
U1041,26,female,161,61.4,23.69,1329,1827,Light,2.0,1832,6383,337,65,2,7.3,5,0.27,130,32.5,103.96,-0.7,0.987,29.76,0.7274,1.0027,5.18,maintenance
U1042,18,male,175,83.3,27.2,1841,3497,Very Active,3.2,3129,14294,1171,216,6,8.3,-368,-10.52,1296,36.0,171.6,0.3,1.164,41.98,0.5265,0.8948,5.42,weight_loss
U1043,46,female,163,48.7,18.33,1114,1922,Active,1.8,1895,9353,541,108,5,7.8,-27,-1.4,540,21.6,192.05,-0.2,1.12,39.47,0.5796,0.986,5.01,fitness_improvement
U1044,38,male,166,75.6,27.44,1608,2211,Light,2.7,2184,8794,338,50,1,7.3,-27,-1.22,50,50.0,116.32,-0.7,1.082,29.25,0.7273,0.9878,6.76,maintenance
U1045,48,male,169,88.2,30.88,1703,2640,Moderate,3.3,2821,9099,341,80,4,7.6,181,6.86,320,20.0,103.16,-0.4,1.134,29.93,0.6451,1.0686,4.26,fitness_improvement
U1046,19,male,176,99.0,31.96,2000,2400,Sedentary,3.6,2442,5982,356,85,0,7.3,42,1.75,0,0.0,60.42,-0.7,1.102,24.24,0.8333,1.0175,4.19,maintenance
U1047,54,female,161,60.4,23.3,1179,1414,Sedentary,3.9,1072,2284,96,22,1,6.1,-342,-24.19,22,22.0,37.81,-1.9,1.957,23.41,0.8338,0.7581,4.36,weight_loss
U1048,52,female,172,47.8,16.16,1132,1754,Moderate,2.4,2143,9069,476,93,3,6.4,389,22.18,279,31.0,189.73,-1.6,1.521,36.69,0.6454,1.2218,5.12,weight_gain
U1049,28,male,188,61.8,17.49,1658,3150,Very Active,2.7,3166,12943,569,134,4,7.3,16,0.51,536,33.5,209.43,-0.7,1.324,50.97,0.5263,1.0051,4.25,fitness_improvement
U1050,35,male,176,94.9,30.64,1879,2912,Moderate,3.9,2947,8496,447,134,2,7.8,35,1.2,268,67.0,89.53,-0.2,1.245,30.68,0.6453,1.012,3.34,healthy_lifestyle
U1051,52,male,168,77.0,27.28,1565,2973,Very Active,2.9,3356,17999,712,162,7,6.2,383,12.88,1134,23.14,233.75,-1.8,1.141,38.61,0.5264,1.1288,4.4,weight_gain
U1052,58,male,178,64.1,20.23,1468,2275,Moderate,2.2,2428,11316,424,91,6,8.5,153,6.73,546,15.17,176.54,0.5,1.04,35.49,0.6453,1.0673,4.66,fitness_improvement
U1053,29,male,184,84.9,25.08,1859,3207,Active,3.3,3307,10757,444,122,5,7.0,100,3.12,610,24.4,126.7,-1.0,1.178,37.77,0.5797,1.0312,3.64,fitness_improvement
U1054,56,female,163,67.0,25.22,1247,1933,Moderate,2.9,1963,10303,474,83,4,7.5,30,1.55,332,20.75,153.78,-0.5,1.312,28.85,0.6451,1.0155,5.71,fitness_improvement
U1055,55,male,166,79.2,28.74,1559,2416,Moderate,3.1,2380,8827,456,87,2,8.0,-36,-1.49,174,43.5,111.45,0.0,1.186,30.51,0.6453,0.9851,5.24,healthy_lifestyle
U1056,55,female,168,68.3,24.2,1297,2010,Moderate,2.9,2015,13191,569,119,4,7.5,5,0.25,476,29.75,193.13,-0.5,1.287,29.43,0.6453,1.0025,4.78,fitness_improvement
U1057,53,female,155,73.3,30.51,1275,1530,Sedentary,2.8,2011,4214,274,36,1,6.3,481,31.44,36,36.0,57.49,-1.7,1.158,20.87,0.8333,1.3144,7.61,weight_gain
U1058,20,male,172,60.5,20.45,1585,1902,Sedentary,2.1,1893,6788,397,102,1,7.2,-9,-0.47,102,102.0,112.2,-0.8,1.052,31.44,0.8333,0.9953,3.89,maintenance
U1059,18,male,162,86.3,32.88,1790,2774,Moderate,3.2,2727,12116,684,205,5,7.7,-47,-1.69,1025,41.0,140.39,-0.3,1.124,32.14,0.6453,0.9831,3.34,fitness_improvement
U1060,49,male,172,61.9,20.92,1454,2762,Very Active,3.7,3274,16298,1254,185,7,6.2,512,18.54,1295,26.43,263.3,-1.8,1.811,44.62,0.5264,1.1854,6.78,weight_gain
U1061,58,male,176,91.3,29.47,1728,2073,Sedentary,2.7,1720,4703,245,32,0,8.9,-353,-17.03,0,0.0,51.51,0.9,0.896,22.71,0.8336,0.8297,7.66,weight_loss
U1062,33,male,167,77.8,27.9,1661,1993,Sedentary,1.9,1686,3145,216,37,1,7.1,-307,-15.4,37,37.0,40.42,-0.9,0.74,25.62,0.8334,0.846,5.84,weight_loss
U1063,45,female,154,84.0,35.42,1416,2195,Moderate,3.1,2212,10652,578,147,6,7.2,17,0.77,882,24.5,126.81,-0.8,1.118,26.13,0.6451,1.0077,3.93,fitness_improvement
U1064,46,male,172,101.0,34.14,1860,2883,Moderate,3.0,2736,6813,285,91,4,7.3,-147,-5.1,364,22.75,67.46,-0.7,0.9,28.54,0.6452,0.949,3.13,healthy_lifestyle
U1065,47,male,177,84.8,27.07,1724,3275,Very Active,2.0,3863,16469,1701,214,6,6.5,588,17.95,1284,35.67,194.21,-1.5,0.715,38.62,0.5264,1.1795,7.95,weight_gain
U1066,38,female,174,83.8,27.68,1574,2440,Moderate,2.9,2308,7917,313,82,3,7.5,-132,-5.41,246,27.33,94.47,-0.5,1.049,29.12,0.6451,0.9459,3.82,healthy_lifestyle
U1067,23,female,166,66.4,24.1,1425,1959,Light,3.4,1401,5460,359,52,1,8.3,-558,-28.48,52,52.0,82.23,0.3,1.552,29.5,0.7274,0.7152,6.9,weight_loss
U1068,36,male,176,70.8,22.86,1633,2531,Moderate,2.0,2529,5868,325,66,3,7.2,-2,-0.08,198,22.0,82.88,-0.8,0.856,35.75,0.6452,0.9992,4.92,maintenance
U1069,57,female,151,59.3,26.01,1090,1690,Moderate,2.3,1825,7502,377,77,2,7.9,135,7.99,154,38.5,126.51,-0.1,1.175,28.5,0.645,1.0799,4.9,healthy_lifestyle
U1070,29,male,160,84.8,33.12,1708,2049,Sedentary,2.9,1528,2762,154,34,0,6.1,-521,-25.43,0,0.0,32.57,-1.9,1.036,24.16,0.8336,0.7457,4.53,weight_loss
U1071,32,female,154,69.8,29.43,1339,2075,Moderate,3.3,1673,9493,642,119,4,7.8,-402,-19.37,476,29.75,136.0,-0.2,1.433,29.73,0.6453,0.8063,5.39,weight_loss
U1072,47,male,174,79.7,26.32,1654,2274,Light,3.8,2822,4165,346,62,3,7.9,548,24.1,186,20.67,52.26,-0.1,1.445,28.53,0.7274,1.241,5.58,weight_gain
U1073,34,female,154,76.9,32.43,1400,1925,Light,3.2,2025,7875,330,76,4,7.0,100,5.19,304,19.0,102.41,-1.0,1.261,25.03,0.7273,1.0519,4.34,healthy_lifestyle
U1074,30,male,189,88.5,24.78,1921,2978,Moderate,2.9,3118,8411,318,94,4,7.7,140,4.7,376,23.5,95.04,-0.3,0.993,33.65,0.6451,1.047,3.38,healthy_lifestyle
U1075,33,male,167,68.1,24.42,1564,2424,Moderate,2.7,2367,6089,352,61,3,7.7,-57,-2.35,183,20.33,89.41,-0.3,1.201,35.59,0.6452,0.9765,5.77,healthy_lifestyle
U1076,36,male,180,67.6,20.86,1626,2520,Moderate,2.0,2612,13946,552,152,3,7.6,92,3.65,456,50.67,206.3,-0.4,0.897,37.28,0.6452,1.0365,3.63,fitness_improvement
U1077,43,male,173,76.4,25.53,1635,1962,Sedentary,2.8,2334,4841,221,34,0,6.2,372,18.96,0,0.0,63.36,-1.8,1.111,25.68,0.8333,1.1896,6.5,weight_gain
U1078,47,male,170,101.4,35.09,1846,2861,Moderate,3.6,2862,10466,422,109,2,7.7,1,0.03,218,54.5,103.21,-0.3,1.076,28.21,0.6452,1.0003,3.87,healthy_lifestyle
U1079,39,female,163,69.7,26.23,1359,2344,Active,2.8,2277,10357,478,115,3,7.6,-67,-2.86,345,38.33,148.59,-0.4,1.217,33.63,0.5798,0.9714,4.16,healthy_lifestyle
U1080,20,male,174,98.0,32.37,1972,3402,Active,3.9,3246,10743,462,112,3,7.5,-156,-4.59,336,37.33,109.62,-0.5,1.206,34.71,0.5797,0.9541,4.12,healthy_lifestyle
U1081,54,male,187,60.9,17.42,1512,1814,Sedentary,1.6,1812,5736,233,56,3,7.6,-2,-0.11,168,18.67,94.19,-0.4,0.796,29.79,0.8335,0.9989,4.16,maintenance
U1082,21,female,159,76.6,30.3,1493,2314,Moderate,3.3,2266,8300,330,63,3,7.2,-48,-2.07,189,21.0,108.36,-0.8,1.305,30.21,0.6452,0.9793,5.24,healthy_lifestyle
U1083,36,female,159,56.4,22.31,1216,1672,Light,2.5,2253,5761,475,74,2,6.7,581,34.75,148,37.0,102.15,-1.3,1.343,29.65,0.7273,1.3475,6.42,weight_gain
U1084,39,female,170,51.1,17.68,1217,1673,Light,2.2,1370,6890,249,59,3,8.5,-303,-18.11,177,19.67,134.83,0.5,1.305,32.74,0.7274,0.8189,4.22,weight_loss
U1085,20,male,178,60.8,19.19,1625,2518,Moderate,3.3,1996,6005,480,61,4,8.6,-522,-20.73,244,15.25,98.77,0.6,1.645,41.41,0.6454,0.7927,7.87,weight_loss
U1086,23,male,181,71.6,21.86,1737,2388,Light,3.1,2499,8510,301,61,3,7.9,111,4.65,183,20.33,118.85,-0.1,1.312,33.35,0.7274,1.0465,4.93,healthy_lifestyle
U1087,22,male,165,103.6,38.05,1962,3041,Moderate,3.5,3055,14564,650,92,5,7.4,14,0.46,460,18.4,140.58,-0.6,1.024,29.35,0.6452,1.0046,7.07,fitness_improvement
U1088,55,male,164,82.8,30.79,1583,2176,Light,3.8,1618,4901,489,79,2,7.6,-558,-25.64,158,39.5,59.19,-0.4,1.391,26.28,0.7275,0.7436,6.19,weight_loss
U1089,19,male,172,90.8,30.69,1893,2934,Moderate,3.8,3020,10698,497,88,4,7.7,86,2.93,352,22.0,117.82,-0.3,1.268,32.31,0.6452,1.0293,5.65,healthy_lifestyle
U1090,55,male,182,95.7,28.89,1824,3465,Very Active,1.9,3833,16027,1538,199,6,9.0,368,10.62,1194,33.17,167.47,1.0,0.602,36.21,0.5264,1.1062,7.73,weight_gain
U1091,51,male,171,77.1,26.37,1589,3019,Very Active,3.8,2660,17951,1120,160,5,8.4,-359,-11.89,800,32.0,232.83,0.4,1.494,39.16,0.5263,0.8811,7.0,weight_loss
U1092,52,female,170,52.5,18.17,1166,2011,Active,2.1,1999,12665,554,125,3,6.6,-12,-0.6,375,41.67,241.24,-1.4,1.212,38.3,0.5798,0.994,4.43,fitness_improvement
U1093,57,female,157,62.6,25.4,1161,1799,Moderate,2.5,2277,9708,678,97,3,7.5,478,26.57,291,32.33,155.08,-0.5,1.21,28.74,0.6454,1.2657,6.99,weight_gain
U1094,42,female,166,81.0,29.39,1476,2030,Light,2.7,2046,7340,309,43,2,6.9,16,0.79,86,21.5,90.62,-1.1,1.01,25.06,0.7271,1.0079,7.19,maintenance
U1095,25,female,159,50.6,20.02,1213,1668,Light,1.4,1634,6889,283,23,1,6.3,-34,-2.04,23,23.0,136.15,-1.7,0.838,32.96,0.7272,0.9796,12.3,maintenance
U1096,50,female,154,76.1,32.09,1312,2033,Moderate,1.9,1538,8645,364,61,4,8.3,-495,-24.35,244,15.25,113.6,0.3,0.757,26.71,0.6454,0.7565,5.97,weight_loss
U1097,55,male,172,65.0,21.97,1455,2764,Very Active,2.4,2754,13504,668,151,4,7.5,-10,-0.36,604,37.75,207.75,-0.5,1.119,42.52,0.5264,0.9964,4.42,fitness_improvement
U1098,19,male,186,88.9,25.7,1961,3383,Active,3.4,3517,13973,630,114,4,6.8,134,3.96,456,28.5,157.18,-1.2,1.159,38.05,0.5797,1.0396,5.53,fitness_improvement
U1099,27,male,167,86.3,30.94,1776,2442,Light,3.2,2467,7323,218,54,2,7.4,25,1.02,108,27.0,84.86,-0.6,1.124,28.3,0.7273,1.0102,4.04,maintenance
U1100,35,male,184,71.5,21.12,1695,2627,Moderate,3.3,2157,9531,790,103,4,8.4,-470,-17.89,412,25.75,133.3,0.4,1.399,36.74,0.6452,0.8211,7.67,weight_loss
U1101,54,male,167,89.3,32.02,1671,2298,Light,2.1,2268,5941,321,32,2,6.7,-30,-1.31,64,16.0,66.53,-1.3,0.713,25.73,0.7272,0.9869,10.03,maintenance
U1102,58,male,181,101.0,30.83,1856,3202,Active,4.4,3355,13778,755,172,4,6.5,153,4.78,688,43.0,136.42,-1.5,1.32,31.7,0.5796,1.0478,4.39,fitness_improvement
U1103,18,female,171,65.8,22.5,1475,2544,Active,2.2,2497,12875,549,109,4,7.5,-47,-1.85,436,27.25,195.67,-0.5,1.013,38.66,0.5798,0.9815,5.04,fitness_improvement
U1104,43,male,168,65.1,23.07,1491,1789,Sedentary,2.2,1767,6422,392,48,2,6.8,-22,-1.23,96,24.0,98.65,-1.2,1.024,27.48,0.8334,0.9877,8.17,maintenance
U1105,44,male,176,86.4,27.89,1749,2711,Moderate,2.8,2754,3559,253,61,0,7.1,43,1.59,0,0.0,41.19,-0.9,0.982,31.38,0.6451,1.0159,4.15,maintenance
U1106,41,male,160,76.3,29.8,1563,2970,Very Active,2.8,2915,12847,479,136,5,7.7,-55,-1.85,680,27.2,168.37,-0.3,1.112,38.93,0.5263,0.9815,3.52,fitness_improvement
U1107,37,male,168,66.7,23.63,1537,1844,Sedentary,2.0,1811,7008,272,11,4,6.9,-33,-1.79,44,2.75,105.07,-1.1,0.909,27.65,0.8335,0.9821,24.73,maintenance
U1108,47,male,182,79.2,23.91,1699,2633,Moderate,3.5,2964,8717,364,88,3,7.4,331,12.57,264,29.33,110.06,-0.6,1.339,33.24,0.6453,1.1257,4.14,weight_gain
U1109,57,female,168,47.6,16.87,1080,1674,Moderate,2.0,1617,7777,464,145,3,7.3,-57,-3.41,435,48.33,163.38,-0.7,1.273,35.17,0.6452,0.9659,3.2,healthy_lifestyle
U1110,55,female,168,51.2,18.14,1126,1351,Sedentary,2.0,997,2799,144,19,1,7.6,-354,-26.2,19,19.0,54.67,-0.4,1.184,26.39,0.8335,0.738,7.58,weight_loss
U1111,50,female,172,84.2,28.46,1506,2334,Moderate,3.6,2027,6832,581,116,3,6.6,-307,-13.15,348,38.67,81.14,-1.4,1.296,27.72,0.6452,0.8685,5.01,weight_loss
U1112,25,male,181,75.3,22.98,1764,2734,Moderate,3.0,3084,9680,598,87,3,8.4,350,12.8,261,29.0,128.55,0.4,1.207,36.31,0.6452,1.128,6.87,weight_gain
U1113,41,female,163,69.1,26.01,1343,2082,Moderate,2.6,2059,8277,482,116,4,7.9,-23,-1.1,464,29.0,119.78,-0.1,1.14,30.13,0.6451,0.989,4.16,healthy_lifestyle
U1114,35,female,156,70.3,28.89,1342,2549,Very Active,3.4,2165,16242,955,168,5,8.7,-384,-15.06,840,33.6,231.04,0.7,1.466,36.26,0.5265,0.8494,5.68,weight_loss
U1115,22,male,179,75.1,23.44,1764,2116,Sedentary,3.6,2610,2470,234,32,1,7.0,494,23.35,32,32.0,32.89,-1.0,1.453,28.18,0.8336,1.2335,7.31,weight_gain
U1116,47,male,168,79.6,28.2,1616,3070,Very Active,3.1,3126,12709,581,127,4,7.7,56,1.82,508,31.75,159.66,-0.3,1.18,38.57,0.5264,1.0182,4.57,fitness_improvement
U1117,40,male,176,81.8,26.41,1723,2972,Active,2.8,3280,11599,566,101,4,6.7,308,10.36,404,25.25,141.8,-1.3,1.037,36.33,0.5797,1.1036,5.6,weight_gain
U1118,39,male,170,79.0,27.34,1662,2285,Light,2.1,2321,6633,273,27,3,7.8,36,1.58,81,9.0,83.96,-0.2,0.806,28.92,0.7274,1.0158,10.11,maintenance
U1119,38,male,169,85.9,30.08,1730,2681,Moderate,2.3,2997,7700,614,84,4,6.6,316,11.79,336,21.0,89.64,-1.4,0.811,31.21,0.6453,1.1179,7.31,weight_gain
U1120,59,male,181,66.2,20.21,1503,2330,Moderate,1.4,2334,5014,201,44,2,7.0,4,0.17,88,22.0,75.74,-1.0,0.641,35.2,0.6451,1.0017,4.57,maintenance
U1121,24,female,159,81.6,32.28,1528,2903,Very Active,2.6,3392,14681,909,195,6,8.2,489,16.84,1170,32.5,179.91,0.2,0.966,35.58,0.5264,1.1684,4.66,weight_gain
U1122,53,male,178,71.0,22.41,1562,2147,Light,2.5,2742,6058,447,65,1,7.8,595,27.71,65,65.0,85.32,-0.2,1.067,30.24,0.7275,1.2771,6.88,weight_gain
U1123,51,female,172,71.5,24.17,1374,1648,Sedentary,3.8,2016,3312,215,35,1,6.5,368,22.33,35,35.0,46.32,-1.5,1.611,23.05,0.8337,1.2233,6.14,weight_gain
U1124,34,female,162,51.2,19.51,1193,2057,Active,3.1,2429,11343,693,116,4,8.1,372,18.08,464,29.0,221.54,0.1,1.835,40.18,0.58,1.1808,5.97,weight_gain
U1125,59,female,174,54.9,18.13,1180,1622,Light,3.6,1094,4107,371,73,3,7.8,-528,-32.55,219,24.33,74.81,-0.2,1.987,29.54,0.7275,0.6745,5.08,weight_loss
U1126,36,female,154,48.7,20.53,1108,1911,Active,2.4,1961,9400,366,76,4,7.7,50,2.62,304,19.0,193.02,-0.3,1.493,39.24,0.5798,1.0262,4.82,healthy_lifestyle
U1127,33,male,183,94.1,28.1,1924,3319,Active,3.3,3253,6953,476,97,3,7.7,-66,-1.99,291,32.33,73.89,-0.3,1.063,35.27,0.5797,0.9801,4.91,healthy_lifestyle
U1128,35,female,174,70.9,23.42,1460,2263,Moderate,3.3,2588,6046,578,91,4,9.0,325,14.36,364,22.75,85.28,1.0,1.41,31.92,0.6452,1.1436,6.35,weight_gain
U1129,43,male,180,81.3,25.09,1728,2073,Sedentary,2.4,2489,2136,124,28,1,7.3,416,20.07,28,28.0,26.27,-0.7,0.895,25.5,0.8336,1.2007,4.43,weight_gain
U1130,46,female,167,74.8,26.82,1400,1925,Light,2.1,1868,7381,322,69,1,7.8,-57,-2.96,69,69.0,98.68,-0.2,0.851,25.74,0.7273,0.9704,4.67,maintenance
U1131,52,male,171,65.4,22.37,1467,2017,Light,1.9,2067,6152,306,44,3,7.3,50,2.48,132,14.67,94.07,-0.7,0.88,30.84,0.7273,1.0248,6.95,maintenance
U1132,32,female,173,66.6,22.25,1426,2210,Moderate,2.4,2222,8882,289,49,2,7.1,12,0.54,98,24.5,133.36,-0.9,1.092,33.18,0.6452,1.0054,5.9,maintenance
U1133,52,male,169,104.6,36.62,1847,2216,Sedentary,2.9,2232,5067,154,39,2,7.2,16,0.72,78,19.5,48.44,-0.8,0.84,21.19,0.8335,1.0072,3.95,maintenance
U1134,46,male,189,81.6,22.84,1772,2126,Sedentary,2.7,2165,6947,222,23,2,6.4,39,1.83,46,11.5,85.13,-1.6,1.003,26.05,0.8335,1.0183,9.65,maintenance
U1135,22,male,160,70.7,27.62,1602,2483,Moderate,2.5,2628,9126,475,123,3,7.8,145,5.84,369,41.0,129.08,-0.2,1.072,35.12,0.6452,1.0584,3.86,fitness_improvement
U1136,42,female,165,45.7,16.79,1117,1536,Light,1.2,1577,6500,340,70,2,7.4,41,2.67,140,35.0,142.23,-0.6,0.796,33.61,0.7272,1.0267,4.86,maintenance
U1137,54,female,154,48.6,20.49,1017,1754,Active,2.2,1833,13026,529,126,5,6.4,79,4.5,630,25.2,268.02,-1.6,1.372,36.09,0.5798,1.045,4.2,fitness_improvement
U1138,21,male,186,78.1,22.57,1843,3179,Active,3.3,3056,9427,503,137,5,6.7,-123,-3.87,685,27.4,120.7,-1.3,1.28,40.7,0.5797,0.9613,3.67,fitness_improvement
U1139,43,male,168,68.4,24.23,1524,2362,Moderate,3.5,1801,9588,504,64,4,8.7,-561,-23.75,256,16.0,140.18,0.7,1.551,34.53,0.6452,0.7625,7.88,weight_loss
U1140,52,female,169,84.8,29.69,1483,2558,Active,3.4,2547,9708,437,107,5,8.5,-11,-0.43,535,21.4,114.48,0.5,1.215,30.17,0.5797,0.9957,4.08,fitness_improvement
U1141,52,male,165,88.0,32.32,1656,2567,Moderate,3.3,2574,9389,338,104,3,7.0,7,0.27,312,34.67,106.69,-1.0,1.136,29.17,0.6451,1.0027,3.25,healthy_lifestyle
U1142,20,male,186,65.8,19.02,1725,2976,Active,3.1,2894,14081,539,123,3,6.9,-82,-2.76,369,41.0,214.0,-1.1,1.428,45.23,0.5796,0.9724,4.38,fitness_improvement
U1143,22,female,160,48.5,18.95,1214,1669,Light,1.6,1675,5747,202,50,2,7.7,6,0.36,100,25.0,118.49,-0.3,1.0,34.41,0.7274,1.0036,4.04,maintenance
U1144,54,female,165,72.3,26.56,1323,2051,Moderate,1.5,2074,6874,268,48,2,7.7,23,1.12,96,24.0,95.08,-0.3,0.629,28.37,0.6451,1.0112,5.58,maintenance
U1145,20,female,173,71.5,23.89,1535,2648,Active,2.2,2636,13270,683,160,5,7.8,-12,-0.45,800,32.0,185.59,-0.2,0.932,37.03,0.5797,0.9955,4.27,fitness_improvement
U1146,58,male,172,97.7,33.02,1767,2739,Moderate,4.2,2778,9229,280,58,4,8.1,39,1.42,232,14.5,94.46,0.1,1.303,28.03,0.6451,1.0142,4.83,healthy_lifestyle
U1147,48,female,172,45.2,15.28,1126,1745,Moderate,1.7,1852,13175,553,122,5,7.1,107,6.13,610,24.4,291.48,-0.9,1.14,38.61,0.6453,1.0613,4.53,fitness_improvement
U1148,46,female,161,45.3,17.48,1068,1842,Active,1.8,1759,11325,537,142,4,7.5,-83,-4.51,568,35.5,250.0,-0.5,1.204,40.66,0.5798,0.9549,3.78,fitness_improvement
U1149,41,male,172,95.1,32.15,1826,2511,Light,3.8,2528,6215,269,57,2,6.3,17,0.68,114,28.5,65.35,-1.7,1.211,26.4,0.7272,1.0068,4.72,maintenance
U1150,32,male,189,93.9,26.29,1965,3390,Active,3.2,3215,9784,473,132,5,7.1,-175,-5.16,660,26.4,104.2,-0.9,1.033,36.1,0.5796,0.9484,3.58,fitness_improvement
U1151,29,female,171,73.3,25.07,1495,2056,Light,3.1,2084,10087,582,118,3,7.4,28,1.36,354,39.33,137.61,-0.6,1.282,28.05,0.7271,1.0136,4.93,healthy_lifestyle
U1152,46,female,161,75.0,28.93,1365,2116,Moderate,3.0,2065,10606,598,137,4,7.8,-51,-2.41,548,34.25,141.41,-0.2,1.212,28.21,0.6451,0.9759,4.36,fitness_improvement
U1153,32,female,168,55.1,19.52,1280,1760,Light,1.6,1235,4515,267,46,3,6.5,-525,-29.83,138,15.33,81.94,-1.5,0.88,31.94,0.7273,0.7017,5.8,weight_loss
U1154,46,female,160,53.8,21.02,1147,2179,Very Active,1.8,2212,11979,571,138,6,7.5,33,1.51,828,23.0,222.66,-0.5,1.014,40.5,0.5264,1.0151,4.14,fitness_improvement
U1155,45,female,170,81.4,28.17,1490,1788,Sedentary,3.7,2171,3682,269,34,0,7.2,383,21.42,0,0.0,45.23,-0.8,1.377,21.97,0.8333,1.2142,7.91,weight_gain
U1156,55,female,164,74.8,27.81,1337,1838,Light,2.1,2418,4791,305,41,2,7.4,580,31.56,82,20.5,64.05,-0.6,0.851,24.57,0.7274,1.3156,7.44,weight_gain
U1157,25,male,187,68.3,19.53,1731,2077,Sedentary,3.7,1770,2590,220,36,1,6.1,-307,-14.78,36,36.0,37.92,-1.9,1.642,30.41,0.8334,0.8522,6.11,weight_loss
U1158,46,male,171,61.5,21.03,1458,2260,Moderate,2.6,2320,11938,573,136,7,7.2,60,2.65,952,19.43,194.11,-0.8,1.281,36.75,0.6451,1.0265,4.21,fitness_improvement
U1159,37,male,163,85.1,32.03,1689,2618,Moderate,3.5,2641,9613,445,84,5,7.9,23,0.88,420,16.8,112.96,-0.1,1.246,30.76,0.6451,1.0088,5.3,healthy_lifestyle
U1160,34,male,167,80.9,29.01,1687,2320,Light,3.4,2267,10125,456,86,3,7.5,-53,-2.28,258,28.67,125.15,-0.5,1.274,28.68,0.7272,0.9772,5.3,healthy_lifestyle
U1161,42,female,150,83.1,36.93,1397,1920,Light,3.8,2486,4213,263,53,1,9.0,566,29.48,53,53.0,50.7,1.0,1.386,23.1,0.7276,1.2948,4.96,weight_gain
U1162,49,male,174,82.4,27.22,1671,2882,Active,2.6,2826,8362,413,89,4,7.7,-56,-1.94,356,22.25,101.48,-0.3,0.956,34.98,0.5798,0.9806,4.64,healthy_lifestyle
U1163,19,male,160,64.0,25.0,1550,2945,Very Active,2.8,3005,13784,619,148,3,6.9,60,2.04,444,49.33,215.38,-1.1,1.326,46.02,0.5263,1.0204,4.18,fitness_improvement
U1164,43,female,163,72.7,27.36,1369,2122,Moderate,2.9,2220,9491,561,162,7,7.6,98,4.62,1134,23.14,130.55,-0.4,1.209,29.19,0.6451,1.0462,3.46,fitness_improvement
U1165,23,male,168,102.1,36.17,1961,3383,Active,4.5,3249,7422,429,113,3,8.3,-134,-3.96,339,37.67,72.69,0.3,1.336,33.13,0.5797,0.9604,3.8,healthy_lifestyle
U1166,37,male,189,87.6,24.52,1877,3566,Very Active,2.6,3364,12416,609,105,4,6.8,-202,-5.66,420,26.25,141.74,-1.2,0.899,40.71,0.5264,0.9434,5.8,fitness_improvement
U1167,20,female,158,51.6,20.67,1242,2360,Very Active,1.7,2470,10070,598,168,6,7.7,110,4.66,1008,28.0,195.16,-0.3,0.998,45.74,0.5263,1.0466,3.56,fitness_improvement
U1168,36,female,172,63.8,21.57,1372,2127,Moderate,2.5,2011,11137,461,71,3,8.1,-116,-5.45,213,23.67,174.56,0.1,1.187,33.34,0.645,0.9455,6.49,healthy_lifestyle
U1169,36,male,181,75.0,22.89,1706,2644,Moderate,3.3,2633,6592,222,50,3,8.3,-11,-0.42,150,16.67,87.89,0.3,1.333,35.25,0.6452,0.9958,4.44,healthy_lifestyle
U1170,32,female,150,78.6,34.93,1402,2173,Moderate,2.4,2160,6492,238,64,2,6.2,-13,-0.6,128,32.0,82.6,-1.8,0.925,27.65,0.6452,0.994,3.72,maintenance
U1171,37,female,173,66.7,22.29,1402,1682,Sedentary,1.4,1634,6949,183,70,3,6.8,-48,-2.85,210,23.33,104.18,-1.2,0.636,25.22,0.8335,0.9715,2.61,maintenance
U1172,56,female,159,84.7,33.5,1399,1924,Light,2.3,1931,5834,182,41,1,8.0,7,0.36,41,41.0,68.88,0.0,0.823,22.72,0.7271,1.0036,4.44,maintenance
U1173,50,male,162,94.9,36.16,1716,2059,Sedentary,2.6,2110,7694,276,20,1,7.3,51,2.48,20,20.0,81.07,-0.7,0.83,21.7,0.8334,1.0248,13.8,maintenance
U1174,22,female,155,64.7,26.93,1344,2553,Very Active,2.2,2143,12013,702,151,7,7.2,-410,-16.06,1057,21.57,185.67,-0.8,1.03,39.46,0.5264,0.8394,4.65,weight_loss
U1175,45,male,161,98.6,38.04,1772,2436,Light,1.6,2899,4300,256,52,3,8.7,463,19.01,156,17.33,43.61,0.7,0.492,24.71,0.7274,1.1901,4.92,weight_gain
U1176,31,female,165,65.8,24.17,1373,1887,Light,2.4,2443,6180,381,49,3,6.8,556,29.46,147,16.33,93.92,-1.2,1.105,28.68,0.7276,1.2946,7.78,weight_gain
U1177,37,male,187,61.7,17.64,1605,2488,Moderate,1.9,2559,6717,394,95,3,8.0,71,2.85,285,31.67,108.87,0.0,0.933,40.32,0.6451,1.0285,4.15,healthy_lifestyle
U1178,32,female,155,53.2,22.14,1179,2034,Active,2.2,1936,9206,379,43,3,8.0,-98,-4.82,129,14.33,173.05,0.0,1.253,38.23,0.5796,0.9518,8.81,healthy_lifestyle
U1179,46,female,150,49.9,22.18,1045,1254,Sedentary,2.7,1798,3082,84,14,0,6.1,544,43.38,0,0.0,61.76,-1.9,1.64,25.13,0.8333,1.4338,6.0,weight_gain
U1180,59,female,169,84.5,29.59,1445,2746,Very Active,3.5,2730,11883,501,69,6,8.7,-16,-0.58,414,11.5,140.63,0.7,1.255,32.5,0.5262,0.9942,7.26,fitness_improvement
U1181,48,male,183,83.2,24.84,1740,2697,Moderate,3.1,2723,10531,520,81,4,7.2,26,0.96,324,20.25,126.57,-0.8,1.129,32.42,0.6452,1.0096,6.42,healthy_lifestyle
U1182,59,female,172,51.5,17.41,1134,1758,Moderate,1.4,1776,6088,338,83,2,6.7,18,1.02,166,41.5,118.21,-1.3,0.824,34.14,0.6451,1.0102,4.07,maintenance
U1183,18,female,172,84.1,28.43,1665,2581,Moderate,3.5,2652,8737,536,114,3,7.7,71,2.75,342,38.0,103.89,-0.3,1.261,30.69,0.6451,1.0275,4.7,healthy_lifestyle
U1184,29,male,186,101.9,29.45,2041,3520,Active,3.3,4108,12072,782,118,4,7.2,588,16.7,472,29.5,118.47,-0.8,0.981,34.54,0.5798,1.167,6.63,weight_gain
U1185,22,female,158,49.3,19.75,1209,1874,Moderate,2.0,1754,9749,467,101,3,7.8,-120,-6.4,303,33.67,197.75,-0.2,1.229,38.01,0.6451,0.936,4.62,healthy_lifestyle
U1186,26,male,180,85.5,26.39,1855,2875,Moderate,2.5,2820,6368,316,63,1,6.3,-55,-1.91,63,63.0,74.48,-1.7,0.886,33.63,0.6452,0.9809,5.02,maintenance
U1187,51,female,167,80.1,28.72,1428,1964,Light,3.3,1945,6005,285,111,3,8.3,-19,-0.97,333,37.0,74.97,0.3,1.248,24.52,0.7271,0.9903,2.57,healthy_lifestyle
U1188,32,male,160,76.5,29.88,1610,3059,Very Active,2.9,3153,11805,623,152,4,8.2,94,3.07,608,38.0,154.31,0.2,1.149,39.99,0.5263,1.0307,4.1,fitness_improvement
U1189,52,male,171,60.7,20.76,1420,2698,Very Active,1.6,2587,9070,466,174,5,7.8,-111,-4.11,870,34.8,149.42,-0.2,0.799,44.45,0.5263,0.9589,2.68,fitness_improvement
U1190,25,male,175,98.1,32.03,1954,3029,Moderate,3.5,3204,7876,492,102,2,7.7,175,5.78,204,51.0,80.29,-0.3,1.081,30.88,0.6451,1.0578,4.82,healthy_lifestyle
U1191,53,male,174,77.7,25.66,1604,2766,Active,2.9,3086,9406,1077,142,4,6.2,320,11.57,568,35.5,121.06,-1.8,1.131,35.6,0.5799,1.1157,7.58,weight_gain
U1192,32,male,184,89.5,26.44,1890,2930,Moderate,3.5,2987,6158,347,141,4,8.0,57,1.95,564,35.25,68.8,0.0,1.185,32.74,0.6451,1.0195,2.46,healthy_lifestyle
U1193,21,female,165,65.9,24.21,1424,2207,Moderate,2.6,2063,9476,419,75,3,7.9,-144,-6.52,225,25.0,143.79,-0.1,1.196,33.49,0.6452,0.9348,5.59,healthy_lifestyle
U1194,47,female,167,61.0,21.87,1257,2168,Active,2.5,2218,6566,333,97,4,8.3,50,2.31,388,24.25,107.64,0.3,1.242,35.54,0.5798,1.0231,3.43,healthy_lifestyle
U1195,56,female,162,52.4,19.97,1095,1506,Light,1.5,1536,6988,296,34,1,6.7,30,1.99,34,34.0,133.36,-1.3,0.867,28.74,0.7271,1.0199,8.71,maintenance
U1196,24,male,181,84.8,25.88,1864,3215,Active,1.7,2869,11938,733,112,4,7.5,-346,-10.76,448,28.0,140.78,-0.5,0.607,37.91,0.5798,0.8924,6.54,weight_loss
U1197,45,male,168,95.7,33.91,1787,2769,Moderate,3.2,3189,7660,715,101,4,7.7,420,15.17,404,25.25,80.04,-0.3,1.013,28.93,0.6454,1.1517,7.08,weight_gain
U1198,44,male,164,73.6,27.36,1546,1855,Sedentary,3.4,1456,4904,175,27,0,7.4,-399,-21.51,0,0.0,66.63,-0.6,1.4,25.2,0.8334,0.7849,6.48,weight_loss
U1199,22,male,174,70.6,23.32,1688,2321,Light,3.7,1861,4630,235,50,1,6.9,-460,-19.82,50,50.0,65.58,-1.1,1.588,32.88,0.7273,0.8018,4.7,weight_loss
U1200,52,male,187,69.3,19.82,1606,2208,Light,3.1,2585,5100,275,54,2,7.8,377,17.07,108,27.0,73.59,-0.2,1.356,31.86,0.7274,1.1707,5.09,weight_gain
U1201,35,female,152,62.7,27.14,1241,2141,Active,2.8,2152,11387,541,160,4,7.4,11,0.51,640,40.0,181.61,-0.6,1.353,34.15,0.5796,1.0051,3.38,fitness_improvement
U1202,43,male,165,86.0,31.59,1681,2606,Moderate,2.3,2591,6806,264,61,3,6.7,-15,-0.58,183,20.33,79.14,-1.3,0.81,30.3,0.645,0.9942,4.33,maintenance
U1203,50,female,155,59.2,24.64,1149,2183,Very Active,2.3,2212,11478,566,150,5,6.4,29,1.33,750,30.0,193.89,-1.6,1.177,36.88,0.5263,1.0133,3.77,fitness_improvement
U1204,25,male,165,86.7,31.85,1778,2445,Light,2.2,2353,7370,296,78,2,7.7,-92,-3.76,156,39.0,85.01,-0.3,0.769,28.2,0.7272,0.9624,3.79,maintenance
U1205,19,male,165,85.1,31.26,1792,3404,Very Active,3.4,2819,16211,981,157,6,8.9,-585,-17.19,942,26.17,190.49,0.9,1.211,40.0,0.5264,0.8281,6.25,weight_loss
U1206,30,female,164,53.0,19.71,1244,1710,Light,2.3,1665,6903,304,78,3,7.8,-45,-2.63,234,26.0,130.25,-0.2,1.315,32.26,0.7275,0.9737,3.9,healthy_lifestyle
U1207,20,female,165,60.3,22.15,1373,1887,Light,1.9,1473,4629,250,34,1,7.6,-414,-21.94,34,34.0,76.77,-0.4,0.955,31.29,0.7276,0.7806,7.35,weight_loss
U1208,23,male,181,64.0,19.54,1661,1993,Sedentary,2.2,2030,7878,440,118,0,7.8,37,1.86,0,0.0,123.09,-0.2,1.042,31.14,0.8334,1.0186,3.73,maintenance
U1209,31,male,163,73.6,27.7,1604,3047,Very Active,2.2,2682,14408,748,151,7,7.5,-365,-11.98,1057,21.57,195.76,-0.5,0.906,41.4,0.5264,0.8802,4.95,weight_loss
U1210,20,female,169,56.2,19.68,1357,2103,Moderate,2.3,2154,9143,485,109,3,8.2,51,2.43,327,36.33,162.69,0.2,1.24,37.42,0.6453,1.0243,4.45,healthy_lifestyle
U1211,54,female,169,53.3,18.66,1158,1795,Moderate,1.8,1877,11327,498,128,5,6.7,82,4.57,640,25.6,212.51,-1.3,1.023,33.68,0.6451,1.0457,3.89,fitness_improvement
U1212,47,female,163,77.2,29.06,1394,2161,Moderate,2.7,2109,9827,443,87,3,7.2,-52,-2.41,261,29.0,127.29,-0.8,1.06,27.99,0.6451,0.9759,5.09,healthy_lifestyle
U1213,52,female,167,83.3,29.87,1455,2001,Light,3.3,1997,9359,528,141,2,7.2,-4,-0.2,282,70.5,112.35,-0.8,1.2,24.02,0.7271,0.998,3.74,healthy_lifestyle
U1214,48,female,163,50.6,19.04,1123,1937,Active,3.8,2474,11946,978,134,4,8.0,537,27.72,536,33.5,236.09,0.0,2.276,38.28,0.5798,1.2772,7.3,weight_gain
U1215,51,female,157,64.1,26.01,1206,2080,Active,2.7,1975,14900,615,146,6,8.2,-105,-5.05,876,24.33,232.45,0.2,1.276,32.45,0.5798,0.9495,4.21,fitness_improvement
U1216,46,female,155,45.0,18.73,1027,1772,Active,1.6,1783,11628,458,137,5,7.0,11,0.62,685,27.4,258.4,-1.0,1.077,39.38,0.5796,1.0062,3.34,fitness_improvement
U1217,51,female,159,53.5,21.16,1112,1724,Moderate,2.6,1692,9213,349,76,2,7.0,-32,-1.86,152,38.0,172.21,-1.0,1.473,32.22,0.645,0.9814,4.59,healthy_lifestyle
U1218,52,female,170,49.9,17.27,1140,1767,Moderate,2.3,2329,9151,485,75,4,7.9,562,31.81,300,18.75,183.39,-0.1,1.397,35.41,0.6452,1.3181,6.47,weight_gain
U1219,57,male,176,70.5,22.76,1525,2364,Moderate,3.3,2364,9172,450,119,4,8.1,0,0.0,476,29.75,130.1,0.1,1.418,33.53,0.6451,1.0,3.78,healthy_lifestyle
U1220,52,male,166,83.6,30.34,1618,3074,Very Active,2.9,2973,11373,455,121,4,7.1,-101,-3.29,484,30.25,136.04,-0.9,1.051,36.77,0.5264,0.9671,3.76,fitness_improvement
U1221,44,female,170,45.8,15.85,1139,1765,Moderate,2.2,1328,9542,718,117,4,6.6,-437,-24.76,468,29.25,208.34,-1.4,1.456,38.54,0.6453,0.7524,6.14,weight_loss
U1222,38,female,167,70.2,25.17,1394,2160,Moderate,2.1,2632,6671,421,95,3,7.6,472,21.85,285,31.67,95.03,-0.4,0.907,30.77,0.6454,1.2185,4.43,weight_gain
U1223,38,female,169,55.6,19.47,1261,1734,Light,2.0,1704,7133,297,61,1,6.5,-30,-1.73,61,61.0,128.29,-1.5,1.09,31.19,0.7272,0.9827,4.87,maintenance
U1224,46,female,155,60.7,25.27,1184,1835,Moderate,1.8,1894,6061,353,78,2,7.6,59,3.22,156,39.0,99.85,-0.4,0.899,30.23,0.6452,1.0322,4.53,maintenance
U1225,46,female,150,78.6,34.93,1332,2530,Very Active,1.7,1999,12788,1058,177,7,7.2,-531,-20.99,1239,25.29,162.7,-0.8,0.655,32.19,0.5265,0.7901,5.98,weight_loss
U1226,39,male,167,70.2,25.17,1555,1866,Sedentary,3.7,2338,4514,111,14,1,7.3,472,25.29,14,14.0,64.3,-0.7,1.597,26.58,0.8333,1.2529,7.93,weight_gain
U1227,25,female,162,46.5,17.72,1191,2054,Active,1.9,2101,8129,441,136,6,7.4,47,2.29,816,22.67,174.82,-0.6,1.238,44.17,0.5798,1.0229,3.24,fitness_improvement
U1228,38,male,167,75.9,27.22,1617,2506,Moderate,2.3,2456,8970,407,116,3,8.1,-50,-2.0,348,38.67,118.18,0.1,0.918,33.02,0.6453,0.98,3.51,healthy_lifestyle
U1229,22,female,154,71.4,30.11,1405,1686,Sedentary,3.4,1249,3573,145,24,1,8.7,-437,-25.92,24,24.0,50.04,0.7,1.443,23.61,0.8333,0.7408,6.04,weight_loss
U1230,25,female,157,70.0,28.4,1395,2406,Active,2.8,2387,7132,338,87,4,8.2,-19,-0.79,348,21.75,101.89,0.2,1.212,34.37,0.5798,0.9921,3.89,healthy_lifestyle
U1231,42,male,185,81.5,23.81,1766,3046,Active,3.8,3144,9292,467,124,5,6.9,98,3.22,620,24.8,114.01,-1.1,1.413,37.37,0.5798,1.0322,3.77,fitness_improvement
U1232,30,female,170,81.8,28.3,1569,2707,Active,3.7,2842,11340,486,122,5,6.8,135,4.99,610,24.4,138.63,-1.2,1.371,33.09,0.5796,1.0499,3.98,fitness_improvement
U1233,26,female,174,60.0,19.82,1396,2408,Active,2.4,2375,10600,510,121,4,7.4,-33,-1.37,484,30.25,176.67,-0.6,1.212,40.13,0.5797,0.9863,4.21,fitness_improvement
U1234,38,female,152,71.9,31.12,1318,2043,Moderate,3.1,1959,9206,425,100,4,7.6,-84,-4.11,400,25.0,128.04,-0.4,1.307,28.41,0.6451,0.9589,4.25,healthy_lifestyle
U1235,38,female,157,74.9,30.39,1379,1896,Light,2.3,1935,5057,216,28,2,7.5,39,2.06,56,14.0,67.52,-0.5,0.931,25.31,0.7273,1.0206,7.71,maintenance
U1236,42,male,181,84.3,25.73,1769,2122,Sedentary,3.3,2679,4588,131,30,0,8.9,557,26.25,0,0.0,54.42,0.9,1.186,25.17,0.8336,1.2625,4.37,weight_gain
U1237,32,female,168,51.0,18.07,1239,1920,Moderate,2.1,1992,14218,564,104,4,7.0,72,3.75,416,26.0,278.78,-1.0,1.248,37.65,0.6453,1.0375,5.42,fitness_improvement
U1238,36,male,182,91.0,27.47,1872,2574,Light,3.7,3154,5134,230,37,2,8.4,580,22.53,74,18.5,56.42,0.4,1.232,28.29,0.7273,1.2253,6.22,weight_gain
U1239,22,female,152,84.7,36.66,1526,2632,Active,3.6,2771,11511,649,157,4,7.0,139,5.28,628,39.25,135.9,-1.0,1.288,31.07,0.5798,1.0528,4.13,fitness_improvement
U1240,56,female,151,59.2,25.96,1094,1312,Sedentary,3.5,1697,4281,144,35,1,8.2,385,29.34,35,35.0,72.31,0.2,1.792,22.16,0.8338,1.2934,4.11,weight_gain
U1241,31,female,174,83.3,27.51,1604,1925,Sedentary,2.2,1917,4573,292,54,2,6.4,-8,-0.42,108,27.0,54.9,-1.6,0.8,23.11,0.8332,0.9958,5.41,maintenance
U1242,21,male,174,80.2,26.49,1789,2772,Moderate,3.3,2449,7013,523,94,4,7.2,-323,-11.65,376,23.5,87.44,-0.8,1.247,34.56,0.6454,0.8835,5.56,weight_loss
U1243,57,male,166,60.1,21.81,1358,2104,Moderate,3.1,1545,6187,507,116,3,7.8,-559,-26.57,348,38.67,102.95,-0.2,1.563,35.01,0.6454,0.7343,4.37,weight_loss
U1244,21,male,188,88.9,25.15,1964,3044,Moderate,2.8,3069,4245,176,48,2,7.1,25,0.82,96,24.0,47.75,-0.9,0.954,34.24,0.6452,1.0082,3.67,maintenance
U1245,36,male,190,61.0,16.9,1622,2797,Active,2.4,2287,13501,858,123,4,8.9,-510,-18.23,492,30.75,221.33,0.9,1.192,45.85,0.5799,0.8177,6.98,weight_loss
U1246,48,male,163,83.3,31.35,1616,2222,Light,2.6,2319,8880,423,63,2,7.4,97,4.37,126,31.5,106.6,-0.6,0.946,26.67,0.7273,1.0437,6.71,maintenance
U1247,45,female,164,84.9,31.57,1488,2306,Moderate,3.3,2346,9266,525,94,3,7.6,40,1.73,282,31.33,109.14,-0.4,1.178,27.16,0.6453,1.0173,5.59,healthy_lifestyle
U1248,44,female,164,61.4,22.83,1258,1729,Light,3.6,1355,6184,260,55,1,7.1,-374,-21.63,55,55.0,100.72,-0.9,1.777,28.16,0.7276,0.7837,4.73,weight_loss
U1249,20,female,162,73.0,27.82,1481,2554,Active,3.0,2137,11757,602,116,4,8.8,-417,-16.33,464,29.0,161.05,0.8,1.245,34.99,0.5799,0.8367,5.19,weight_loss
U1250,59,male,162,79.3,30.22,1515,2083,Light,3.0,2096,9618,423,96,3,7.8,13,0.62,288,32.0,121.29,-0.2,1.146,26.27,0.7273,1.0062,4.41,healthy_lifestyle
U1251,23,male,185,63.6,18.58,1682,3195,Very Active,3.3,2767,14839,871,206,6,6.7,-428,-13.4,1236,34.33,233.32,-1.3,1.572,50.24,0.5264,0.866,4.23,weight_loss
U1252,48,male,179,89.6,27.96,1779,3069,Active,2.9,2908,12387,575,137,4,7.0,-161,-5.25,548,34.25,138.25,-1.0,0.981,34.25,0.5797,0.9475,4.2,fitness_improvement
U1253,52,female,172,81.3,27.48,1467,1760,Sedentary,2.2,2241,4014,135,19,0,6.2,481,27.33,0,0.0,49.37,-1.8,0.82,21.65,0.8335,1.2733,7.11,weight_gain
U1254,53,male,183,62.1,18.54,1504,2068,Light,2.4,1951,8890,278,83,3,8.4,-117,-5.66,249,27.67,143.16,0.4,1.171,33.3,0.7273,0.9434,3.35,healthy_lifestyle
U1255,32,male,177,93.0,29.68,1881,2586,Light,3.9,2676,7039,401,73,2,8.5,90,3.48,146,36.5,75.69,0.5,1.271,27.81,0.7274,1.0348,5.49,healthy_lifestyle
U1256,31,female,174,64.8,21.4,1419,1951,Light,1.9,1986,3513,357,90,1,7.2,35,1.79,90,90.0,54.21,-0.8,0.889,30.11,0.7273,1.0179,3.97,maintenance
U1257,42,female,170,69.3,23.98,1384,2387,Active,2.9,2450,11908,631,152,5,7.7,63,2.64,760,30.4,171.83,-0.3,1.268,34.44,0.5798,1.0264,4.15,fitness_improvement
U1258,24,male,181,85.3,26.04,1869,3551,Very Active,2.9,3191,12572,1092,177,6,8.4,-360,-10.14,1062,29.5,147.39,0.4,1.03,41.63,0.5263,0.8986,6.17,weight_loss
U1259,34,male,161,63.7,24.57,1478,2032,Light,2.1,2041,9459,412,81,1,6.1,9,0.44,81,81.0,148.49,-1.9,0.999,31.9,0.7274,1.0044,5.09,maintenance
U1260,19,male,169,80.8,28.29,1774,2439,Light,2.6,2863,4587,320,53,3,8.4,424,17.38,159,17.67,56.77,0.4,0.975,30.19,0.7273,1.1738,6.04,weight_gain
U1261,27,male,162,62.3,23.74,1505,2859,Very Active,3.5,2528,14324,899,169,6,8.3,-331,-11.58,1014,28.17,229.92,0.3,1.702,45.89,0.5264,0.8842,5.32,weight_loss
U1262,39,male,174,69.2,22.86,1589,2741,Active,2.4,2724,9363,431,81,3,8.2,-17,-0.62,243,27.0,135.3,0.2,1.051,39.61,0.5797,0.9938,5.32,healthy_lifestyle
U1263,45,female,166,46.1,16.73,1112,1918,Active,2.0,1929,8498,327,51,3,8.0,11,0.57,153,17.0,184.34,0.0,1.315,41.61,0.5798,1.0057,6.41,healthy_lifestyle
U1264,56,female,169,63.1,22.09,1246,1495,Sedentary,2.6,1991,2306,94,20,1,6.3,496,33.18,20,20.0,36.55,-1.7,1.249,23.69,0.8334,1.3318,4.7,weight_gain
U1265,45,female,158,68.1,27.28,1282,2211,Active,2.7,2270,7897,379,107,3,8.4,59,2.67,321,35.67,115.96,0.4,1.201,32.47,0.5798,1.0267,3.54,healthy_lifestyle
U1266,59,male,187,91.3,26.11,1791,2463,Light,2.9,2574,5392,242,34,1,7.2,111,4.51,34,34.0,59.06,-0.8,0.963,26.98,0.7272,1.0451,7.12,maintenance
U1267,57,male,165,66.3,24.35,1414,2439,Active,2.1,2132,9612,953,131,5,6.9,-307,-12.59,655,26.2,144.98,-1.1,0.96,36.79,0.5797,0.8741,7.27,weight_loss
U1268,47,male,165,103.5,38.02,1836,2524,Light,2.7,2529,8102,234,27,2,7.5,5,0.2,54,13.5,78.28,-0.5,0.791,24.39,0.7274,1.002,8.67,maintenance
U1269,38,male,189,88.6,24.8,1882,2258,Sedentary,2.0,1857,3529,162,36,0,8.1,-401,-17.76,0,0.0,39.83,0.1,0.684,25.49,0.8335,0.8224,4.5,weight_loss
U1270,20,male,160,61.3,23.95,1518,2619,Active,2.1,2720,11865,637,174,6,7.3,101,3.86,1044,29.0,193.56,-0.7,1.038,42.72,0.5796,1.0386,3.66,fitness_improvement
U1271,55,female,167,49.4,17.71,1101,1899,Active,3.4,1387,10154,677,111,5,6.7,-512,-26.96,555,22.2,205.55,-1.3,2.086,38.44,0.5798,0.7304,6.1,weight_loss
U1272,45,female,173,48.5,16.21,1180,1829,Moderate,1.7,1850,8132,286,61,3,7.8,21,1.15,183,20.33,167.67,-0.2,1.062,37.71,0.6452,1.0115,4.69,healthy_lifestyle
U1273,28,female,174,62.4,20.61,1410,2432,Active,2.5,2422,11645,502,148,4,7.4,-10,-0.41,592,37.0,186.62,-0.6,1.214,38.97,0.5798,0.9959,3.39,fitness_improvement
U1274,33,female,151,58.0,25.44,1197,2064,Active,3.2,1609,10070,1024,138,5,6.7,-455,-22.04,690,27.6,173.62,-1.3,1.672,35.59,0.5799,0.7796,7.42,weight_loss
U1275,25,male,182,72.6,21.92,1743,2092,Sedentary,2.6,2114,3527,296,91,2,8.1,22,1.05,182,45.5,48.58,0.1,1.085,28.82,0.8332,1.0105,3.25,maintenance
U1276,52,female,174,57.2,18.89,1238,1485,Sedentary,3.2,1044,4019,148,21,0,8.4,-441,-29.7,0,0.0,70.26,0.4,1.695,25.96,0.8337,0.703,7.05,weight_loss
U1277,30,male,174,71.7,23.68,1659,2862,Active,2.7,2755,11807,593,157,6,7.8,-107,-3.74,942,26.17,164.67,-0.2,1.141,39.92,0.5797,0.9626,3.78,fitness_improvement
U1278,52,male,178,104.0,32.82,1897,3272,Active,4.2,3396,14808,615,154,6,7.4,124,3.79,924,25.67,142.38,-0.6,1.224,31.46,0.5798,1.0379,3.99,fitness_improvement
U1279,40,male,181,98.6,30.1,1922,2979,Moderate,4.3,3100,7637,464,83,3,7.7,121,4.06,249,27.67,77.45,-0.3,1.322,30.21,0.6452,1.0406,5.59,healthy_lifestyle
U1280,24,female,163,74.1,27.89,1478,2290,Moderate,2.3,2710,7531,452,78,3,6.7,420,18.34,234,26.0,101.63,-1.3,0.941,30.9,0.6454,1.1834,5.79,weight_gain
U1281,53,female,157,55.5,22.52,1110,1914,Active,1.7,1454,12447,1102,151,4,6.2,-460,-24.03,604,37.75,224.27,-1.8,0.928,34.49,0.5799,0.7597,7.3,weight_loss
U1282,58,female,163,74.7,28.12,1314,2037,Moderate,2.5,2016,10405,501,120,5,7.8,-21,-1.03,600,24.0,139.29,-0.2,1.014,27.27,0.6451,0.9897,4.18,healthy_lifestyle
U1283,58,female,173,52.4,17.51,1154,1788,Moderate,1.8,1427,8928,611,107,4,6.8,-361,-20.19,428,26.75,170.38,-1.2,1.041,34.12,0.6454,0.7981,5.71,weight_loss
U1284,38,male,190,89.6,24.82,1898,2942,Moderate,3.4,3049,6727,271,106,2,7.5,107,3.64,212,53.0,75.08,-0.5,1.15,32.83,0.6451,1.0364,2.56,healthy_lifestyle
U1285,26,female,153,79.7,34.05,1462,2010,Light,3.0,2019,7258,312,49,3,7.8,9,0.45,147,16.33,91.07,-0.2,1.141,25.22,0.7274,1.0045,6.37,healthy_lifestyle
U1286,29,male,173,94.8,31.67,1889,3258,Active,3.0,2933,13915,822,128,5,7.9,-325,-9.98,640,25.6,146.78,-0.1,0.959,34.37,0.5798,0.9002,6.42,weight_loss
U1287,37,female,174,73.1,24.14,1472,2282,Moderate,2.2,2244,6183,350,66,2,6.7,-38,-1.67,132,33.0,84.58,-1.3,0.912,31.22,0.645,0.9833,5.3,maintenance
U1288,39,male,171,102.8,35.16,1906,3621,Very Active,4.0,3487,7800,448,142,5,7.3,-134,-3.7,710,28.4,75.88,-0.7,1.179,35.22,0.5264,0.963,3.15,fitness_improvement
U1289,35,male,176,61.8,19.95,1548,2670,Active,3.0,2717,8089,442,86,3,7.4,47,1.76,258,28.67,130.89,-0.6,1.471,43.2,0.5798,1.0176,5.14,healthy_lifestyle
U1290,57,female,163,69.4,26.12,1266,1519,Sedentary,2.3,1995,4700,281,38,1,6.1,476,31.34,38,38.0,67.72,-1.9,1.004,21.89,0.8334,1.3134,7.39,weight_gain
U1291,25,female,160,78.8,30.78,1502,2065,Light,2.9,2094,10517,476,98,2,8.2,29,1.4,196,49.0,133.46,0.2,1.115,26.21,0.7274,1.014,4.86,healthy_lifestyle
U1292,58,female,158,77.7,31.12,1313,1575,Sedentary,2.3,1891,2855,225,30,0,7.7,316,20.06,0,0.0,36.74,-0.3,0.897,20.27,0.8337,1.2006,7.5,weight_gain
U1293,56,female,162,72.0,27.43,1291,2452,Very Active,1.7,2878,15629,1078,194,5,8.2,426,17.37,970,38.8,217.07,0.2,0.715,34.06,0.5265,1.1737,5.56,weight_gain
U1294,25,female,157,71.8,29.13,1413,1943,Light,2.2,2027,9818,383,89,3,8.1,84,4.32,267,29.67,136.74,0.1,0.929,27.06,0.7272,1.0432,4.3,healthy_lifestyle
U1295,22,male,167,98.8,35.43,1926,3322,Active,2.7,3318,8297,408,129,4,7.7,-4,-0.12,516,32.25,83.98,-0.3,0.828,33.62,0.5798,0.9988,3.16,fitness_improvement
U1296,19,male,163,77.3,29.09,1701,2339,Light,2.9,2268,8463,327,65,2,6.8,-71,-3.04,130,32.5,109.48,-1.2,1.137,30.26,0.7272,0.9696,5.03,maintenance
U1297,50,male,171,63.6,21.75,1459,2517,Active,2.4,2581,6449,322,118,4,8.4,64,2.54,472,29.5,101.4,0.4,1.144,39.58,0.5797,1.0254,2.73,healthy_lifestyle
U1298,28,male,172,60.5,20.45,1545,2124,Light,3.1,1707,6760,468,68,3,6.4,-417,-19.63,204,22.67,111.74,-1.6,1.553,35.11,0.7274,0.8037,6.88,weight_loss
U1299,19,female,155,78.2,32.55,1494,1792,Sedentary,4.0,2349,3104,110,18,1,7.3,557,31.08,18,18.0,39.69,-0.7,1.55,22.92,0.8337,1.3108,6.11,weight_gain
U1300,32,female,154,49.9,21.04,1140,2166,Very Active,2.0,2174,10849,674,211,6,7.8,8,0.37,1266,35.17,217.41,-0.2,1.215,43.41,0.5263,1.0037,3.19,fitness_improvement
U1301,35,female,153,71.9,30.71,1339,2075,Moderate,3.0,2043,10189,364,70,4,7.2,-32,-1.54,280,17.5,141.71,-0.8,1.264,28.86,0.6453,0.9846,5.2,healthy_lifestyle
U1302,20,female,152,79.3,34.32,1482,2297,Moderate,3.4,2245,10187,456,43,3,8.6,-52,-2.26,129,14.33,128.46,0.6,1.299,28.97,0.6452,0.9774,10.6,healthy_lifestyle
U1303,53,male,187,91.0,26.02,1818,3136,Active,2.5,3591,11980,442,106,5,8.3,455,14.51,530,21.2,131.65,0.3,0.833,34.46,0.5797,1.1451,4.17,weight_gain
U1304,37,male,178,61.1,19.28,1543,2122,Light,2.0,2111,7463,329,47,1,7.0,-11,-0.52,47,47.0,122.14,-1.0,0.992,34.73,0.7271,0.9948,7.0,maintenance
U1305,55,female,154,66.2,27.91,1188,2257,Very Active,2.7,2325,10744,411,105,5,7.4,68,3.01,525,21.0,162.3,-0.6,1.236,34.09,0.5264,1.0301,3.91,fitness_improvement
U1306,22,female,173,84.1,28.1,1651,2559,Moderate,3.3,2561,6045,291,61,3,7.3,2,0.08,183,20.33,71.88,-0.7,1.189,30.43,0.6452,1.0008,4.77,maintenance
U1307,23,female,164,64.5,23.98,1394,2405,Active,2.6,2364,12280,515,94,5,7.5,-41,-1.7,470,18.8,190.39,-0.5,1.222,37.29,0.5796,0.983,5.48,fitness_improvement
U1308,23,female,153,84.8,36.23,1528,2368,Moderate,4.1,2364,7032,371,106,4,7.3,-4,-0.17,424,26.5,82.92,-0.7,1.465,27.92,0.6453,0.9983,3.5,healthy_lifestyle
U1309,39,female,153,84.2,35.97,1442,1730,Sedentary,3.0,1740,3877,189,33,2,7.2,10,0.58,66,16.5,46.05,-0.8,1.08,20.55,0.8335,1.0058,5.73,maintenance
U1310,20,female,159,78.1,30.89,1513,2345,Moderate,2.5,2285,4715,285,64,2,7.5,-60,-2.56,128,32.0,60.37,-0.5,0.97,30.03,0.6452,0.9744,4.45,maintenance
U1311,18,male,187,86.2,24.65,1945,3355,Active,3.3,3291,11901,581,124,4,7.0,-64,-1.91,496,31.0,138.06,-1.0,1.16,38.92,0.5797,0.9809,4.69,fitness_improvement
U1312,52,female,167,69.9,25.06,1321,2279,Active,3.2,2218,5600,193,76,4,7.4,-61,-2.68,304,19.0,80.11,-0.6,1.387,32.6,0.5796,0.9732,2.54,healthy_lifestyle
U1313,54,male,163,100.8,37.94,1761,2421,Light,4.1,2332,8410,349,49,4,7.6,-89,-3.68,196,12.25,83.43,-0.4,1.233,24.02,0.7274,0.9632,7.12,healthy_lifestyle
U1314,38,female,171,76.6,26.2,1483,2558,Active,1.9,3041,10960,1127,145,5,6.4,483,18.88,725,29.0,143.08,-1.6,0.752,33.39,0.5797,1.1888,7.77,weight_gain
U1315,36,female,165,48.7,17.89,1177,1412,Sedentary,3.4,1781,2694,180,35,1,6.6,369,26.13,35,35.0,55.32,-1.4,2.116,28.99,0.8336,1.2613,5.14,weight_gain
U1316,41,female,172,60.5,20.45,1314,2037,Moderate,2.2,1885,9903,437,85,3,8.3,-152,-7.46,255,28.33,163.69,0.3,1.102,33.67,0.6451,0.9254,5.14,healthy_lifestyle
U1317,21,male,166,103.0,37.38,1967,3049,Moderate,4.5,2884,11455,528,135,3,7.9,-165,-5.41,405,45.0,111.21,-0.1,1.324,29.6,0.6451,0.9459,3.91,healthy_lifestyle
U1318,25,male,178,74.0,23.36,1732,2382,Light,2.8,2548,7411,259,60,3,7.8,166,6.97,180,20.0,100.15,-0.2,1.147,32.19,0.7271,1.0697,4.32,healthy_lifestyle
U1319,49,male,181,90.9,27.75,1800,2790,Moderate,3.4,2726,11809,531,152,2,7.5,-64,-2.29,304,76.0,129.91,-0.5,1.133,30.69,0.6452,0.9771,3.49,healthy_lifestyle
U1320,19,female,158,56.2,22.51,1293,2230,Active,2.6,2249,11128,621,153,4,7.0,19,0.85,612,38.25,198.01,-1.0,1.402,39.68,0.5798,1.0085,4.06,fitness_improvement
U1321,57,female,156,45.1,18.53,980,1348,Light,1.2,1364,8375,325,29,2,6.5,16,1.19,58,14.5,185.7,-1.5,0.806,29.89,0.727,1.0119,11.21,maintenance
U1322,25,female,154,77.9,32.85,1455,2255,Moderate,3.0,2405,5715,340,70,2,7.3,150,6.65,140,35.0,73.36,-0.7,1.167,28.95,0.6452,1.0665,4.86,healthy_lifestyle
U1323,51,male,173,72.6,24.26,1557,2958,Very Active,3.2,2584,15426,1099,152,6,8.8,-374,-12.64,912,25.33,212.48,0.8,1.336,40.74,0.5264,0.8736,7.23,weight_loss
U1324,51,male,172,103.0,34.82,1855,2875,Moderate,2.9,3190,7089,594,99,3,8.4,315,10.96,297,33.0,68.83,0.4,0.853,27.91,0.6452,1.1096,6.0,weight_gain
U1325,33,male,165,62.3,22.88,1494,2577,Active,1.8,2265,11158,968,130,5,7.2,-312,-12.11,650,26.0,179.1,-0.8,0.876,41.36,0.5797,0.8789,7.45,weight_loss
U1326,40,male,173,66.9,22.35,1555,2682,Active,2.2,3099,11780,1016,138,4,7.6,417,15.55,552,34.5,176.08,-0.4,0.997,40.09,0.5798,1.1555,7.36,weight_gain
U1327,47,female,170,46.3,16.02,1129,1354,Sedentary,2.1,780,3304,234,31,0,7.5,-574,-42.39,0,0.0,71.36,-0.5,1.374,29.24,0.8338,0.5761,7.55,weight_loss
U1328,27,female,159,77.9,30.81,1476,2288,Moderate,2.2,2254,6814,299,66,1,7.4,-34,-1.49,66,66.0,87.47,-0.6,0.856,29.37,0.6451,0.9851,4.53,maintenance
U1329,41,female,164,67.1,24.95,1330,2062,Moderate,2.3,2091,8040,394,90,1,8.3,29,1.41,90,90.0,119.82,0.3,1.039,30.73,0.645,1.0141,4.38,healthy_lifestyle
U1330,51,male,177,97.1,30.99,1827,3471,Very Active,3.9,3611,13583,525,103,3,7.9,140,4.03,309,34.33,139.89,-0.1,1.217,35.75,0.5264,1.0403,5.1,fitness_improvement
U1331,46,female,167,56.0,20.08,1212,2302,Very Active,3.3,2689,12817,841,157,5,8.8,387,16.81,785,31.4,228.88,0.8,1.786,41.11,0.5265,1.1681,5.36,weight_gain
U1332,46,male,187,64.6,18.47,1589,2184,Light,2.5,1738,4136,294,56,2,8.4,-446,-20.42,112,28.0,64.02,0.4,1.173,33.81,0.7276,0.7958,5.25,weight_loss
U1333,32,female,168,62.4,22.11,1353,2570,Very Active,3.8,2981,15492,692,166,6,7.7,411,15.99,996,27.67,248.27,-0.3,1.845,41.19,0.5265,1.1599,4.17,weight_gain
U1334,44,female,174,73.2,24.18,1438,2732,Very Active,1.6,3054,15796,1133,170,7,8.9,322,11.79,1190,24.29,215.79,0.9,0.662,37.32,0.5264,1.1179,6.66,weight_gain
U1335,28,male,176,90.4,29.18,1869,2570,Light,3.0,2598,7941,388,67,0,6.7,28,1.09,0,0.0,87.84,-1.3,1.006,28.43,0.7272,1.0109,5.79,maintenance
U1336,45,female,158,64.0,25.64,1241,1923,Moderate,1.9,1368,7997,377,94,4,8.6,-555,-28.86,376,23.5,124.95,0.6,0.9,30.05,0.6453,0.7114,4.01,weight_loss
U1337,30,female,167,67.1,24.06,1403,2420,Active,2.7,2626,12349,612,155,5,7.7,206,8.51,775,31.0,184.04,-0.3,1.219,36.07,0.5798,1.0851,3.95,fitness_improvement
U1338,39,male,160,95.8,37.42,1768,2740,Moderate,3.6,2735,7978,360,61,3,8.2,-5,-0.18,183,20.33,83.28,0.2,1.139,28.6,0.6453,0.9982,5.9,healthy_lifestyle
U1339,23,female,161,47.1,18.17,1201,1651,Light,1.5,1679,6883,275,5,1,7.1,28,1.7,5,5.0,146.14,-0.9,0.965,35.05,0.7274,1.017,55.0,maintenance
U1340,27,female,170,55.7,19.27,1323,2051,Moderate,2.2,1943,9940,450,89,3,8.4,-108,-5.27,267,29.67,178.46,0.4,1.197,36.82,0.6451,0.9473,5.06,healthy_lifestyle
U1341,53,female,163,61.5,23.15,1207,1871,Moderate,2.6,1871,10123,453,85,2,8.0,0,0.0,170,42.5,164.6,0.0,1.281,30.42,0.6451,1.0,5.33,healthy_lifestyle
U1342,42,female,153,46.7,19.95,1052,1262,Sedentary,2.6,1680,4831,146,24,0,8.9,418,33.12,0,0.0,103.45,0.9,1.687,27.02,0.8336,1.3312,6.08,weight_gain
U1343,44,female,171,45.7,15.63,1144,1573,Light,1.3,1562,4741,185,47,2,8.2,-11,-0.7,94,23.5,103.74,0.2,0.862,34.42,0.7273,0.993,3.94,maintenance
U1344,50,female,172,65.7,22.21,1321,2047,Moderate,2.4,1622,8059,389,75,4,7.9,-425,-20.76,300,18.75,122.66,-0.1,1.107,31.16,0.6453,0.7924,5.19,weight_loss
U1345,24,female,153,78.9,33.7,1464,2269,Moderate,1.7,1706,6224,423,82,3,6.6,-563,-24.81,246,27.33,78.88,-1.4,0.653,28.76,0.6452,0.7519,5.16,weight_loss
U1346,21,male,167,63.0,22.59,1573,2438,Moderate,2.4,2599,9693,350,55,4,6.8,161,6.6,220,13.75,153.86,-1.2,1.154,38.7,0.6452,1.066,6.36,healthy_lifestyle
U1347,43,female,153,83.3,35.58,1413,2685,Very Active,3.6,2557,12122,594,142,4,7.7,-128,-4.77,568,35.5,145.52,-0.3,1.31,32.23,0.5263,0.9523,4.18,fitness_improvement
U1348,39,female,158,53.2,21.31,1163,1599,Light,3.3,2097,6409,391,55,1,7.7,498,31.14,55,55.0,120.47,-0.3,1.88,30.06,0.7273,1.3114,7.11,weight_gain
U1349,28,female,162,77.4,29.49,1485,2041,Light,3.1,1693,6611,393,67,2,8.7,-348,-17.05,134,33.5,85.41,0.7,1.214,26.37,0.7276,0.8295,5.87,weight_loss
U1350,58,male,173,62.8,20.98,1424,2456,Active,2.2,2590,6812,418,145,3,7.4,134,5.46,435,48.33,108.47,-0.6,1.062,39.11,0.5798,1.0546,2.88,healthy_lifestyle
U1351,55,male,186,94.2,27.23,1834,2843,Moderate,3.2,2794,7050,266,35,2,6.3,-49,-1.72,70,17.5,74.84,-1.7,1.029,30.18,0.6451,0.9828,7.6,maintenance
U1352,35,male,173,84.6,28.27,1757,2723,Moderate,2.6,2799,7038,213,64,2,7.0,76,2.79,128,32.0,83.19,-1.0,0.931,32.19,0.6452,1.0279,3.33,maintenance
U1353,50,female,166,84.2,30.56,1468,2532,Active,3.5,2842,13958,995,127,5,6.6,310,12.24,635,25.4,165.77,-1.4,1.26,30.07,0.5798,1.1224,7.83,weight_gain
U1354,52,male,187,104.8,29.97,1961,3383,Active,4.2,3437,13485,663,112,7,7.6,54,1.6,784,16.0,128.67,-0.4,1.214,32.28,0.5797,1.016,5.92,fitness_improvement
U1355,40,female,172,53.6,18.12,1250,2156,Active,1.8,2085,10590,470,151,4,7.5,-71,-3.29,604,37.75,197.57,-0.5,1.018,40.22,0.5798,0.9671,3.11,fitness_improvement
U1356,33,female,151,83.7,36.71,1454,1999,Light,2.9,2030,6896,324,55,1,6.4,31,1.55,55,55.0,82.39,-1.6,1.05,23.88,0.7274,1.0155,5.89,maintenance
U1357,34,female,169,67.6,23.67,1401,1926,Light,1.8,1931,5720,385,94,0,7.2,5,0.26,0,0.0,84.62,-0.8,0.807,28.49,0.7274,1.0026,4.1,maintenance
U1358,45,male,169,96.2,33.68,1798,3101,Active,1.7,2632,13967,698,101,4,6.3,-469,-15.12,404,25.25,145.19,-1.7,0.536,32.23,0.5798,0.8488,6.91,weight_loss
U1359,54,male,186,61.3,17.72,1510,2340,Moderate,2.0,2362,9578,471,77,4,8.0,22,0.94,308,19.25,156.25,0.0,0.989,38.17,0.6453,1.0094,6.12,healthy_lifestyle
U1360,51,female,168,64.8,22.96,1282,1987,Moderate,2.6,1907,9136,471,77,3,7.7,-80,-4.03,231,25.67,140.99,-0.3,1.216,30.66,0.6452,0.9597,6.12,healthy_lifestyle
U1361,56,male,186,72.4,20.93,1611,2779,Active,2.0,2892,10817,529,164,3,7.8,113,4.07,492,54.67,149.41,-0.2,0.837,38.38,0.5797,1.0407,3.23,fitness_improvement
U1362,18,male,177,100.6,32.11,2027,2432,Sedentary,3.5,2496,4376,213,62,3,7.8,64,2.63,186,20.67,43.5,-0.2,1.054,24.17,0.8335,1.0263,3.44,maintenance
U1363,22,female,150,52.0,23.11,1186,1838,Moderate,2.1,1776,6411,294,109,2,7.6,-62,-3.37,218,54.5,123.29,-0.4,1.224,35.35,0.6453,0.9663,2.7,healthy_lifestyle
U1364,38,female,152,58.1,25.15,1180,1416,Sedentary,3.6,1824,2699,121,16,0,8.5,408,28.81,0,0.0,46.45,0.5,1.878,24.37,0.8333,1.2881,7.56,weight_gain
U1365,22,female,170,75.5,26.12,1546,2937,Very Active,2.7,2855,13021,711,107,5,8.0,-82,-2.79,535,21.4,172.46,0.0,1.084,38.9,0.5264,0.9721,6.64,fitness_improvement
U1366,36,female,165,79.2,29.09,1482,2815,Very Active,2.1,3385,16066,1048,186,5,8.4,570,20.25,930,37.2,202.85,0.4,0.803,35.54,0.5265,1.2025,5.63,weight_gain
U1367,57,male,190,74.9,20.75,1656,2277,Light,2.5,2280,5923,281,62,2,7.3,3,0.13,124,31.0,79.08,-0.7,1.011,30.4,0.7273,1.0013,4.53,maintenance
U1368,40,female,170,56.3,19.48,1264,1516,Sedentary,2.6,1884,2862,275,39,0,6.0,368,24.27,0,0.0,50.83,-2.0,1.399,26.93,0.8338,1.2427,7.05,weight_gain
U1369,23,male,164,92.5,34.39,1840,2852,Moderate,3.3,2820,8507,389,94,1,7.1,-32,-1.12,94,94.0,91.97,-0.9,1.081,30.83,0.6452,0.9888,4.14,maintenance
U1370,39,female,164,52.6,19.56,1195,1434,Sedentary,2.3,896,3988,141,22,0,8.7,-538,-37.52,0,0.0,75.82,0.7,1.325,27.26,0.8333,0.6248,6.41,weight_loss
U1371,54,male,184,71.4,21.09,1599,3038,Very Active,2.3,3522,16591,1102,196,6,6.7,484,15.93,1176,32.67,232.37,-1.3,0.976,42.55,0.5263,1.1593,5.62,weight_gain
U1372,39,female,170,66.7,23.08,1373,1888,Light,2.3,1854,7032,305,74,1,7.9,-34,-1.8,74,74.0,105.43,-0.1,1.045,28.31,0.7272,0.982,4.12,maintenance
U1373,51,female,158,55.8,22.35,1129,2145,Very Active,3.1,2658,14552,1138,166,7,8.3,513,23.92,1162,23.71,260.79,0.3,1.684,38.44,0.5263,1.2392,6.86,weight_gain
U1374,55,female,166,65.6,23.81,1257,1948,Moderate,2.5,1890,5916,364,128,3,7.4,-58,-2.98,384,42.67,90.18,-0.6,1.155,29.7,0.6453,0.9702,2.84,healthy_lifestyle
U1375,49,female,156,63.5,26.09,1204,1866,Moderate,3.8,1400,6508,478,116,3,6.2,-466,-24.97,348,38.67,102.49,-1.8,1.813,29.39,0.6452,0.7503,4.12,weight_loss
U1376,26,female,162,53.5,20.39,1256,1727,Light,2.0,1804,8692,453,94,4,8.2,77,4.46,376,23.5,162.47,0.2,1.133,32.28,0.7273,1.0446,4.82,healthy_lifestyle
U1377,34,female,152,64.3,27.83,1262,1735,Light,1.9,1732,6542,310,65,3,7.3,-3,-0.17,195,21.67,101.74,-0.7,0.895,26.98,0.7274,0.9983,4.77,maintenance
U1378,52,male,167,95.9,34.39,1747,3014,Active,4.0,2958,11994,652,198,6,8.0,-56,-1.86,1188,33.0,125.07,0.0,1.264,31.43,0.5796,0.9814,3.29,fitness_improvement
U1379,23,female,174,66.4,21.93,1475,2286,Moderate,2.7,2417,8275,448,62,3,8.0,131,5.73,186,20.67,124.62,0.0,1.232,34.43,0.6452,1.0573,7.23,healthy_lifestyle
U1380,52,female,168,60.9,21.58,1238,1702,Light,1.9,1314,4451,384,73,3,8.4,-388,-22.8,219,24.33,73.09,0.4,0.945,27.95,0.7274,0.772,5.26,weight_loss
U1381,54,female,157,55.0,22.31,1100,1320,Sedentary,3.1,1733,2594,139,28,1,6.5,413,31.29,28,28.0,47.16,-1.5,1.708,24.0,0.8333,1.3129,4.96,weight_gain
U1382,50,male,176,60.9,19.66,1464,2269,Moderate,1.8,2301,7712,283,61,3,7.6,32,1.41,183,20.33,126.63,-0.4,0.896,37.26,0.6452,1.0141,4.64,maintenance
U1383,31,male,164,63.1,23.46,1506,2861,Very Active,2.3,2816,11802,506,165,5,7.4,-45,-1.57,825,33.0,187.04,-0.6,1.105,45.34,0.5264,0.9843,3.07,fitness_improvement
U1384,19,male,189,76.8,21.5,1859,3532,Very Active,3.2,3540,14378,624,145,5,8.2,8,0.23,725,29.0,187.21,0.2,1.263,45.99,0.5263,1.0023,4.3,fitness_improvement
U1385,36,male,181,87.0,26.56,1826,3469,Very Active,4.0,4048,14761,1194,206,6,8.9,579,16.69,1236,34.33,169.67,0.9,1.393,39.87,0.5264,1.1669,5.8,weight_gain
U1386,19,male,165,84.7,31.11,1788,2771,Moderate,3.9,3239,7988,487,77,4,6.6,468,16.89,308,19.25,94.31,-1.4,1.395,32.72,0.6453,1.1689,6.32,weight_gain
U1387,29,male,166,71.9,26.09,1616,2504,Moderate,2.1,3094,6207,378,61,4,8.1,590,23.56,244,15.25,86.33,0.1,0.885,34.83,0.6454,1.2356,6.2,weight_gain
U1388,43,male,170,86.8,30.03,1720,2064,Sedentary,3.3,2116,6225,284,71,1,7.6,52,2.52,71,71.0,71.72,-0.4,1.152,23.78,0.8333,1.0252,4.0,maintenance
U1389,47,male,180,60.7,18.73,1502,1802,Sedentary,3.9,1296,3306,129,19,0,7.8,-506,-28.08,0,0.0,54.46,-0.2,1.947,29.69,0.8335,0.7192,6.79,weight_loss
U1390,58,male,186,72.2,20.87,1599,2199,Light,2.1,2200,7789,209,16,3,5.8,1,0.05,48,5.33,107.88,-2.2,0.881,30.46,0.7271,1.0005,13.06,maintenance
U1391,39,male,178,99.7,31.47,1919,2639,Light,3.4,2697,5852,365,101,2,7.1,58,2.2,202,50.5,58.7,-0.9,1.033,26.47,0.7272,1.022,3.61,maintenance
U1392,21,male,166,71.4,25.91,1651,2270,Light,2.1,2261,7791,386,90,1,6.5,-9,-0.4,90,90.0,109.12,-1.5,0.891,31.79,0.7273,0.996,4.29,maintenance
U1393,44,male,181,74.7,22.8,1663,2287,Light,3.4,2303,6894,449,93,2,8.0,16,0.7,186,46.5,92.29,0.0,1.379,30.62,0.7272,1.007,4.83,healthy_lifestyle
U1394,26,male,186,60.4,17.46,1641,2544,Moderate,2.2,2517,8240,276,47,3,7.6,-27,-1.06,141,15.67,136.42,-0.4,1.104,42.12,0.645,0.9894,5.87,healthy_lifestyle
U1395,57,female,156,53.0,21.78,1059,1641,Moderate,2.1,1668,7800,381,193,3,7.6,27,1.65,579,64.33,147.17,-0.4,1.201,30.96,0.6453,1.0165,1.97,fitness_improvement
U1396,51,male,167,76.0,27.25,1553,2679,Active,3.4,2738,9319,525,150,4,7.8,59,2.2,600,37.5,122.62,-0.2,1.356,35.25,0.5797,1.022,3.5,fitness_improvement
U1397,27,male,177,96.2,30.71,1938,3682,Very Active,3.6,3306,15757,920,152,6,6.8,-376,-10.21,912,25.33,163.79,-1.2,1.134,38.27,0.5263,0.8979,6.05,weight_loss
U1398,44,female,163,56.7,21.34,1204,2076,Active,3.4,1568,11556,646,105,4,6.8,-508,-24.47,420,26.25,203.81,-1.2,1.817,36.61,0.58,0.7553,6.15,weight_loss
U1399,45,male,160,100.3,39.18,1783,3076,Active,4.0,3243,8955,506,108,2,7.9,167,5.43,216,54.0,89.28,-0.1,1.208,30.67,0.5796,1.0543,4.69,healthy_lifestyle
U1400,55,female,157,62.7,25.44,1172,1817,Moderate,2.7,1755,7188,262,28,4,7.3,-62,-3.41,112,7.0,114.64,-0.7,1.305,28.98,0.645,0.9659,9.36,healthy_lifestyle
U1401,28,female,174,53.0,17.51,1316,1579,Sedentary,3.0,1145,2874,238,31,1,6.3,-434,-27.49,31,31.0,54.23,-1.7,1.715,29.79,0.8334,0.7251,7.68,weight_loss
U1402,20,female,163,45.5,17.13,1212,2302,Very Active,2.6,2703,17460,1272,178,5,8.8,401,17.42,890,35.6,383.74,0.8,1.732,50.59,0.5265,1.1742,7.15,weight_gain
U1403,24,male,162,96.6,36.81,1863,2562,Light,2.2,2526,6894,276,60,2,6.7,-36,-1.41,120,30.0,71.37,-1.3,0.69,26.52,0.7272,0.9859,4.6,maintenance
U1404,59,female,172,55.2,18.66,1171,1815,Moderate,2.0,1824,9723,559,144,4,7.6,9,0.5,576,36.0,176.14,-0.4,1.098,32.88,0.6452,1.005,3.88,fitness_improvement
U1405,49,female,154,58.1,24.5,1137,2160,Very Active,2.3,2070,11164,479,125,3,7.6,-90,-4.17,375,41.67,192.15,-0.4,1.2,37.18,0.5264,0.9583,3.83,fitness_improvement
U1406,26,female,155,67.1,27.93,1348,1617,Sedentary,2.8,1168,4472,207,31,0,8.5,-449,-27.77,0,0.0,66.65,0.5,1.265,24.1,0.8336,0.7223,6.68,weight_loss
U1407,40,male,175,93.7,30.6,1835,2844,Moderate,3.4,2849,6560,363,70,3,7.8,5,0.18,210,23.33,70.01,-0.2,1.1,30.35,0.6452,1.0018,5.19,healthy_lifestyle
U1408,40,male,172,67.4,22.78,1554,2137,Light,1.7,2087,5748,212,24,1,8.0,-50,-2.34,24,24.0,85.28,0.0,0.764,31.71,0.7272,0.9766,8.83,maintenance
U1409,50,female,166,61.6,22.35,1242,1925,Moderate,2.4,1956,10857,505,88,4,6.9,31,1.61,352,22.0,176.25,-1.1,1.181,31.25,0.6452,1.0161,5.74,healthy_lifestyle
U1410,59,male,187,74.0,21.16,1618,2508,Moderate,2.9,2432,9755,375,98,1,7.3,-76,-3.03,98,98.0,131.82,-0.7,1.188,33.89,0.6451,0.9697,3.83,healthy_lifestyle
U1411,25,female,160,67.3,26.29,1387,1664,Sedentary,2.2,1649,5517,324,110,1,6.9,-15,-0.9,110,110.0,81.98,-1.1,0.991,24.73,0.8335,0.991,2.95,maintenance
U1412,18,male,188,82.5,23.34,1915,3303,Active,2.6,2758,10920,815,133,4,6.3,-545,-16.5,532,33.25,132.36,-1.7,0.955,40.04,0.5798,0.835,6.13,weight_loss
U1413,46,male,166,66.4,24.1,1476,1771,Sedentary,3.3,1401,3292,106,14,1,6.6,-370,-20.89,14,14.0,49.58,-1.4,1.506,26.67,0.8334,0.7911,7.57,weight_loss
U1414,56,female,170,76.1,26.33,1382,1658,Sedentary,2.6,1620,7992,365,40,2,8.3,-38,-2.29,80,20.0,105.02,0.3,1.035,21.79,0.8335,0.9771,9.12,maintenance
U1415,49,male,185,71.4,20.86,1630,3097,Very Active,1.6,2642,13096,1201,205,5,8.6,-455,-14.69,1025,41.0,183.42,0.6,0.679,43.38,0.5263,0.8531,5.86,weight_loss
U1416,58,female,168,50.1,17.75,1100,1705,Moderate,1.7,1667,8081,400,82,3,7.7,-38,-2.23,246,27.33,161.3,-0.3,1.028,34.03,0.6452,0.9777,4.88,healthy_lifestyle
U1417,32,female,152,45.5,19.69,1084,1869,Active,2.6,1513,10255,599,117,4,6.6,-356,-19.05,468,29.25,225.38,-1.4,1.732,41.08,0.58,0.8095,5.12,weight_loss
U1418,25,female,171,64.2,21.96,1424,1958,Light,2.1,2029,5496,244,67,2,6.3,71,3.63,134,33.5,85.61,-1.7,0.991,30.5,0.7273,1.0363,3.64,maintenance
U1419,32,female,169,84.9,29.73,1584,2455,Moderate,3.4,2530,11354,566,162,5,7.0,75,3.05,810,32.4,133.73,-1.0,1.214,28.92,0.6452,1.0305,3.49,fitness_improvement
U1420,21,male,186,76.6,22.14,1828,2833,Moderate,3.1,2762,8131,487,121,4,8.8,-71,-2.51,484,30.25,106.15,0.8,1.226,36.98,0.6453,0.9749,4.02,healthy_lifestyle
U1421,26,male,187,88.4,25.28,1927,2650,Light,3.1,2671,6597,275,27,2,6.5,21,0.79,54,13.5,74.63,-1.5,1.063,29.98,0.7272,1.0079,10.19,maintenance
U1422,56,female,169,50.6,17.72,1121,1541,Light,1.6,1538,9676,413,104,2,7.6,-3,-0.19,208,52.0,191.23,-0.4,0.958,30.45,0.7274,0.9981,3.97,maintenance
U1423,45,male,165,93.7,34.42,1748,3321,Very Active,4.2,3331,9162,572,159,2,7.8,10,0.3,318,79.5,97.78,-0.2,1.358,35.44,0.5263,1.003,3.6,fitness_improvement
U1424,59,male,171,81.3,27.8,1591,2188,Light,2.2,2256,7582,308,23,2,6.9,68,3.11,46,11.5,93.26,-1.1,0.82,26.91,0.7271,1.0311,13.39,maintenance
U1425,19,male,189,99.1,27.74,2082,2498,Sedentary,3.3,2439,10028,465,69,0,7.3,-59,-2.36,0,0.0,101.19,-0.7,1.009,25.21,0.8335,0.9764,6.74,maintenance
U1426,43,female,172,71.4,24.13,1413,1943,Light,2.2,1938,5774,245,8,1,7.1,-5,-0.26,8,8.0,80.87,-0.9,0.934,27.21,0.7272,0.9974,30.62,maintenance
U1427,47,male,188,74.6,21.11,1691,2325,Light,2.2,2780,4922,328,65,3,8.0,455,19.57,195,21.67,65.98,0.0,0.894,31.17,0.7273,1.1957,5.05,weight_gain
U1428,32,female,164,76.1,28.29,1465,1758,Sedentary,3.4,2261,2160,152,37,1,6.8,503,28.61,37,37.0,28.38,-1.2,1.354,23.1,0.8333,1.2861,4.11,weight_gain
U1429,23,male,188,99.6,28.18,2061,3195,Moderate,3.0,3341,10076,431,145,3,8.7,146,4.57,435,48.33,101.16,0.7,0.913,32.08,0.6451,1.0457,2.97,fitness_improvement
U1430,57,male,190,100.5,27.84,1912,2964,Moderate,4.0,3111,8949,429,104,2,7.2,147,4.96,208,52.0,89.04,-0.8,1.206,29.49,0.6451,1.0496,4.12,healthy_lifestyle
U1431,44,female,169,81.1,28.4,1486,2303,Moderate,3.8,2693,8527,551,69,3,6.7,390,16.93,207,23.0,105.14,-1.3,1.42,28.4,0.6452,1.1693,7.99,weight_gain
U1432,32,female,165,61.4,22.55,1324,1820,Light,1.7,1886,7946,403,54,2,7.1,66,3.63,108,27.0,129.41,-0.9,0.839,29.64,0.7275,1.0363,7.46,maintenance
U1433,52,male,181,60.6,18.5,1482,1778,Sedentary,3.4,2191,2991,58,13,1,7.5,413,23.23,13,13.0,49.36,-0.5,1.7,29.34,0.8335,1.2323,4.46,weight_gain
U1434,52,male,162,88.1,33.57,1638,3112,Very Active,3.7,2675,16434,1140,174,5,8.2,-437,-14.04,870,34.8,186.54,0.2,1.273,35.32,0.5263,0.8596,6.55,weight_loss
U1435,19,male,169,66.2,23.18,1628,2238,Light,2.8,2388,7088,357,102,3,7.4,150,6.7,306,34.0,107.07,-0.6,1.282,33.81,0.7274,1.067,3.5,healthy_lifestyle
U1436,45,female,154,70.3,29.64,1279,2430,Very Active,2.5,2382,8614,344,102,4,7.2,-48,-1.98,408,25.5,122.53,-0.8,1.078,34.57,0.5263,0.9802,3.37,fitness_improvement
U1437,55,female,174,65.2,21.54,1303,1792,Light,2.1,1787,6536,283,46,1,7.0,-5,-0.28,46,46.0,100.25,-1.0,0.976,27.48,0.7271,0.9972,6.15,maintenance
U1438,28,male,180,88.4,27.28,1874,3560,Very Active,1.7,3202,14904,1262,203,6,8.2,-358,-10.06,1218,33.83,168.6,0.2,0.583,40.27,0.5264,0.8994,6.22,weight_loss
U1439,24,female,153,61.6,26.31,1291,2226,Active,2.1,1713,12825,1073,146,4,6.5,-513,-23.05,584,36.5,208.2,-1.5,1.033,36.14,0.58,0.7695,7.35,weight_loss
U1440,37,female,167,76.2,27.32,1459,2261,Moderate,2.7,2270,8903,275,61,3,7.9,9,0.4,183,20.33,116.84,-0.1,1.074,29.67,0.6453,1.004,4.51,healthy_lifestyle
U1441,45,female,173,83.1,27.77,1526,1831,Sedentary,3.7,2423,2944,115,15,1,7.7,592,32.33,15,15.0,35.43,-0.3,1.349,22.03,0.8334,1.3233,7.67,weight_gain
U1442,25,female,161,59.2,22.84,1312,2492,Very Active,1.7,2185,17148,819,189,6,7.8,-307,-12.32,1134,31.5,289.66,-0.2,0.87,42.09,0.5265,0.8768,4.33,weight_loss
U1443,33,male,173,89.7,29.97,1818,2500,Light,2.8,2610,6994,402,80,2,7.3,110,4.4,160,40.0,77.97,-0.7,0.946,27.87,0.7272,1.044,5.03,maintenance
U1444,26,male,162,69.0,26.29,1577,2168,Light,1.9,2199,9228,437,46,1,7.5,31,1.43,46,46.0,133.74,-0.5,0.834,31.42,0.7274,1.0143,9.5,maintenance
U1445,37,female,156,62.4,25.64,1253,1942,Moderate,2.6,1370,9135,527,101,4,7.7,-572,-29.45,404,25.25,146.39,-0.3,1.263,31.12,0.6452,0.7055,5.22,weight_loss
U1446,51,male,177,78.7,25.12,1643,2547,Moderate,3.1,2523,6837,436,125,2,8.5,-24,-0.94,250,62.5,86.87,0.5,1.194,32.36,0.6451,0.9906,3.49,healthy_lifestyle
U1447,54,male,179,103.8,32.4,1891,2931,Moderate,4.5,2869,8412,372,70,3,7.9,-62,-2.12,210,23.33,81.04,-0.1,1.314,28.24,0.6452,0.9788,5.31,healthy_lifestyle
U1448,25,male,188,70.5,19.95,1760,3344,Very Active,3.0,3173,16100,701,149,4,7.5,-171,-5.11,596,37.25,228.37,-0.5,1.289,47.43,0.5263,0.9489,4.7,fitness_improvement
U1449,43,female,171,80.9,27.67,1501,2589,Active,3.9,2589,7039,356,126,2,8.1,0,0.0,252,63.0,87.01,0.1,1.461,32.0,0.5798,1.0,2.83,healthy_lifestyle
U1450,48,male,182,91.8,27.71,1820,3139,Active,3.1,2650,11500,825,137,5,6.4,-489,-15.58,685,27.4,125.27,-1.6,1.023,34.19,0.5798,0.8442,6.02,weight_loss
U1451,52,female,161,55.9,21.57,1144,1573,Light,1.7,1610,6124,246,80,2,8.1,37,2.35,160,40.0,109.55,0.1,0.922,28.14,0.7273,1.0235,3.08,maintenance
U1452,51,female,158,52.6,21.07,1097,1700,Moderate,2.3,1667,7102,400,132,3,7.7,-33,-1.94,396,44.0,135.02,-0.3,1.325,32.32,0.6453,0.9806,3.03,healthy_lifestyle
U1453,56,female,162,84.6,32.24,1417,2196,Moderate,3.7,1749,9289,512,86,3,8.2,-447,-20.36,258,28.67,109.8,0.2,1.325,25.96,0.6453,0.7964,5.95,weight_loss
U1454,29,female,161,72.5,27.97,1425,1710,Sedentary,2.7,1751,6526,212,32,3,7.0,41,2.4,96,10.67,90.01,-1.0,1.129,23.59,0.8333,1.024,6.62,maintenance
U1455,57,male,172,100.0,33.8,1795,2782,Moderate,3.5,2773,11549,529,112,3,7.7,-9,-0.32,336,37.33,115.49,-0.3,1.061,27.82,0.6452,0.9968,4.72,healthy_lifestyle
U1456,56,female,157,59.9,24.3,1139,1566,Light,2.5,1589,8574,399,111,3,7.9,23,1.47,333,37.0,143.14,-0.1,1.265,26.14,0.7273,1.0147,3.59,healthy_lifestyle
U1457,20,male,172,78.3,26.47,1763,2733,Moderate,3.0,2694,8759,317,35,2,7.6,-39,-1.43,70,17.5,111.86,-0.4,1.161,34.9,0.6451,0.9857,9.06,healthy_lifestyle
U1458,31,female,152,82.6,35.75,1460,2774,Very Active,3.7,2399,17296,1308,208,7,7.0,-375,-13.52,1456,29.71,209.39,-1.0,1.357,33.58,0.5263,0.8648,6.29,weight_loss
U1459,42,female,158,55.1,22.07,1167,1605,Light,2.0,1605,5281,152,49,2,6.9,0,0.0,98,24.5,95.84,-1.1,1.1,29.13,0.7271,1.0,3.1,maintenance
U1460,37,male,179,93.8,29.27,1876,2907,Moderate,2.0,3479,9991,898,117,4,6.1,572,19.68,468,29.25,106.51,-1.9,0.646,30.99,0.6453,1.1968,7.68,weight_gain
U1461,25,male,167,101.6,36.43,1939,3684,Very Active,3.5,3116,13520,1205,177,5,7.8,-568,-15.42,885,35.4,133.07,-0.2,1.044,36.26,0.5263,0.8458,6.81,weight_loss
U1462,35,male,190,86.9,24.07,1886,2593,Light,2.7,2570,7699,365,49,0,6.8,-23,-0.89,0,0.0,88.6,-1.2,0.942,29.84,0.7273,0.9911,7.45,maintenance
U1463,38,male,189,69.2,19.37,1688,2321,Light,2.4,1906,4142,269,38,2,6.4,-415,-17.88,76,19.0,59.86,-1.6,1.051,33.54,0.7273,0.8212,7.08,weight_loss
U1464,47,male,160,98.4,38.44,1754,2718,Moderate,3.8,3018,7067,544,94,3,6.7,300,11.04,282,31.33,71.82,-1.3,1.17,27.62,0.6453,1.1104,5.79,weight_gain
U1465,32,male,171,92.6,31.67,1839,3494,Very Active,1.9,3865,13690,1359,211,5,6.6,371,10.62,1055,42.2,147.84,-1.4,0.622,37.73,0.5263,1.1062,6.44,weight_gain
U1466,28,male,166,65.6,23.81,1558,2688,Active,2.7,2670,5986,214,84,4,8.1,-18,-0.67,336,21.0,91.25,0.1,1.247,40.98,0.5796,0.9933,2.55,healthy_lifestyle
U1467,23,female,171,47.6,16.28,1268,2187,Active,2.2,2195,14953,629,143,5,7.2,8,0.37,715,28.6,314.14,-0.8,1.401,45.95,0.5798,1.0037,4.4,fitness_improvement
U1468,41,female,166,58.3,21.16,1254,2383,Very Active,2.3,2503,11079,479,105,5,7.2,120,5.04,525,21.0,190.03,-0.8,1.195,40.87,0.5262,1.0504,4.56,fitness_improvement
U1469,55,female,151,69.8,30.61,1205,1867,Moderate,3.0,2410,9651,619,81,4,7.0,543,29.08,324,20.25,138.27,-1.0,1.302,26.75,0.6454,1.2908,7.64,weight_gain
U1470,30,female,169,72.1,25.24,1466,2529,Active,2.6,2513,7754,480,112,4,7.2,-16,-0.63,448,28.0,107.55,-0.8,1.093,35.08,0.5797,0.9937,4.29,healthy_lifestyle
U1471,45,female,150,48.6,21.6,1037,1426,Light,1.5,1423,5743,192,66,2,8.0,-3,-0.21,132,33.0,118.17,0.0,0.935,29.34,0.7272,0.9979,2.91,maintenance
U1472,55,male,171,67.4,23.05,1472,2797,Very Active,2.5,2827,11164,422,101,5,8.3,30,1.07,505,20.2,165.64,0.3,1.124,41.5,0.5263,1.0107,4.18,fitness_improvement
U1473,51,male,162,71.1,27.09,1473,2541,Active,2.3,2513,9077,441,108,2,8.2,-28,-1.1,216,54.0,127.67,0.2,0.98,35.74,0.5797,0.989,4.08,healthy_lifestyle
U1474,41,female,154,49.6,20.91,1092,1310,Sedentary,3.9,898,2270,89,12,1,6.7,-412,-31.45,12,12.0,45.77,-1.3,2.383,26.41,0.8336,0.6855,7.42,weight_loss
U1475,51,female,172,80.4,27.18,1463,2267,Moderate,3.7,1836,6086,473,107,3,7.3,-431,-19.01,321,35.67,75.7,-0.7,1.395,28.2,0.6453,0.8099,4.42,weight_loss
U1476,19,male,189,102.3,28.64,2114,4017,Very Active,4.3,4009,9789,557,162,5,7.1,-8,-0.2,810,32.4,95.69,-0.9,1.274,39.27,0.5263,0.998,3.44,fitness_improvement
U1477,32,female,163,68.8,25.89,1385,2389,Active,2.9,2328,8461,362,75,6,7.2,-61,-2.55,450,12.5,122.98,-0.8,1.277,34.72,0.5797,0.9745,4.83,fitness_improvement
U1478,40,male,163,86.2,32.44,1685,2907,Active,3.2,3100,11595,612,151,5,6.6,193,6.64,755,30.2,134.51,-1.4,1.125,33.72,0.5796,1.0664,4.05,fitness_improvement
U1479,25,male,182,71.4,21.56,1731,2683,Moderate,2.8,2600,10054,516,131,5,7.0,-83,-3.09,655,26.2,140.81,-1.0,1.188,37.58,0.6452,0.9691,3.94,fitness_improvement
U1480,55,female,154,47.7,20.11,1003,1905,Very Active,3.0,2392,14866,1097,179,7,6.3,487,25.56,1253,25.57,311.66,-1.7,1.906,39.94,0.5265,1.2556,6.13,weight_gain
U1481,43,male,172,85.6,28.93,1721,2968,Active,2.3,2449,12961,532,129,4,8.3,-519,-17.49,516,32.25,151.41,0.3,0.814,34.67,0.5799,0.8251,4.12,weight_loss
U1482,51,female,172,49.6,16.77,1155,1992,Active,2.2,1951,11652,646,184,5,6.5,-41,-2.06,920,36.8,234.92,-1.5,1.344,40.16,0.5798,0.9794,3.51,fitness_improvement
U1483,59,male,181,100.4,30.65,1845,2214,Sedentary,3.4,2535,2677,86,12,0,6.5,321,14.5,0,0.0,26.66,-1.5,1.026,22.05,0.8333,1.145,7.17,weight_gain
U1484,34,female,166,67.3,24.42,1379,2137,Moderate,3.2,2190,9000,392,130,5,7.8,53,2.48,650,26.0,133.73,-0.2,1.441,31.75,0.6453,1.0248,3.02,fitness_improvement
U1485,31,male,174,66.3,21.9,1600,2480,Moderate,1.6,2436,7881,236,63,3,7.6,-44,-1.77,189,21.0,118.87,-0.4,0.731,37.41,0.6452,0.9823,3.75,maintenance
U1486,23,female,154,82.3,34.7,1509,2339,Moderate,3.1,2303,8743,296,61,2,7.9,-36,-1.54,122,30.5,106.23,-0.1,1.141,28.42,0.6451,0.9846,4.85,healthy_lifestyle
U1487,35,female,153,67.5,28.84,1295,2460,Very Active,3.3,2148,14950,1167,193,7,8.3,-312,-12.68,1351,27.57,221.48,0.3,1.481,36.44,0.5264,0.8732,6.05,weight_loss
U1488,52,female,166,70.9,25.73,1325,1822,Light,2.7,1820,4986,240,97,4,6.0,-2,-0.11,388,24.25,70.32,-2.0,1.154,25.7,0.7272,0.9989,2.47,maintenance
U1489,34,male,166,71.5,25.95,1587,2460,Moderate,3.0,2526,5807,166,82,2,7.8,66,2.68,164,41.0,81.22,-0.2,1.271,34.41,0.6451,1.0268,2.02,healthy_lifestyle
U1490,32,female,164,56.5,21.01,1269,2189,Active,2.4,2058,10467,597,165,4,8.7,-131,-5.98,660,41.25,185.26,0.7,1.287,38.74,0.5797,0.9402,3.62,fitness_improvement
U1491,19,male,190,64.3,17.81,1740,2697,Moderate,2.4,2127,6170,472,90,3,8.5,-570,-21.13,270,30.0,95.96,0.5,1.131,41.94,0.6452,0.7887,5.24,weight_loss
U1492,24,male,183,80.9,24.16,1837,2526,Light,2.8,2526,8087,257,71,2,6.0,0,0.0,142,35.5,99.96,-2.0,1.049,31.22,0.7272,1.0,3.62,maintenance
U1493,22,female,170,62.1,21.49,1412,2436,Active,2.4,2557,12060,550,133,4,7.2,121,4.97,532,33.25,194.2,-0.8,1.171,39.23,0.5796,1.0497,4.14,fitness_improvement
U1494,21,male,188,101.2,28.63,2087,3600,Active,3.8,3697,12441,593,148,4,6.5,97,2.69,592,37.0,122.93,-1.5,1.138,35.57,0.5797,1.0269,4.01,fitness_improvement
U1495,37,female,155,58.0,24.14,1202,1863,Moderate,1.7,2268,9722,692,102,3,7.0,405,21.74,306,34.0,167.62,-1.0,0.888,32.12,0.6452,1.2174,6.78,weight_gain
U1496,34,male,168,69.5,24.62,1580,2726,Active,2.8,2825,12531,692,167,5,7.9,99,3.63,835,33.4,180.3,-0.1,1.221,39.22,0.5796,1.0363,4.14,fitness_improvement
U1497,28,female,162,84.6,32.24,1557,2141,Light,2.9,2206,5631,292,70,1,6.7,65,3.04,70,70.0,66.56,-1.3,1.039,25.31,0.7272,1.0304,4.17,maintenance
U1498,58,female,158,52.2,20.91,1058,1454,Light,3.1,1928,5092,430,76,3,6.5,474,32.6,228,25.33,97.55,-1.5,1.8,27.85,0.7276,1.326,5.66,weight_gain
U1499,42,female,159,80.9,32.0,1431,2468,Active,1.8,2861,13470,930,140,4,7.8,393,15.92,560,35.0,166.5,-0.2,0.674,30.51,0.5798,1.1592,6.64,weight_gain
U1500,51,male,169,70.5,24.68,1511,2077,Light,1.7,2590,4684,182,36,3,6.8,513,24.7,108,12.0,66.44,-1.2,0.731,29.46,0.7275,1.247,5.06,weight_gain
U1501,33,male,191,85.3,23.38,1887,2595,Light,1.8,2623,7486,219,35,2,7.3,28,1.08,70,17.5,87.76,-0.7,0.639,30.42,0.7272,1.0108,6.26,maintenance
U1502,18,male,187,100.1,28.63,2085,2502,Sedentary,3.1,2608,6482,201,64,3,7.1,106,4.24,192,21.33,64.76,-0.9,0.938,25.0,0.8333,1.0424,3.14,maintenance
U1503,56,male,173,66.4,22.19,1470,2278,Moderate,2.0,2189,6647,378,117,2,7.5,-89,-3.91,234,58.5,100.11,-0.5,0.913,34.31,0.6453,0.9609,3.23,maintenance
U1504,49,male,182,87.5,26.42,1772,2436,Light,2.9,2383,5978,208,18,3,7.0,-53,-2.18,54,6.0,68.32,-1.0,1.004,27.84,0.7274,0.9782,11.56,maintenance
U1505,31,female,170,65.1,22.53,1398,1922,Light,1.9,1910,5352,160,66,1,8.0,-12,-0.62,66,66.0,82.21,0.0,0.884,29.52,0.7274,0.9938,2.42,maintenance
U1506,22,male,171,87.6,29.96,1840,2852,Moderate,2.6,2929,7631,298,70,2,7.6,77,2.7,140,35.0,87.11,-0.4,0.899,32.56,0.6452,1.027,4.26,maintenance
U1507,54,male,181,103.3,31.53,1899,2279,Sedentary,3.4,2275,5084,283,87,0,7.2,-4,-0.18,0,0.0,49.22,-0.8,0.997,22.06,0.8333,0.9982,3.25,maintenance
U1508,56,male,190,77.0,21.33,1682,2313,Light,2.1,2252,6139,275,71,1,7.8,-61,-2.64,71,71.0,79.73,-0.2,0.826,30.04,0.7272,0.9736,3.87,maintenance
U1509,25,male,164,87.3,32.46,1778,2134,Sedentary,2.5,2125,8238,351,79,2,6.2,-9,-0.42,158,39.5,94.36,-1.8,0.868,24.44,0.8332,0.9958,4.44,maintenance
U1510,44,female,149,47.4,21.35,1024,1408,Light,1.5,1378,8678,424,64,2,7.1,-30,-2.13,128,32.0,183.08,-0.9,0.959,29.7,0.7273,0.9787,6.62,maintenance
U1511,35,male,188,86.1,24.36,1866,2892,Moderate,3.1,2819,6487,373,39,1,7.2,-73,-2.52,39,39.0,75.34,-0.8,1.091,33.59,0.6452,0.9748,9.56,maintenance
U1512,18,male,175,99.5,32.49,2004,2405,Sedentary,3.4,2492,6173,239,46,1,7.5,87,3.62,46,46.0,62.04,-0.5,1.035,24.17,0.8333,1.0362,5.2,maintenance
U1513,57,male,180,70.3,21.7,1548,2399,Moderate,2.5,2384,8371,234,36,2,6.1,-15,-0.63,72,18.0,119.08,-1.9,1.078,34.13,0.6453,0.9937,6.5,maintenance
U1514,55,male,185,91.3,26.68,1799,2474,Light,2.8,2482,3701,235,88,2,7.0,8,0.32,176,44.0,40.54,-1.0,0.929,27.1,0.7272,1.0032,2.67,maintenance
U1515,25,male,166,87.3,31.68,1790,2461,Light,3.2,2457,5639,319,90,2,7.4,-4,-0.16,180,45.0,64.59,-0.6,1.111,28.19,0.7273,0.9984,3.54,maintenance
U1516,31,female,168,62.4,22.11,1358,1630,Sedentary,1.4,1623,5993,231,35,2,7.4,-7,-0.43,70,17.5,96.04,-0.6,0.68,26.12,0.8331,0.9957,6.6,maintenance
U1517,29,male,179,64.0,19.97,1619,2226,Light,2.5,2192,5537,294,61,2,7.9,-34,-1.53,122,30.5,86.52,-0.1,1.184,34.78,0.7273,0.9847,4.82,maintenance
U1518,30,male,182,88.2,26.63,1874,2577,Light,3.5,2563,4339,377,81,3,7.6,-14,-0.54,243,27.0,49.2,-0.4,1.203,29.22,0.7272,0.9946,4.65,maintenance
U1519,30,female,175,65.8,21.49,1441,1729,Sedentary,2.1,1739,7658,255,77,1,7.1,10,0.58,77,77.0,116.38,-0.9,0.967,26.28,0.8334,1.0058,3.31,maintenance
U1520,34,male,176,70.8,22.86,1643,2259,Light,2.4,2317,6851,232,35,3,7.6,58,2.57,105,11.67,96.77,-0.4,1.027,31.91,0.7273,1.0257,6.63,maintenance
U1521,58,female,168,64.0,22.68,1239,1487,Sedentary,2.0,1512,6689,293,5,3,7.0,25,1.68,15,1.67,104.52,-1.0,0.947,23.23,0.8332,1.0168,58.6,maintenance
U1522,20,male,168,76.4,27.07,1719,2664,Moderate,2.3,2606,5563,237,64,2,7.2,-58,-2.18,128,32.0,72.81,-0.8,0.912,34.87,0.6453,0.9782,3.7,maintenance
U1523,19,male,166,75.2,27.29,1700,2338,Light,2.1,2380,6607,296,35,2,7.6,42,1.8,70,17.5,87.86,-0.4,0.846,31.09,0.7271,1.018,8.46,maintenance
U1524,49,male,177,62.8,20.05,1494,2054,Light,1.9,2072,8662,420,81,2,7.1,18,0.88,162,40.5,137.93,-0.9,0.917,32.71,0.7274,1.0088,5.19,maintenance
U1525,43,female,158,54.1,21.67,1152,1584,Light,1.8,1566,6142,370,76,2,7.4,-18,-1.14,152,38.0,113.53,-0.6,1.008,29.28,0.7273,0.9886,4.87,maintenance
U1526,19,male,181,66.4,20.27,1705,2344,Light,2.2,2352,7100,441,79,3,7.7,8,0.34,237,26.33,106.93,-0.3,1.004,35.3,0.7274,1.0034,5.58,maintenance
U1527,46,male,175,70.0,22.86,1569,2432,Moderate,2.7,2457,5425,325,93,1,7.6,25,1.03,93,93.0,77.5,-0.4,1.169,34.74,0.6451,1.0103,3.49,maintenance
U1528,34,male,175,88.0,28.73,1809,2804,Moderate,2.7,2806,6632,230,82,2,7.9,2,0.07,164,41.0,75.36,-0.1,0.93,31.86,0.6451,1.0007,2.8,maintenance
U1529,57,male,177,70.6,22.54,1532,1838,Sedentary,1.7,1854,8042,347,93,0,8.5,16,0.87,0,0.0,113.91,0.5,0.73,26.03,0.8335,1.0087,3.73,maintenance
U1530,43,male,186,87.9,25.41,1832,2519,Light,3.3,2480,9601,573,106,2,7.6,-39,-1.55,212,53.0,109.23,-0.4,1.138,28.66,0.7273,0.9845,5.41,maintenance
U1531,18,male,182,82.1,24.79,1874,2577,Light,2.1,2669,8292,306,87,3,6.9,92,3.57,261,29.0,101.0,-1.1,0.775,31.39,0.7272,1.0357,3.52,maintenance
U1532,39,female,165,53.0,19.47,1205,1446,Sedentary,1.5,1396,6886,318,54,1,7.5,-50,-3.46,54,54.0,129.92,-0.5,0.858,27.28,0.8333,0.9654,5.89,maintenance
U1533,25,male,164,70.1,26.06,1606,2208,Light,2.2,2231,6543,120,27,1,7.4,23,1.04,27,27.0,93.34,-0.6,0.951,31.5,0.7274,1.0104,4.44,maintenance
U1534,39,female,161,57.0,21.99,1220,1464,Sedentary,1.9,1474,6663,321,126,2,7.5,10,0.68,252,63.0,116.89,-0.5,1.01,25.68,0.8333,1.0068,2.55,maintenance
U1535,38,female,176,74.3,23.99,1492,2313,Moderate,1.8,2340,4060,257,56,3,8.0,27,1.17,168,18.67,54.64,0.0,0.734,31.13,0.645,1.0117,4.59,maintenance
U1536,21,female,155,48.5,20.19,1188,1634,Light,1.3,1613,4684,270,82,2,6.1,-21,-1.29,164,41.0,96.58,-1.9,0.812,33.69,0.7271,0.9871,3.29,maintenance
U1537,42,female,167,86.7,31.09,1540,2118,Light,2.1,2163,7102,298,68,0,8.1,45,2.12,0,0.0,81.91,0.1,0.734,24.43,0.7271,1.0212,4.38,maintenance
U1538,58,female,151,73.1,32.06,1224,1683,Light,2.4,1680,6354,264,76,0,8.3,-3,-0.18,0,0.0,86.92,0.3,0.995,23.02,0.7273,0.9982,3.47,maintenance
U1539,34,female,150,65.9,29.29,1266,1962,Moderate,2.4,1920,9422,222,32,2,7.5,-42,-2.14,64,16.0,142.97,-0.5,1.104,29.77,0.6453,0.9786,6.94,maintenance
U1540,57,female,168,61.1,21.65,1215,1671,Light,1.6,1638,8275,358,46,1,7.5,-33,-1.97,46,46.0,135.43,-0.5,0.794,27.35,0.7271,0.9803,7.78,maintenance
U1541,39,female,169,72.8,25.49,1428,2213,Moderate,2.5,2218,6376,287,72,2,7.0,5,0.23,144,36.0,87.58,-1.0,1.041,30.4,0.6453,1.0023,3.99,maintenance
U1542,43,male,166,87.8,31.86,1706,2644,Moderate,3.0,2568,8987,325,90,2,7.2,-76,-2.87,180,45.0,102.36,-0.8,1.035,30.11,0.6452,0.9713,3.61,maintenance
U1543,49,male,167,103.7,37.18,1841,2209,Sedentary,2.9,2281,5856,300,79,1,7.6,72,3.26,79,79.0,56.47,-0.4,0.847,21.3,0.8334,1.0326,3.8,maintenance
U1544,24,female,158,51.5,20.63,1222,1466,Sedentary,1.2,1494,8575,381,59,3,7.5,28,1.91,177,19.67,166.5,-0.5,0.706,28.47,0.8336,1.0191,6.46,maintenance
U1545,38,male,168,81.5,28.88,1680,2016,Sedentary,2.1,2082,8658,393,93,2,7.6,66,3.27,186,46.5,106.23,-0.4,0.781,24.74,0.8333,1.0327,4.23,maintenance
U1546,31,male,177,78.5,25.06,1741,2394,Light,2.2,2468,8177,379,82,3,7.5,74,3.09,246,27.33,104.17,-0.5,0.849,30.5,0.7272,1.0309,4.62,maintenance
U1547,41,male,174,66.9,22.1,1556,2140,Light,2.5,2126,7187,408,123,3,7.7,-14,-0.65,369,41.0,107.43,-0.3,1.132,31.99,0.7271,0.9935,3.32,maintenance
U1548,57,female,168,61.6,21.83,1220,1678,Light,1.9,1652,8833,366,90,2,7.6,-26,-1.55,180,45.0,143.39,-0.4,0.935,27.24,0.7271,0.9845,4.07,maintenance
U1549,53,male,173,66.3,22.15,1484,2300,Moderate,1.7,2196,3972,192,45,2,6.5,-104,-4.52,90,22.5,59.91,-1.5,0.777,34.69,0.6452,0.9548,4.27,maintenance
U1550,25,male,189,90.4,25.31,1965,2358,Sedentary,2.8,2341,8250,330,27,2,7.6,-17,-0.72,54,13.5,91.26,-0.4,0.939,26.08,0.8333,0.9928,12.22,maintenance
U1551,29,female,168,77.3,27.39,1517,2086,Light,1.9,2152,6466,398,95,2,8.3,66,3.16,190,47.5,83.65,0.3,0.745,26.99,0.7272,1.0316,4.19,maintenance
U1552,44,male,171,87.7,29.99,1731,2380,Light,2.9,2345,6495,348,71,1,7.1,-35,-1.47,71,71.0,74.06,-0.9,1.002,27.14,0.7273,0.9853,4.9,maintenance
U1553,33,female,172,67.8,22.92,1427,1962,Light,1.8,1955,3749,161,55,3,8.0,-7,-0.36,165,18.33,55.29,0.0,0.805,28.94,0.7273,0.9964,2.93,maintenance
U1554,25,male,178,59.7,18.84,1590,1908,Sedentary,1.6,1889,5975,244,19,1,6.6,-19,-1.0,19,19.0,100.08,-1.4,0.812,31.96,0.8333,0.99,12.84,maintenance
U1555,18,male,175,97.5,31.84,1984,2728,Light,3.1,2746,8330,330,35,2,7.1,18,0.66,70,17.5,85.44,-0.9,0.963,27.98,0.7273,1.0066,9.43,maintenance
U1556,43,male,174,89.1,29.43,1768,2431,Light,3.4,2487,5924,246,69,2,6.8,56,2.3,138,34.5,66.49,-1.2,1.156,27.28,0.7273,1.023,3.57,maintenance
U1557,36,male,165,75.9,27.88,1615,2221,Light,3.0,2159,7463,296,63,1,8.0,-62,-2.79,63,63.0,98.33,0.0,1.198,29.26,0.7271,0.9721,4.7,maintenance
U1558,22,male,182,64.5,19.47,1678,2307,Light,1.7,2251,6547,252,12,4,8.1,-56,-2.43,48,3.0,101.5,0.1,0.799,35.77,0.7274,0.9757,21.0,maintenance
U1559,23,female,171,61.2,20.93,1405,1932,Light,1.7,1984,7935,421,69,1,7.1,52,2.69,69,69.0,129.66,-0.9,0.842,31.57,0.7272,1.0269,6.1,maintenance
U1560,26,female,173,63.9,21.35,1429,1965,Light,2.1,1991,6759,134,20,2,7.9,26,1.32,40,10.0,105.77,-0.1,0.996,30.75,0.7272,1.0132,6.7,maintenance
U1561,23,male,166,71.2,25.84,1640,2255,Light,2.5,2244,6726,445,99,1,8.1,-11,-0.49,99,99.0,94.47,0.1,1.064,31.67,0.7273,0.9951,4.49,maintenance
U1562,18,male,187,102.3,29.25,2107,2897,Light,2.2,2986,6576,354,60,2,7.1,89,3.07,120,30.0,64.28,-0.9,0.652,28.32,0.7273,1.0307,5.9,maintenance
U1563,25,male,182,71.5,21.59,1732,2685,Moderate,2.2,2619,8662,341,45,2,7.2,-66,-2.46,90,22.5,121.15,-0.8,0.932,37.55,0.6451,0.9754,7.58,maintenance
U1564,18,male,182,65.7,19.83,1710,2351,Light,1.9,2390,7172,321,77,1,7.6,39,1.66,77,77.0,109.16,-0.4,0.876,35.78,0.7274,1.0166,4.17,maintenance
U1565,45,female,168,46.9,16.62,1133,1360,Sedentary,1.2,1358,6343,309,63,1,6.6,-2,-0.15,63,63.0,135.25,-1.4,0.775,29.0,0.8331,0.9985,4.9,maintenance
U1566,40,female,159,47.0,18.59,1103,1517,Light,1.2,1534,9545,381,84,2,7.2,17,1.12,168,42.0,203.09,-0.8,0.774,32.28,0.7271,1.0112,4.54,maintenance
U1567,34,female,163,62.7,23.6,1315,1808,Light,1.8,1730,9354,389,76,3,8.4,-78,-4.31,228,25.33,149.19,0.4,0.87,28.84,0.7273,0.9569,5.12,maintenance
U1568,53,female,165,73.5,27.0,1340,2077,Moderate,2.3,2067,7603,237,58,2,6.8,-10,-0.48,116,29.0,103.44,-1.2,0.948,28.26,0.6452,0.9952,4.09,maintenance
U1569,27,female,161,62.1,23.96,1331,1830,Light,2.2,1854,6928,188,49,2,7.7,24,1.31,98,24.5,111.56,-0.3,1.074,29.47,0.7273,1.0131,3.84,maintenance
U1570,53,female,161,57.9,22.34,1159,1391,Sedentary,1.9,1389,7486,447,61,2,7.5,-2,-0.14,122,30.5,129.29,-0.5,0.994,24.02,0.8332,0.9986,7.33,maintenance
U1571,22,female,157,80.6,32.7,1516,2084,Light,2.8,2131,7530,372,92,1,7.1,47,2.26,92,92.0,93.42,-0.9,1.053,25.86,0.7274,1.0226,4.04,maintenance
U1572,55,male,173,67.2,22.45,1483,1780,Sedentary,2.1,1819,3553,186,44,1,7.3,39,2.19,44,44.0,52.87,-0.7,0.947,26.49,0.8331,1.0219,4.23,maintenance
U1573,23,female,171,81.6,27.91,1609,2494,Moderate,2.3,2451,7033,316,69,1,8.2,-43,-1.72,69,69.0,86.19,0.2,0.854,30.56,0.6451,0.9828,4.58,maintenance
U1574,30,female,173,80.6,26.93,1576,2443,Moderate,2.4,2479,6283,199,36,1,7.5,36,1.47,36,36.0,77.95,-0.5,0.902,30.31,0.6451,1.0147,5.53,maintenance
U1575,37,female,164,57.3,21.3,1252,1722,Light,1.9,1691,5825,173,10,3,7.6,-31,-1.8,30,3.33,101.66,-0.4,1.005,30.05,0.7271,0.982,17.3,maintenance
U1576,59,female,167,59.3,21.26,1181,1624,Light,2.1,1626,6236,285,60,1,8.1,2,0.12,60,60.0,105.16,0.1,1.073,27.39,0.7272,1.0012,4.75,maintenance
U1577,35,male,177,60.5,19.31,1541,2119,Light,1.8,2144,4400,219,63,2,7.0,25,1.18,126,31.5,72.73,-1.0,0.902,35.02,0.7272,1.0118,3.48,maintenance
U1578,50,female,171,75.8,25.92,1416,1947,Light,2.0,1918,4064,163,53,2,6.5,-29,-1.49,106,26.5,53.61,-1.5,0.8,25.69,0.7273,0.9851,3.08,maintenance
U1579,29,female,160,82.2,32.11,1516,1819,Sedentary,2.6,1845,8183,306,22,3,8.2,26,1.43,66,7.33,99.55,0.2,0.958,22.13,0.8334,1.0143,13.91,maintenance
U1580,55,female,160,52.5,20.51,1089,1688,Moderate,1.7,1673,7124,320,62,1,7.2,-15,-0.89,62,62.0,135.7,-0.8,0.981,32.15,0.6451,0.9911,5.16,maintenance
U1581,44,male,168,63.2,22.39,1467,2017,Light,2.3,1996,3242,213,61,2,7.7,-21,-1.04,122,30.5,51.3,-0.3,1.103,31.91,0.7273,0.9896,3.49,maintenance
U1582,35,female,173,66.5,22.22,1410,1939,Light,1.8,1964,5722,265,35,2,6.7,25,1.29,70,17.5,86.05,-1.3,0.82,29.16,0.7272,1.0129,7.57,maintenance
U1583,57,male,187,72.9,20.85,1618,1942,Sedentary,2.0,1913,7689,260,25,2,7.4,-29,-1.49,50,12.5,105.47,-0.6,0.831,26.64,0.8332,0.9851,10.4,maintenance
U1584,32,female,167,59.7,21.41,1320,2046,Moderate,2.0,2013,7134,304,64,2,6.5,-33,-1.61,128,32.0,119.5,-1.5,1.015,34.27,0.6452,0.9839,4.75,maintenance
U1585,32,female,171,65.6,22.43,1404,2176,Moderate,1.9,2217,9367,511,96,2,7.2,41,1.88,192,48.0,142.79,-0.8,0.878,33.17,0.6452,1.0188,5.32,maintenance
U1586,30,male,173,64.9,21.68,1585,2179,Light,1.9,2183,7917,285,64,2,6.8,4,0.18,128,32.0,121.99,-1.2,0.887,33.57,0.7274,1.0018,4.45,maintenance
U1587,25,male,173,83.0,27.73,1791,2463,Light,3.0,2399,4668,120,36,2,6.6,-64,-2.6,72,18.0,56.24,-1.4,1.095,29.67,0.7272,0.974,3.33,maintenance
U1588,43,male,164,77.1,28.67,1586,2458,Moderate,1.9,2496,6307,310,58,3,7.0,38,1.55,174,19.33,81.8,-1.0,0.747,31.88,0.6452,1.0155,5.34,maintenance
U1589,38,female,160,56.5,22.07,1214,1669,Light,2.2,1657,5895,258,75,2,5.8,-12,-0.72,150,37.5,104.34,-2.2,1.18,29.54,0.7274,0.9928,3.44,maintenance
U1590,28,female,162,87.3,33.26,1584,2455,Moderate,2.4,2393,4625,124,29,0,6.5,-62,-2.53,0,0.0,52.98,-1.5,0.833,28.12,0.6452,0.9747,4.28,maintenance
U1591,42,female,170,72.0,24.91,1412,2189,Moderate,2.5,2090,4537,272,56,2,7.6,-99,-4.52,112,28.0,63.01,-0.4,1.052,30.4,0.645,0.9548,4.86,maintenance
U1592,35,female,166,62.5,22.68,1326,1823,Light,1.9,1853,5412,285,84,2,7.4,30,1.65,168,42.0,86.59,-0.6,0.921,29.17,0.7274,1.0165,3.39,maintenance
U1593,22,male,180,66.0,20.37,1680,2016,Sedentary,2.1,1985,5635,141,27,2,6.5,-31,-1.54,54,13.5,85.38,-1.5,0.964,30.55,0.8333,0.9846,5.22,maintenance
U1594,40,female,169,70.0,24.51,1395,1918,Light,2.1,1875,6882,437,80,2,7.5,-43,-2.24,160,40.0,98.31,-0.5,0.909,27.4,0.7273,0.9776,5.46,maintenance
U1595,57,male,181,64.6,19.72,1497,2320,Moderate,2.2,2347,8843,352,113,0,6.6,27,1.16,0,0.0,136.89,-1.4,1.032,35.91,0.6453,1.0116,3.12,maintenance
U1596,60,male,188,72.8,20.6,1608,2211,Light,2.1,2243,8780,372,73,0,7.6,32,1.45,0,0.0,120.6,-0.4,0.874,30.37,0.7273,1.0145,5.1,maintenance
U1597,42,male,166,63.5,23.04,1468,2275,Moderate,1.8,2243,8605,247,60,3,7.1,-32,-1.41,180,20.0,135.51,-0.9,0.859,35.83,0.6453,0.9859,4.12,maintenance
U1598,33,male,169,75.2,26.33,1648,2266,Light,2.9,2303,6140,320,78,1,7.0,37,1.63,78,78.0,81.65,-1.0,1.169,30.13,0.7273,1.0163,4.1,maintenance
U1599,22,female,173,82.4,27.53,1634,2533,Moderate,2.5,2627,7314,263,51,3,7.1,94,3.71,153,17.0,88.76,-0.9,0.919,30.74,0.6451,1.0371,5.16,maintenance
U1600,57,male,169,83.8,29.34,1614,2219,Light,2.3,2273,6300,242,5,1,8.5,54,2.43,5,5.0,75.18,0.5,0.832,26.48,0.7274,1.0243,48.4,maintenance
U1601,47,female,169,68.7,24.05,1347,1616,Sedentary,1.7,1651,5904,258,53,1,6.7,35,2.17,53,53.0,85.94,-1.3,0.75,23.52,0.8335,1.0217,4.87,maintenance
U1602,35,male,188,84.0,23.77,1845,2537,Light,3.3,2551,9061,447,65,2,7.3,14,0.55,130,32.5,107.87,-0.7,1.19,30.2,0.7272,1.0055,6.88,maintenance
U1603,25,female,169,65.9,23.07,1429,1715,Sedentary,1.9,1701,3354,187,71,2,7.6,-14,-0.82,142,35.5,50.9,-0.4,0.874,26.02,0.8332,0.9918,2.63,maintenance
U1604,40,male,172,80.7,27.28,1687,2320,Light,3.2,2318,5478,147,46,2,6.6,-2,-0.09,92,23.0,67.88,-1.4,1.202,28.75,0.7272,0.9991,3.2,maintenance
U1605,20,female,159,78.5,31.05,1518,2353,Moderate,2.5,2372,7017,300,49,2,6.2,19,0.81,98,24.5,89.39,-1.8,0.965,29.97,0.6451,1.0081,6.12,maintenance
U1606,25,male,181,71.5,21.82,1726,2373,Light,2.2,2319,6142,288,76,2,6.8,-54,-2.28,152,38.0,85.9,-1.2,0.932,33.19,0.7273,0.9772,3.79,maintenance
U1607,41,female,163,68.5,25.78,1338,2074,Moderate,2.2,2045,4560,120,54,1,7.6,-29,-1.4,54,54.0,66.57,-0.4,0.973,30.28,0.6451,0.986,2.22,maintenance
U1608,42,female,162,59.8,22.79,1240,1488,Sedentary,2.4,1450,6656,214,47,1,6.9,-38,-2.55,47,47.0,111.3,-1.1,1.216,24.88,0.8333,0.9745,4.55,maintenance
U1609,31,female,164,60.5,22.49,1314,1807,Light,1.3,1815,5252,244,82,3,7.0,8,0.44,246,27.33,86.81,-1.0,0.651,29.87,0.7272,1.0044,2.98,maintenance
U1610,31,female,162,54.8,20.88,1244,1928,Moderate,1.7,1931,7705,394,50,3,7.7,3,0.16,150,16.67,140.6,-0.3,0.94,35.18,0.6452,1.0016,7.88,maintenance
U1611,38,female,161,45.8,17.67,1113,1530,Light,1.4,1512,8137,405,79,1,6.7,-18,-1.18,79,79.0,177.66,-1.3,0.926,33.41,0.7275,0.9882,5.13,maintenance
U1612,32,male,174,64.1,21.17,1574,2440,Moderate,1.9,2476,8713,279,24,1,7.1,36,1.48,24,24.0,135.93,-0.9,0.898,38.07,0.6451,1.0148,11.62,maintenance
U1613,31,female,170,64.7,22.39,1394,2161,Moderate,2.0,2120,4355,237,52,2,6.2,-41,-1.9,104,26.0,67.31,-1.8,0.937,33.4,0.6451,0.981,4.56,maintenance
U1614,27,male,160,68.7,26.84,1557,2141,Light,2.0,2114,4654,130,66,2,7.3,-27,-1.26,132,33.0,67.74,-0.7,0.882,31.16,0.7272,0.9874,1.97,maintenance
U1615,22,male,173,62.2,20.78,1598,2197,Light,2.0,2228,4562,188,53,2,7.3,31,1.41,106,26.5,73.34,-0.7,0.974,35.32,0.7274,1.0141,3.55,maintenance
U1616,19,male,183,65.0,19.41,1704,2045,Sedentary,2.0,2079,8240,314,29,2,7.6,34,1.66,58,14.5,126.77,-0.4,0.932,31.46,0.8333,1.0166,10.83,maintenance
U1617,18,male,183,65.1,19.44,1710,2351,Light,1.6,2317,8245,297,26,2,6.5,-34,-1.45,52,13.0,126.65,-1.5,0.745,36.11,0.7274,0.9855,11.42,maintenance
U1618,32,male,172,53.6,18.12,1456,2002,Light,1.7,2010,6608,307,89,2,7.0,8,0.4,178,44.5,123.28,-1.0,0.961,37.35,0.7273,1.004,3.45,maintenance
U1619,39,male,176,91.3,29.47,1823,2826,Moderate,3.1,2786,6810,295,60,4,6.4,-40,-1.42,240,15.0,74.59,-1.6,1.029,30.95,0.6451,0.9858,4.92,maintenance
U1620,31,male,172,54.4,18.39,1469,2020,Light,1.5,2013,6423,337,81,1,7.0,-7,-0.35,81,81.0,118.07,-1.0,0.836,37.13,0.7272,0.9965,4.16,maintenance
U1621,41,male,172,67.5,22.82,1550,2131,Light,2.6,2137,4986,265,75,3,8.0,6,0.28,225,25.0,73.87,0.0,1.167,31.57,0.7274,1.0028,3.53,maintenance
U1622,28,male,175,90.2,29.45,1861,2885,Moderate,3.3,2914,7193,369,68,3,7.0,29,1.01,204,22.67,79.75,-1.0,1.109,31.98,0.6451,1.0101,5.43,maintenance
U1623,26,female,159,65.2,25.79,1355,1626,Sedentary,2.2,1635,6249,279,48,2,6.3,9,0.55,96,24.0,95.84,-1.7,1.022,24.94,0.8333,1.0055,5.81,maintenance
U1624,44,female,165,66.9,24.57,1319,2044,Moderate,2.3,2054,4880,277,66,0,6.7,10,0.49,0,0.0,72.94,-1.3,1.042,30.55,0.6453,1.0049,4.2,maintenance
U1625,51,female,171,74.1,25.34,1394,1673,Sedentary,2.3,1641,7275,447,87,2,6.2,-32,-1.91,174,43.5,98.18,-1.8,0.941,22.58,0.8332,0.9809,5.14,maintenance
U1626,53,female,163,73.3,27.59,1326,1823,Light,2.6,1836,5925,312,57,1,6.4,13,0.71,57,57.0,80.83,-1.6,1.075,24.87,0.7274,1.0071,5.47,maintenance
U1627,50,female,149,63.2,28.47,1152,1584,Light,2.4,1600,6807,450,97,2,7.6,16,1.01,194,48.5,107.71,-0.4,1.151,25.06,0.7273,1.0101,4.64,maintenance
U1628,45,female,157,62.6,25.4,1221,1679,Light,2.1,1700,6331,187,22,1,6.3,21,1.25,22,22.0,101.13,-1.7,1.017,26.82,0.7272,1.0125,8.5,maintenance
U1629,36,female,155,76.4,31.8,1392,1914,Light,2.2,1889,7703,175,20,2,7.3,-25,-1.31,40,10.0,100.82,-0.7,0.873,25.05,0.7273,0.9869,8.75,maintenance
U1630,23,male,161,95.3,36.77,1849,2542,Light,2.9,2584,8154,400,105,3,7.2,42,1.65,315,35.0,85.56,-0.8,0.922,26.67,0.7274,1.0165,3.81,maintenance
U1631,20,male,189,90.1,25.22,1987,3080,Moderate,3.0,3007,5307,204,37,3,6.8,-73,-2.37,111,12.33,58.9,-1.2,1.009,34.18,0.6451,0.9763,5.51,maintenance
U1632,55,male,188,61.1,17.29,1516,1819,Sedentary,2.1,1805,8150,512,121,1,7.3,-14,-0.77,121,121.0,133.39,-0.7,1.042,29.77,0.8334,0.9923,4.23,maintenance
U1633,53,female,156,68.7,28.23,1236,1483,Sedentary,2.1,1476,6979,277,84,1,6.6,-7,-0.47,84,84.0,101.59,-1.4,0.926,21.59,0.8334,0.9953,3.3,maintenance
U1634,19,male,164,79.0,29.37,1725,2070,Sedentary,2.2,2023,7190,351,90,2,7.7,-47,-2.27,180,45.0,91.01,-0.3,0.844,26.2,0.8333,0.9773,3.9,maintenance
U1635,35,male,192,84.6,22.95,1876,2580,Light,3.2,2566,7898,374,74,3,6.7,-14,-0.54,222,24.67,93.36,-1.3,1.146,30.5,0.7271,0.9946,5.05,maintenance
U1636,57,male,188,92.6,26.2,1821,2185,Sedentary,2.4,2194,5668,230,35,2,6.9,9,0.41,70,17.5,61.21,-1.1,0.785,23.6,0.8334,1.0041,6.57,maintenance
U1637,56,male,173,70.2,23.46,1508,2074,Light,1.9,2006,7402,241,18,2,6.8,-68,-3.28,36,9.0,105.44,-1.2,0.82,29.54,0.7271,0.9672,13.39,maintenance
U1638,50,female,168,68.9,24.41,1328,2058,Moderate,1.7,2043,4171,281,88,2,7.6,-15,-0.73,176,44.0,60.54,-0.4,0.748,29.87,0.6453,0.9927,3.19,maintenance
U1639,54,female,167,71.2,25.53,1325,2054,Moderate,1.9,1989,6338,284,22,1,7.5,-65,-3.16,22,22.0,89.02,-0.5,0.809,28.85,0.6451,0.9684,12.91,maintenance
U1640,52,male,167,102.7,36.82,1816,2815,Moderate,3.7,2918,6129,408,90,2,5.8,103,3.66,180,45.0,59.68,-2.2,1.092,27.41,0.6451,1.0366,4.53,maintenance
U1641,35,male,170,74.9,25.92,1642,1970,Sedentary,2.7,1978,8455,364,70,2,7.3,8,0.41,140,35.0,112.88,-0.7,1.092,26.3,0.8335,1.0041,5.2,maintenance
U1642,36,male,160,63.0,24.61,1455,2001,Light,1.9,2006,6289,226,53,2,6.1,5,0.25,106,26.5,99.83,-1.9,0.914,31.76,0.7271,1.0025,4.26,maintenance
U1643,21,male,168,76.8,27.21,1718,2062,Sedentary,2.5,2071,8103,450,79,2,6.9,9,0.44,158,39.5,105.51,-1.1,0.986,26.85,0.8332,1.0044,5.7,maintenance
U1644,27,male,160,71.3,27.85,1583,2177,Light,2.2,2201,4122,165,65,2,7.1,24,1.1,130,32.5,57.81,-0.9,0.935,30.53,0.7271,1.011,2.54,maintenance
U1645,52,female,169,72.9,25.52,1364,1876,Light,1.9,1909,6025,358,51,2,6.9,33,1.76,102,25.5,82.65,-1.1,0.79,25.73,0.7271,1.0176,7.02,maintenance
U1646,26,female,161,61.4,23.69,1329,2060,Moderate,2.5,2002,5357,368,86,1,7.5,-58,-2.82,86,86.0,87.25,-0.5,1.234,33.55,0.6451,0.9718,4.28,maintenance
U1647,27,female,161,74.9,28.9,1459,2006,Light,2.7,2053,9800,509,86,1,7.6,47,2.34,86,86.0,130.84,-0.4,1.092,26.78,0.7273,1.0234,5.92,maintenance
U1648,21,female,161,46.9,18.09,1209,1662,Light,1.5,1699,5600,296,58,2,6.7,37,2.23,116,29.0,119.4,-1.3,0.969,35.44,0.7274,1.0223,5.1,maintenance
U1649,26,male,183,70.4,21.02,1723,2369,Light,1.9,2366,6599,147,42,2,6.7,-3,-0.13,84,21.0,93.74,-1.3,0.818,33.65,0.7273,0.9987,3.5,maintenance
U1650,44,male,177,88.6,28.28,1777,2754,Moderate,2.6,2748,8228,357,108,1,7.1,-6,-0.22,108,108.0,92.87,-0.9,0.889,31.08,0.6452,0.9978,3.31,maintenance
U1651,27,female,162,62.2,23.7,1338,1606,Sedentary,1.7,1534,4354,165,11,2,6.2,-72,-4.48,22,5.5,70.0,-1.8,0.828,25.82,0.8331,0.9552,15.0,maintenance
U1652,38,female,175,68.1,22.24,1424,2207,Moderate,2.1,2158,5790,237,65,3,6.9,-49,-2.22,195,21.67,85.02,-1.1,0.934,32.41,0.6452,0.9778,3.65,maintenance
U1653,56,male,190,73.7,20.42,1650,1980,Sedentary,2.4,1998,7046,304,71,3,8.0,18,0.91,213,23.67,95.6,0.0,0.987,26.87,0.8333,1.0091,4.28,maintenance
U1654,28,male,165,87.9,32.29,1775,2130,Sedentary,2.6,2176,6616,290,37,3,6.2,46,2.16,111,12.33,75.27,-1.8,0.896,24.23,0.8333,1.0216,7.84,maintenance
U1655,57,female,170,61.2,21.18,1228,1903,Moderate,1.5,1928,3394,210,76,1,6.9,25,1.31,76,76.0,55.46,-1.1,0.743,31.09,0.6453,1.0131,2.76,maintenance
U1656,38,female,157,71.1,28.84,1341,1609,Sedentary,2.8,1607,5735,189,54,1,6.8,-2,-0.12,54,54.0,80.66,-1.2,1.193,22.63,0.8334,0.9988,3.5,maintenance
U1657,53,male,169,89.6,31.37,1692,2326,Light,2.8,2407,7878,352,43,2,8.4,81,3.48,86,21.5,87.92,0.4,0.947,25.96,0.7274,1.0348,8.19,maintenance
U1658,42,female,163,52.3,19.68,1171,1405,Sedentary,1.7,1430,7294,365,76,2,6.8,25,1.78,152,38.0,139.46,-1.2,0.985,26.86,0.8335,1.0178,4.8,maintenance
U1659,57,female,157,82.6,33.51,1361,1871,Light,2.4,1858,8144,279,31,2,6.9,-13,-0.69,62,15.5,98.6,-1.1,0.88,22.65,0.7274,0.9931,9.0,maintenance
U1660,24,male,169,62.3,21.81,1564,2150,Light,1.5,2234,5169,309,74,1,6.5,84,3.91,74,74.0,82.97,-1.5,0.73,34.51,0.7274,1.0391,4.18,maintenance
U1661,37,male,189,87.6,24.52,1877,2909,Moderate,2.7,2852,8229,269,11,2,7.2,-57,-1.96,22,5.5,93.94,-0.8,0.934,33.21,0.6452,0.9804,24.45,maintenance
U1662,58,male,192,76.3,20.7,1678,2601,Moderate,2.2,2532,6440,361,61,2,7.3,-69,-2.65,122,30.5,84.4,-0.7,0.874,34.09,0.6451,0.9735,5.92,maintenance
U1663,36,female,151,64.5,28.29,1248,1716,Light,2.2,1703,8650,355,56,1,6.6,-13,-0.76,56,56.0,134.11,-1.4,1.034,26.6,0.7273,0.9924,6.34,maintenance
U1664,29,male,170,71.7,24.81,1640,2255,Light,2.5,2224,6504,335,43,4,7.7,-31,-1.37,172,10.75,90.71,-0.3,1.057,31.45,0.7273,0.9863,7.79,maintenance
U1665,54,female,169,71.6,25.07,1341,1609,Sedentary,2.4,1598,3736,120,64,2,7.3,-11,-0.68,128,32.0,52.18,-0.7,1.016,22.47,0.8334,0.9932,1.88,maintenance
U1666,33,male,173,68.1,22.75,1602,2203,Light,2.4,2235,8757,407,77,3,7.7,32,1.45,231,25.67,128.59,-0.3,1.068,32.35,0.7272,1.0145,5.29,maintenance
U1667,55,female,168,63.7,22.57,1251,1720,Light,2.4,1719,5901,276,78,1,7.0,-1,-0.06,78,78.0,92.64,-1.0,1.142,27.0,0.7273,0.9994,3.54,maintenance
U1668,46,female,166,66.2,24.02,1308,1570,Sedentary,2.1,1570,5992,236,67,2,7.3,0,0.0,134,33.5,90.51,-0.7,0.961,23.72,0.8331,1.0,3.52,maintenance
U1669,32,female,186,69.7,20.15,1538,2384,Moderate,2.5,2387,4538,301,65,2,7.0,3,0.13,130,32.5,65.11,-1.0,1.087,34.2,0.6451,1.0013,4.63,maintenance
U1670,38,male,175,92.6,30.24,1835,2523,Light,3.0,2418,8690,404,61,2,8.0,-105,-4.16,122,30.5,93.84,0.0,0.982,27.25,0.7273,0.9584,6.62,maintenance
U1671,36,male,180,84.3,26.02,1793,2152,Sedentary,1.9,2093,5797,133,45,2,7.2,-59,-2.74,90,22.5,68.77,-0.8,0.683,25.53,0.8332,0.9726,2.96,maintenance
U1672,23,female,159,48.2,19.07,1200,1860,Moderate,1.4,1847,8626,373,48,3,7.2,-13,-0.7,144,16.0,178.96,-0.8,0.88,38.59,0.6452,0.993,7.77,maintenance
U1673,29,male,172,72.2,24.41,1657,2278,Light,1.9,2243,5918,303,60,1,6.9,-35,-1.54,60,60.0,81.97,-1.1,0.797,31.55,0.7274,0.9846,5.05,maintenance
U1674,21,female,166,50.5,18.33,1276,1754,Light,1.6,1747,6752,259,62,3,6.8,-7,-0.4,186,20.67,133.7,-1.2,0.96,34.73,0.7275,0.996,4.18,maintenance
U1675,40,male,164,77.9,28.96,1609,1931,Sedentary,2.1,1980,8281,325,79,2,7.3,49,2.54,158,39.5,106.3,-0.7,0.817,24.79,0.8332,1.0254,4.11,maintenance
U1676,49,male,175,60.8,19.85,1462,2010,Light,2.0,2007,6401,193,57,1,7.6,-3,-0.15,57,57.0,105.28,-0.4,0.997,33.06,0.7274,0.9985,3.39,maintenance
U1677,56,male,186,60.5,17.49,1492,2052,Light,2.1,2003,6414,272,63,3,6.7,-49,-2.39,189,21.0,106.02,-1.3,1.052,33.92,0.7271,0.9761,4.32,maintenance
U1678,26,male,167,84.8,30.41,1767,2430,Light,3.0,2395,6060,246,48,3,7.2,-35,-1.44,144,16.0,71.46,-0.8,1.072,28.66,0.7272,0.9856,5.12,maintenance
U1679,58,male,182,66.1,19.96,1514,2082,Light,2.5,2146,5882,338,76,0,7.3,64,3.07,0,0.0,88.99,-0.7,1.146,31.5,0.7272,1.0307,4.45,maintenance
U1680,53,male,171,72.0,24.62,1529,2102,Light,1.7,2160,7079,292,42,2,7.4,58,2.76,84,21.0,98.32,-0.6,0.715,29.19,0.7274,1.0276,6.95,maintenance
U1681,20,female,173,83.6,27.93,1656,1987,Sedentary,2.1,2008,4746,134,32,2,6.1,21,1.06,64,16.0,56.77,-1.9,0.761,23.77,0.8334,1.0106,4.19,maintenance
U1682,34,female,157,67.8,27.51,1328,1594,Sedentary,2.8,1549,6567,373,105,2,6.6,-45,-2.82,210,52.5,96.86,-1.4,1.251,23.51,0.8331,0.9718,3.55,maintenance
U1683,31,male,181,75.8,23.14,1739,2391,Light,2.7,2404,5932,272,70,3,6.3,13,0.54,210,23.33,78.26,-1.7,1.079,31.54,0.7273,1.0054,3.89,maintenance
U1684,43,male,177,78.7,25.12,1683,2314,Light,2.5,2330,6590,264,76,3,7.2,16,0.69,228,25.33,83.74,-0.8,0.963,29.4,0.7273,1.0069,3.47,maintenance
U1685,36,female,176,74.0,23.89,1499,2061,Light,2.3,2062,8497,268,65,2,6.6,1,0.05,130,32.5,114.82,-1.4,0.942,27.85,0.7273,1.0005,4.12,maintenance
U1686,39,female,172,67.0,22.65,1389,1910,Light,2.0,1890,6095,299,53,4,6.9,-20,-1.05,212,13.25,90.97,-1.1,0.905,28.51,0.7272,0.9895,5.64,maintenance
U1687,49,male,183,84.1,25.11,1745,2094,Sedentary,1.9,2080,5568,268,49,3,6.4,-14,-0.67,147,16.33,66.21,-1.6,0.685,24.9,0.8333,0.9933,5.47,maintenance
U1688,36,female,164,76.6,28.48,1450,1994,Light,2.1,1971,9800,436,72,2,6.9,-23,-1.15,144,36.0,127.94,-1.1,0.831,26.03,0.7272,0.9885,6.06,maintenance
U1689,51,female,167,72.7,26.07,1355,1626,Sedentary,2.2,1592,5915,261,80,1,6.5,-34,-2.09,80,80.0,81.36,-1.5,0.917,22.37,0.8333,0.9791,3.26,maintenance
U1690,36,female,159,46.6,18.43,1119,1539,Light,1.3,1577,6243,279,53,3,7.6,38,2.47,159,17.67,133.97,-0.4,0.845,33.03,0.7271,1.0247,5.26,maintenance
U1691,26,male,178,87.9,27.74,1866,2892,Moderate,2.5,2938,6017,261,101,1,7.4,46,1.59,101,101.0,68.45,-0.6,0.862,32.9,0.6452,1.0159,2.58,maintenance
U1692,42,female,162,68.1,25.95,1322,1818,Light,2.8,1809,6126,209,51,1,7.2,-9,-0.5,51,51.0,89.96,-0.8,1.246,26.7,0.7272,0.995,4.1,maintenance
U1693,55,male,168,74.0,26.22,1520,2090,Light,2.2,2103,6605,237,24,2,7.0,13,0.62,48,12.0,89.26,-1.0,0.901,28.24,0.7273,1.0062,9.88,maintenance
U1694,52,female,155,68.2,28.39,1230,1691,Light,2.2,1703,7743,273,17,2,5.9,12,0.71,34,8.5,113.53,-2.1,0.978,24.79,0.7274,1.0071,16.06,maintenance
U1695,30,female,173,67.0,22.39,1440,1728,Sedentary,2.1,1801,7045,150,18,2,6.9,73,4.22,36,9.0,105.15,-1.1,0.95,25.79,0.8333,1.0422,8.33,maintenance
U1696,42,female,168,68.5,24.27,1364,1876,Light,2.3,1905,7954,252,46,1,6.7,29,1.55,46,46.0,116.12,-1.3,1.017,27.39,0.7271,1.0155,5.48,maintenance
U1697,19,male,163,79.6,29.96,1725,2372,Light,2.3,2408,7909,295,50,3,7.3,36,1.52,150,16.67,99.36,-0.7,0.876,29.8,0.7272,1.0152,5.9,maintenance
U1698,25,female,171,56.6,19.36,1349,1855,Light,2.0,1856,6782,365,70,1,7.5,1,0.05,70,70.0,119.82,-0.5,1.071,32.77,0.7272,1.0005,5.21,maintenance
U1699,23,male,169,64.6,22.62,1592,2468,Moderate,2.1,2449,7008,249,54,3,7.3,-19,-0.77,162,18.0,108.48,-0.7,0.985,38.2,0.6451,0.9923,4.61,maintenance
U1700,42,male,186,91.9,26.56,1876,2580,Light,2.3,2644,7997,362,74,2,7.9,64,2.48,148,37.0,87.02,-0.1,0.758,28.07,0.7271,1.0248,4.89,maintenance
U1701,30,female,170,62.0,21.45,1372,2127,Moderate,1.9,2152,6075,306,71,3,6.8,25,1.18,213,23.67,97.98,-1.2,0.929,34.31,0.645,1.0118,4.31,maintenance
U1702,23,male,172,83.7,28.29,1802,2478,Light,2.5,2441,10676,409,66,2,6.8,-37,-1.49,132,33.0,127.55,-1.2,0.905,29.61,0.7272,0.9851,6.2,maintenance
U1703,22,female,157,45.3,18.38,1163,1599,Light,1.3,1612,6661,315,65,3,7.8,13,0.81,195,21.67,147.04,-0.2,0.87,35.3,0.7273,1.0081,4.85,maintenance
U1704,22,female,156,48.1,19.76,1185,1422,Sedentary,1.6,1443,6026,240,86,2,7.2,21,1.48,172,43.0,125.28,-0.8,1.008,29.56,0.8333,1.0148,2.79,maintenance
U1705,28,female,161,62.1,23.96,1326,1823,Light,2.1,1754,6208,221,46,2,7.0,-69,-3.78,92,23.0,99.97,-1.0,1.025,29.36,0.7274,0.9622,4.8,maintenance
U1706,24,male,166,87.9,31.9,1802,2478,Light,2.9,2437,4904,322,62,3,8.3,-41,-1.65,186,20.67,55.79,0.3,1.0,28.19,0.7272,0.9835,5.19,maintenance
U1707,48,female,167,73.2,26.25,1375,1891,Light,2.4,1903,7815,396,51,4,7.5,12,0.63,204,12.75,106.76,-0.5,0.994,25.83,0.7271,1.0063,7.76,maintenance
U1708,37,male,179,98.2,30.65,1921,2641,Light,3.0,2550,9565,445,72,2,7.0,-91,-3.45,144,36.0,97.4,-1.0,0.926,26.89,0.7274,0.9655,6.18,maintenance
U1709,33,female,165,63.4,23.29,1339,1841,Light,1.4,1782,5734,318,55,2,6.7,-59,-3.2,110,27.5,90.44,-1.3,0.669,29.04,0.7273,0.968,5.78,maintenance
U1710,57,male,178,72.3,22.82,1556,2140,Light,2.5,2130,6969,194,55,2,7.9,-10,-0.47,110,27.5,96.39,-0.1,1.048,29.6,0.7271,0.9953,3.53,maintenance
U1711,40,male,171,78.6,26.88,1660,2282,Light,2.6,2302,7524,273,64,2,7.3,20,0.88,128,32.0,95.73,-0.7,1.002,29.03,0.7274,1.0088,4.27,maintenance
U1712,33,male,185,89.6,26.18,1892,2602,Light,2.4,2627,7850,352,86,2,7.2,25,0.96,172,43.0,87.61,-0.8,0.812,29.04,0.7271,1.0096,4.09,maintenance
U1713,49,male,174,66.2,21.87,1510,2340,Moderate,2.1,2407,9495,503,55,0,7.6,67,2.86,0,0.0,143.43,-0.4,0.961,35.35,0.6453,1.0286,9.15,maintenance
U1714,39,female,178,68.6,21.65,1442,1730,Sedentary,2.3,1733,8553,391,98,2,7.7,3,0.17,196,49.0,124.68,-0.3,1.016,25.22,0.8335,1.0017,3.99,maintenance
U1715,42,female,163,69.5,26.16,1343,2082,Moderate,2.5,2068,6178,321,61,3,7.5,-14,-0.67,183,20.33,88.89,-0.5,1.09,29.96,0.6451,0.9933,5.26,maintenance
U1716,43,male,166,66.7,24.21,1494,1793,Sedentary,2.2,1751,7214,322,55,1,7.7,-42,-2.34,55,55.0,108.16,-0.3,1.0,26.88,0.8332,0.9766,5.85,maintenance
U1717,34,male,165,76.2,27.99,1628,1954,Sedentary,2.4,1940,7348,321,52,3,7.4,-14,-0.72,156,17.33,96.43,-0.6,0.954,25.64,0.8332,0.9928,6.17,maintenance
U1718,47,female,168,65.7,23.28,1311,1803,Light,2.3,1826,8042,384,93,2,7.5,23,1.28,186,46.5,122.4,-0.5,1.061,27.44,0.7271,1.0128,4.13,maintenance
U1719,37,female,175,71.5,23.35,1463,1756,Sedentary,2.1,1780,6125,222,67,2,6.7,24,1.37,134,33.5,85.66,-1.3,0.89,24.56,0.8331,1.0137,3.31,maintenance
U1720,51,female,168,65.8,23.31,1292,1776,Light,2.1,1784,5422,120,58,3,8.2,8,0.45,174,19.33,82.4,0.2,0.967,26.99,0.7275,1.0045,2.07,maintenance
U1721,58,male,179,71.3,22.25,1547,1856,Sedentary,2.0,1874,8050,397,55,2,6.4,18,0.97,110,27.5,112.9,-1.6,0.85,26.03,0.8335,1.0097,7.22,maintenance
U1722,53,female,165,73.8,27.11,1343,1847,Light,2.6,1889,8189,308,62,2,7.3,42,2.27,124,31.0,110.96,-0.7,1.068,25.03,0.7271,1.0227,4.97,maintenance
U1723,30,female,161,85.2,32.87,1547,2127,Light,2.0,2130,7361,244,81,3,6.3,3,0.14,243,27.0,86.4,-1.7,0.711,24.96,0.7273,1.0014,3.01,maintenance
U1724,35,male,190,89.8,24.88,1916,2299,Sedentary,3.1,2356,6852,329,64,2,7.1,57,2.48,128,32.0,76.3,-0.9,1.046,25.6,0.8334,1.0248,5.14,maintenance
U1725,51,female,167,70.4,25.24,1332,1832,Light,2.2,1808,8116,355,57,0,6.8,-24,-1.31,0,0.0,115.28,-1.2,0.947,26.02,0.7271,0.9869,6.23,maintenance
U1726,44,male,177,75.3,24.04,1644,1973,Sedentary,2.6,1970,5169,354,101,1,7.2,-3,-0.15,101,101.0,68.65,-0.8,1.046,26.2,0.8332,0.9985,3.5,maintenance
U1727,53,female,164,71.9,26.73,1318,2043,Moderate,2.0,2025,6674,386,80,0,7.4,-18,-0.88,0,0.0,92.82,-0.6,0.843,28.41,0.6451,0.9912,4.82,maintenance
U1728,29,female,160,85.8,33.52,1552,1862,Sedentary,2.7,1889,9224,400,112,2,6.6,27,1.45,224,56.0,107.51,-1.4,0.954,21.7,0.8335,1.0145,3.57,maintenance
U1729,57,male,177,105.7,33.74,1883,2589,Light,3.3,2542,8133,303,69,3,7.1,-47,-1.82,207,23.0,76.94,-0.9,0.946,24.49,0.7273,0.9818,4.39,maintenance
U1730,29,male,170,71.2,24.64,1634,2247,Light,2.3,2234,4976,250,76,3,8.0,-13,-0.58,228,25.33,69.89,0.0,0.979,31.56,0.7272,0.9942,3.29,maintenance
U1731,21,male,171,87.2,29.82,1841,2531,Light,2.3,2446,6658,305,39,2,6.4,-85,-3.36,78,19.5,76.35,-1.6,0.799,29.03,0.7274,0.9664,7.82,maintenance
U1732,53,male,185,60.4,17.65,1500,2325,Moderate,2.0,2350,7879,254,86,3,6.6,25,1.08,258,28.67,130.45,-1.4,1.003,38.49,0.6452,1.0108,2.95,maintenance
U1733,33,female,159,51.6,20.41,1184,1628,Light,1.2,1665,3062,161,40,1,7.7,37,2.27,40,40.0,59.34,-0.3,0.705,31.55,0.7273,1.0227,4.03,maintenance
U1734,23,female,157,47.9,19.43,1184,1628,Light,1.3,1655,6738,354,65,2,7.2,27,1.66,130,32.5,140.67,-0.8,0.822,33.99,0.7273,1.0166,5.45,maintenance
U1735,28,female,163,83.5,31.43,1553,2135,Light,2.0,2166,5997,305,49,1,7.2,31,1.45,49,49.0,71.82,-0.8,0.726,25.57,0.7274,1.0145,6.22,maintenance
U1736,54,female,158,73.2,29.32,1288,1771,Light,2.5,1798,4283,268,65,2,7.8,27,1.52,130,32.5,58.51,-0.2,1.035,24.19,0.7273,1.0152,4.12,maintenance
U1737,47,female,153,59.8,25.55,1158,1592,Light,1.9,1612,6611,334,50,3,6.7,20,1.26,150,16.67,110.55,-1.3,0.963,26.62,0.7274,1.0126,6.68,maintenance
U1738,20,female,167,62.2,22.3,1405,1686,Sedentary,2.0,1705,6316,120,38,3,6.8,19,1.13,114,12.67,101.54,-1.2,0.974,27.11,0.8333,1.0113,3.16,maintenance
U1739,54,female,170,62.7,21.7,1258,1510,Sedentary,2.3,1528,6467,359,49,2,6.8,18,1.19,98,24.5,103.14,-1.2,1.112,24.08,0.8331,1.0119,7.33,maintenance
U1740,49,female,169,76.6,26.82,1416,1699,Sedentary,2.2,1679,6030,337,89,2,6.9,-20,-1.18,178,44.5,78.72,-1.1,0.87,22.18,0.8334,0.9882,3.79,maintenance
U1741,26,male,182,84.4,25.48,1856,2877,Moderate,2.8,2867,5121,328,65,1,8.0,-10,-0.35,65,65.0,60.68,0.0,1.005,34.09,0.6451,0.9965,5.05,maintenance
U1742,42,female,164,70.6,26.25,1360,1870,Light,2.2,1872,4536,120,27,2,6.1,2,0.11,54,13.5,64.25,-1.9,0.944,26.49,0.7273,1.0011,4.44,maintenance
U1743,37,female,172,66.4,22.44,1393,1915,Light,2.0,1903,5568,193,79,3,6.4,-12,-0.63,237,26.33,83.86,-1.6,0.913,28.84,0.7274,0.9937,2.44,maintenance
U1744,57,female,156,43.7,17.96,966,1328,Light,1.6,1291,7660,382,35,2,6.3,-37,-2.79,70,17.5,175.29,-1.7,1.109,30.39,0.7274,0.9721,10.91,maintenance
U1745,23,female,159,48.7,19.26,1205,1657,Light,1.9,1620,6815,264,71,1,8.0,-37,-2.23,71,71.0,139.94,0.0,1.182,34.02,0.7272,0.9777,3.72,maintenance
U1746,38,male,192,74.8,20.29,1763,2424,Light,2.2,2434,6407,279,67,2,6.8,10,0.41,134,33.5,85.66,-1.2,0.891,32.41,0.7273,1.0041,4.16,maintenance
U1747,30,male,172,72.3,24.44,1653,2273,Light,2.5,2310,5096,289,69,0,7.0,37,1.63,0,0.0,70.48,-1.0,1.048,31.44,0.7272,1.0163,4.19,maintenance
U1748,48,female,165,75.9,27.88,1389,1910,Light,2.4,1910,5995,371,96,2,6.2,0,0.0,192,48.0,78.99,-1.8,0.958,25.16,0.7272,1.0,3.86,maintenance
U1749,37,female,151,84.8,37.19,1446,1735,Sedentary,2.7,1813,7495,342,37,1,7.0,78,4.5,37,37.0,88.38,-1.0,0.965,20.46,0.8334,1.045,9.24,maintenance
U1750,40,female,164,82.2,30.56,1486,2043,Light,2.6,2009,7181,333,68,1,7.7,-34,-1.66,68,68.0,87.36,-0.3,0.958,24.85,0.7274,0.9834,4.9,maintenance
U1751,42,male,166,63.5,23.04,1468,1762,Sedentary,1.9,1776,5856,246,83,2,7.3,14,0.79,166,41.5,92.22,-0.7,0.907,27.75,0.8331,1.0079,2.96,maintenance
U1752,45,female,167,73.1,26.21,1389,1667,Sedentary,1.5,1706,3000,192,41,2,7.1,39,2.34,82,20.5,41.04,-0.9,0.622,22.8,0.8332,1.0234,4.68,maintenance
U1753,19,male,167,73.5,26.35,1689,2322,Light,2.7,2367,6599,343,68,2,6.2,45,1.94,136,34.0,89.78,-1.8,1.113,31.59,0.7274,1.0194,5.04,maintenance
U1754,59,male,180,72.3,22.31,1558,2142,Light,2.0,2167,5848,152,49,4,7.0,25,1.17,196,12.25,80.89,-1.0,0.838,29.63,0.7274,1.0117,3.1,maintenance
U1755,21,female,170,61.0,21.11,1406,2179,Moderate,1.8,2221,5275,332,62,2,7.2,42,1.93,124,31.0,86.48,-0.8,0.894,35.72,0.6453,1.0193,5.35,maintenance
U1756,31,male,177,80.0,25.54,1756,2107,Sedentary,2.4,2109,7204,157,50,1,6.6,2,0.09,50,50.0,90.05,-1.4,0.909,26.34,0.8334,1.0009,3.14,maintenance
U1757,40,female,165,70.6,25.93,1376,1892,Light,1.9,1949,7602,389,67,2,7.5,57,3.01,134,33.5,107.68,-0.5,0.816,26.8,0.7273,1.0301,5.81,maintenance
U1758,60,female,173,52.3,17.47,1143,1772,Moderate,1.7,1813,6450,196,24,2,7.7,41,2.31,48,12.0,123.33,-0.3,0.985,33.88,0.645,1.0231,8.17,maintenance
U1759,21,male,183,64.6,19.29,1690,2324,Light,2.0,2288,9036,457,95,3,6.8,-36,-1.55,285,31.67,139.88,-1.2,0.938,35.98,0.7272,0.9845,4.81,maintenance
U1760,25,male,183,70.5,21.05,1729,2680,Moderate,1.9,2696,4464,264,66,2,7.6,16,0.6,132,33.0,63.32,-0.4,0.817,38.01,0.6451,1.006,4.0,maintenance
U1761,56,male,177,104.2,33.26,1873,2903,Moderate,3.3,2822,6088,331,97,2,7.1,-81,-2.79,194,48.5,58.43,-0.9,0.96,27.86,0.6452,0.9721,3.41,maintenance
U1762,35,male,173,86.8,29.0,1779,2757,Moderate,2.7,2833,3882,250,70,1,7.8,76,2.76,70,70.0,44.72,-0.2,0.943,31.76,0.6453,1.0276,3.57,maintenance
U1763,25,male,163,94.0,35.38,1839,2850,Moderate,3.3,2862,5924,247,48,2,8.4,12,0.42,96,24.0,63.02,0.4,1.064,30.32,0.6453,1.0042,5.15,maintenance
U1764,45,female,156,59.2,24.33,1181,1624,Light,1.5,1663,5088,249,37,2,6.5,39,2.4,74,18.5,85.95,-1.5,0.768,27.43,0.7272,1.024,6.73,maintenance
U1765,35,male,175,86.3,28.18,1787,2457,Light,2.4,2452,8230,460,60,1,7.6,-5,-0.2,60,60.0,95.37,-0.4,0.843,28.47,0.7273,0.998,7.67,maintenance
U1766,24,female,168,56.3,19.95,1332,2065,Moderate,1.9,1996,7053,222,54,2,7.9,-69,-3.34,108,27.0,125.28,-0.1,1.023,36.68,0.645,0.9666,4.11,maintenance
U1767,42,male,176,67.7,21.86,1572,2437,Moderate,1.9,2547,8765,244,101,2,6.6,110,4.51,202,50.5,129.47,-1.4,0.85,36.0,0.6451,1.0451,2.42,maintenance
U1768,37,male,168,77.5,27.46,1645,1974,Sedentary,2.1,1979,7036,266,50,2,6.8,5,0.25,100,25.0,90.79,-1.2,0.821,25.47,0.8333,1.0025,5.32,maintenance
U1769,20,male,187,97.1,27.77,2045,2812,Light,2.7,2761,5123,281,99,1,6.8,-51,-1.81,99,99.0,52.76,-1.2,0.843,28.96,0.7272,0.9819,2.84,maintenance
U1770,28,male,177,90.6,28.92,1877,2581,Light,2.7,2634,5080,260,83,2,7.1,53,2.05,166,41.5,56.07,-0.9,0.903,28.49,0.7272,1.0205,3.13,maintenance
U1771,21,female,159,46.9,18.55,1197,1855,Moderate,1.4,1923,7836,279,61,1,6.9,68,3.67,61,61.0,167.08,-1.1,0.905,39.55,0.6453,1.0367,4.57,maintenance
U1772,38,male,172,77.7,26.26,1667,2292,Light,2.3,2284,8944,464,95,2,7.0,-8,-0.35,190,47.5,115.11,-1.0,0.897,29.5,0.7273,0.9965,4.88,maintenance
U1773,33,male,178,77.6,24.49,1728,2376,Light,2.0,2372,7057,195,38,2,7.7,-4,-0.17,76,19.0,90.94,-0.3,0.781,30.62,0.7273,0.9983,5.13,maintenance
U1774,49,female,169,66.0,23.11,1310,1801,Light,2.2,1809,5994,298,60,1,6.0,8,0.44,60,60.0,90.82,-2.0,1.01,27.29,0.7274,1.0044,4.97,maintenance
U1775,26,male,160,69.1,26.99,1566,1879,Sedentary,2.5,1841,6245,264,27,1,6.6,-38,-2.02,27,27.0,90.38,-1.4,1.096,27.19,0.8334,0.9798,9.78,maintenance
U1776,43,male,168,77.8,27.57,1618,2508,Moderate,1.8,2477,6458,360,96,2,7.6,-31,-1.24,192,48.0,83.01,-0.4,0.701,32.24,0.6451,0.9876,3.75,maintenance
U1777,59,male,170,79.3,27.44,1566,2153,Light,1.9,2222,9236,333,19,3,7.5,69,3.2,57,6.33,116.47,-0.5,0.726,27.15,0.7274,1.032,17.53,maintenance
U1778,22,female,168,50.8,18.0,1287,1544,Sedentary,1.8,1540,8165,333,23,2,6.5,-4,-0.26,46,11.5,160.73,-1.5,1.074,30.39,0.8335,0.9974,14.48,maintenance
U1779,49,female,149,61.4,27.66,1139,1566,Light,2.3,1542,6851,272,41,3,7.5,-24,-1.53,123,13.67,111.58,-0.5,1.135,25.5,0.7273,0.9847,6.63,maintenance
U1780,19,male,178,98.1,30.96,2004,2756,Light,2.1,2734,7564,364,101,3,7.9,-22,-0.8,303,33.67,77.1,-0.1,0.649,28.09,0.7271,0.992,3.6,maintenance
U1781,30,male,181,63.9,19.5,1625,2234,Light,2.2,2277,6904,352,76,3,7.1,43,1.92,228,25.33,108.04,-0.9,1.043,34.96,0.7274,1.0192,4.63,maintenance
U1782,33,male,163,62.3,23.45,1482,2038,Light,2.3,1966,7167,338,58,3,6.5,-72,-3.53,174,19.33,115.04,-1.5,1.119,32.71,0.7272,0.9647,5.83,maintenance
U1783,41,male,172,68.6,23.19,1561,2146,Light,1.9,2156,5942,347,77,3,7.7,10,0.47,231,25.67,86.62,-0.3,0.839,31.28,0.7274,1.0047,4.51,maintenance
U1784,48,male,191,83.1,22.78,1790,2774,Moderate,3.1,2897,5360,147,52,1,8.2,123,4.43,52,52.0,64.5,0.2,1.13,33.38,0.6453,1.0443,2.83,maintenance
U1785,27,female,157,79.7,32.33,1482,2038,Light,2.4,2113,7893,326,64,2,6.6,75,3.68,128,32.0,99.03,-1.4,0.913,25.57,0.7272,1.0368,5.09,maintenance
U1786,38,female,152,86.8,37.57,1467,2017,Light,2.8,2038,6530,278,91,3,7.2,21,1.04,273,30.33,75.23,-0.8,0.978,23.24,0.7273,1.0104,3.05,maintenance
U1787,33,female,175,66.0,21.55,1428,1964,Light,1.8,2011,7781,342,50,3,7.8,47,2.39,150,16.67,117.89,-0.2,0.826,29.76,0.7271,1.0239,6.84,maintenance
U1788,34,female,164,61.5,22.87,1309,2029,Moderate,2.2,2077,8722,361,38,1,7.2,48,2.37,38,38.0,141.82,-0.8,1.084,32.99,0.6451,1.0237,9.5,maintenance
U1789,44,female,172,73.4,24.81,1428,1964,Light,2.5,1960,7203,302,65,2,6.1,-4,-0.2,130,32.5,98.13,-1.9,1.032,26.76,0.7271,0.998,4.65,maintenance
U1790,51,female,157,67.1,27.22,1236,1700,Light,2.6,1728,8377,341,84,2,7.4,28,1.65,168,42.0,124.84,-0.6,1.174,25.34,0.7271,1.0165,4.06,maintenance
U1791,25,male,160,93.8,36.64,1818,2818,Moderate,3.5,2909,10511,460,72,3,6.6,91,3.23,216,24.0,112.06,-1.4,1.131,30.04,0.6451,1.0323,6.39,maintenance
U1792,32,female,172,65.2,22.04,1406,2179,Moderate,2.0,2129,6779,315,77,1,6.4,-50,-2.29,77,77.0,103.97,-1.6,0.93,33.42,0.6453,0.9771,4.09,maintenance
U1793,30,male,173,66.0,22.05,1596,2194,Light,2.7,2217,5970,361,67,1,6.1,23,1.05,67,67.0,90.45,-1.9,1.24,33.24,0.7274,1.0105,5.39,maintenance
U1794,55,female,165,71.9,26.41,1314,1807,Light,2.6,1819,6120,371,58,0,7.9,12,0.66,0,0.0,85.12,-0.1,1.096,25.13,0.7272,1.0066,6.4,maintenance
U1795,38,male,179,59.7,18.63,1531,2105,Light,2.0,2109,8595,411,63,2,6.6,4,0.19,126,31.5,143.97,-1.4,1.015,35.26,0.7273,1.0019,6.52,maintenance
U1796,30,female,180,58.8,18.15,1402,1928,Light,1.6,1929,4753,250,61,4,7.4,1,0.05,244,15.25,80.83,-0.6,0.825,32.79,0.7272,1.0005,4.1,maintenance
U1797,43,male,169,65.6,22.97,1502,1802,Sedentary,1.6,1810,5484,404,90,2,7.5,8,0.44,180,45.0,83.6,-0.5,0.739,27.47,0.8335,1.0044,4.49,maintenance
U1798,30,female,166,59.9,21.74,1326,1823,Light,1.5,1833,7994,351,63,2,7.2,10,0.55,126,31.5,133.46,-0.8,0.759,30.43,0.7274,1.0055,5.57,maintenance
U1799,32,male,178,79.8,25.19,1756,2414,Light,2.1,2463,6133,232,48,2,7.3,49,2.03,96,24.0,76.85,-0.7,0.797,30.25,0.7274,1.0203,4.83,maintenance
U1800,35,male,171,74.9,25.61,1648,2266,Light,2.7,2285,7529,320,85,2,7.4,19,0.84,170,42.5,100.52,-0.6,1.092,30.25,0.7273,1.0084,3.76,maintenance
U1801,43,male,174,84.7,27.98,1724,2672,Moderate,2.8,2663,7949,319,77,2,7.2,-9,-0.34,154,38.5,93.85,-0.8,1.002,31.55,0.6452,0.9966,4.14,maintenance
U1802,34,male,180,84.8,26.17,1808,2170,Sedentary,2.4,2137,5532,277,72,2,6.7,-33,-1.52,144,36.0,65.24,-1.3,0.858,25.59,0.8332,0.9848,3.85,maintenance
U1803,57,female,173,50.4,16.84,1139,1765,Moderate,1.5,1750,4517,271,71,1,6.6,-15,-0.85,71,71.0,89.62,-1.4,0.902,35.02,0.6453,0.9915,3.82,maintenance
U1804,23,female,173,64.0,21.38,1445,1987,Light,1.9,1996,4625,120,22,2,7.1,9,0.45,44,11.0,72.27,-0.9,0.9,31.05,0.7272,1.0045,5.45,maintenance
U1805,24,female,163,47.7,17.95,1215,1458,Sedentary,1.6,1439,7285,202,5,2,7.1,-19,-1.3,10,2.5,152.73,-0.9,1.016,30.57,0.8333,0.987,40.4,maintenance
U1806,45,female,173,70.3,23.49,1398,1678,Sedentary,1.9,1707,6850,346,83,3,7.4,29,1.73,249,27.67,97.44,-0.6,0.819,23.87,0.8331,1.0173,4.17,maintenance
U1807,35,female,153,66.3,28.32,1283,1764,Light,2.1,1778,6694,366,84,3,7.8,14,0.79,252,28.0,100.97,-0.2,0.96,26.61,0.7273,1.0079,4.36,maintenance
U1808,36,female,160,68.6,26.8,1345,1849,Light,2.2,1887,4936,232,55,2,7.4,38,2.06,110,27.5,71.95,-0.6,0.972,26.95,0.7274,1.0206,4.22,maintenance
U1809,60,female,169,57.5,20.13,1170,1609,Light,1.6,1590,6135,306,70,2,6.7,-19,-1.18,140,35.0,106.7,-1.3,0.843,27.98,0.7272,0.9882,4.37,maintenance
U1810,42,female,171,84.0,28.73,1538,2115,Light,3.2,2083,8007,322,97,2,5.8,-32,-1.51,194,48.5,95.32,-2.2,1.154,25.18,0.7272,0.9849,3.32,maintenance
U1811,58,male,186,73.7,21.3,1614,2219,Light,2.2,2264,5372,244,86,1,6.7,45,2.03,86,86.0,72.89,-1.3,0.905,30.11,0.7274,1.0203,2.84,maintenance
U1812,41,male,187,92.4,26.42,1893,2272,Sedentary,2.4,2277,5605,283,76,1,6.3,5,0.22,76,76.0,60.66,-1.7,0.787,24.59,0.8332,1.0022,3.72,maintenance
U1813,18,male,190,97.0,26.87,2072,2849,Light,3.3,2839,4893,229,35,2,6.7,-10,-0.35,70,17.5,50.44,-1.3,1.031,29.37,0.7273,0.9965,6.54,maintenance
U1814,19,male,167,76.2,27.32,1716,2059,Sedentary,2.4,2085,6004,252,38,1,7.3,26,1.26,38,38.0,78.79,-0.7,0.954,27.02,0.8334,1.0126,6.63,maintenance
U1815,38,male,166,74.8,27.14,1600,1920,Sedentary,2.4,1943,8503,247,25,2,7.2,23,1.2,50,12.5,113.68,-0.8,0.972,25.67,0.8333,1.012,9.88,maintenance
U1816,40,female,165,69.5,25.53,1365,1638,Sedentary,1.8,1601,9355,375,69,3,8.3,-37,-2.26,207,23.0,134.6,0.3,0.785,23.57,0.8333,0.9774,5.43,maintenance
U1817,35,female,165,63.0,23.14,1325,1822,Light,2.2,1867,8253,481,97,1,7.4,45,2.47,97,97.0,131.0,-0.6,1.058,28.92,0.7272,1.0247,4.96,maintenance
U1818,24,male,162,92.6,35.28,1824,2508,Light,3.7,2489,7804,421,101,2,8.3,-19,-0.76,202,50.5,84.28,0.3,1.211,27.08,0.7273,0.9924,4.17,maintenance
U1819,29,female,171,63.0,21.55,1393,2159,Moderate,1.6,2225,7665,330,70,1,7.6,66,3.06,70,70.0,121.67,-0.4,0.77,34.27,0.6452,1.0306,4.71,maintenance
U1820,47,female,157,61.7,25.03,1202,1653,Light,2.0,1613,7440,247,52,1,7.8,-40,-2.42,52,52.0,120.58,-0.2,0.982,26.79,0.7272,0.9758,4.75,maintenance
U1821,49,female,167,67.1,24.06,1309,1800,Light,1.8,1810,6883,262,61,3,6.9,10,0.56,183,20.33,102.58,-1.1,0.813,26.83,0.7272,1.0056,4.3,maintenance
U1822,55,female,166,73.5,26.67,1336,1837,Light,3.0,1831,10694,423,66,1,6.5,-6,-0.33,66,66.0,145.5,-1.5,1.237,24.99,0.7273,0.9967,6.41,maintenance
U1823,36,female,173,74.4,24.86,1484,1781,Sedentary,2.7,1718,7200,329,63,1,6.9,-63,-3.54,63,63.0,96.77,-1.1,1.1,23.94,0.8332,0.9646,5.22,maintenance
U1824,30,male,176,66.5,21.47,1620,2228,Light,2.1,2254,6819,287,33,2,7.1,26,1.17,66,16.5,102.54,-0.9,0.957,33.5,0.7271,1.0117,8.7,maintenance
U1825,36,male,170,68.3,23.63,1570,2159,Light,1.7,2084,7244,384,94,2,6.8,-75,-3.47,188,47.0,106.06,-1.2,0.754,31.61,0.7272,0.9653,4.09,maintenance
U1826,34,female,152,63.4,27.44,1253,1723,Light,1.7,1714,8406,306,48,2,6.5,-9,-0.52,96,24.0,132.59,-1.5,0.813,27.18,0.7272,0.9948,6.38,maintenance
U1827,31,male,171,89.6,30.64,1815,2813,Moderate,3.0,2869,8559,308,51,3,7.4,56,1.99,153,17.0,95.52,-0.6,1.015,31.4,0.6452,1.0199,6.04,maintenance
U1828,35,male,175,72.0,23.51,1644,1973,Sedentary,1.8,1954,5704,302,12,1,6.5,-19,-0.96,12,12.0,79.22,-1.5,0.758,27.4,0.8332,0.9904,25.17,maintenance
U1829,48,male,177,59.1,18.86,1462,1754,Sedentary,1.5,1725,7558,292,62,1,6.2,-29,-1.65,62,62.0,127.88,-1.8,0.769,29.68,0.8335,0.9835,4.71,maintenance
U1830,29,male,178,90.9,28.69,1882,2917,Moderate,2.8,2959,6722,216,55,3,6.5,42,1.44,165,18.33,73.95,-1.5,0.933,32.09,0.6452,1.0144,3.93,maintenance
U1831,31,female,151,79.9,35.04,1427,1962,Light,2.5,1953,7827,218,47,3,7.0,-9,-0.46,141,15.67,97.96,-1.0,0.948,24.56,0.7273,0.9954,4.64,maintenance
U1832,56,female,175,63.6,20.77,1289,1772,Light,2.1,1759,6210,220,34,2,6.6,-13,-0.73,68,17.0,97.64,-1.4,1.001,27.86,0.7274,0.9927,6.47,maintenance
U1833,21,female,172,82.5,27.89,1634,1961,Sedentary,2.4,2006,6027,318,55,1,7.0,45,2.29,55,55.0,73.05,-1.0,0.882,23.77,0.8332,1.0229,5.78,maintenance
U1834,54,female,169,68.2,23.88,1307,1797,Light,2.4,1759,7488,260,43,3,7.5,-38,-2.11,129,14.33,109.79,-0.5,1.066,26.35,0.7273,0.9789,6.05,maintenance
U1835,54,male,189,92.4,25.87,1840,2852,Moderate,2.5,2828,6983,371,52,2,7.5,-24,-0.84,104,26.0,75.57,-0.5,0.82,30.87,0.6452,0.9916,7.13,maintenance
U1836,45,female,168,65.9,23.35,1323,1819,Light,2.2,1847,5393,313,98,2,6.8,28,1.54,196,49.0,81.84,-1.2,1.012,27.6,0.7273,1.0154,3.19,maintenance
U1837,19,male,163,78.1,29.4,1710,2351,Light,2.5,2299,8317,402,59,1,6.4,-52,-2.21,59,59.0,106.49,-1.6,0.97,30.1,0.7274,0.9779,6.81,maintenance
U1838,57,male,176,73.0,23.57,1550,2131,Light,2.4,2199,7489,287,67,2,6.8,68,3.19,134,33.5,102.59,-1.2,0.996,29.19,0.7274,1.0319,4.28,maintenance
U1839,26,male,180,74.3,22.93,1743,2397,Light,2.7,2388,6400,221,45,3,7.5,-9,-0.38,135,15.0,86.14,-0.5,1.101,32.26,0.7272,0.9962,4.91,maintenance
U1840,31,female,172,64.2,21.7,1401,1926,Light,1.8,1956,5868,240,38,1,7.7,30,1.56,38,38.0,91.4,-0.3,0.85,30.0,0.7274,1.0156,6.32,maintenance
U1841,55,female,176,65.3,21.08,1317,1811,Light,1.8,1839,6992,320,54,1,7.4,28,1.55,54,54.0,107.08,-0.6,0.835,27.73,0.7272,1.0155,5.93,maintenance
U1842,38,female,168,53.8,19.06,1237,1484,Sedentary,1.3,1480,8479,437,124,1,7.9,-4,-0.27,124,124.0,157.6,-0.1,0.732,27.58,0.8336,0.9973,3.52,maintenance
U1843,38,male,170,67.3,23.29,1550,2131,Light,1.5,2113,4348,222,49,1,8.2,-18,-0.84,49,49.0,64.61,0.2,0.675,31.66,0.7274,0.9916,4.53,maintenance
U1844,40,male,172,66.8,22.58,1548,2399,Moderate,2.0,2397,7007,340,63,2,6.9,-2,-0.08,126,31.5,104.9,-1.1,0.907,35.91,0.6453,0.9992,5.4,maintenance
U1845,38,male,177,101.0,32.24,1931,2993,Moderate,3.1,3031,7381,201,37,3,8.0,38,1.27,111,12.33,73.08,0.0,0.93,29.63,0.6452,1.0127,5.43,maintenance
U1846,38,male,167,65.0,23.31,1509,2339,Moderate,1.7,2297,3324,120,5,2,7.0,-42,-1.8,10,2.5,51.14,-1.0,0.793,35.98,0.6451,0.982,24.0,maintenance
U1847,34,female,153,62.3,26.61,1248,1716,Light,1.7,1679,6765,233,38,2,7.8,-37,-2.16,76,19.0,108.59,-0.2,0.827,27.54,0.7273,0.9784,6.13,maintenance
U1848,50,male,167,103.8,37.22,1837,2526,Light,3.9,2593,7438,363,107,2,7.6,67,2.65,214,53.5,71.66,-0.4,1.139,24.34,0.7272,1.0265,3.39,maintenance
U1849,36,female,159,77.2,30.54,1425,2209,Moderate,2.7,2180,7284,346,68,2,6.0,-29,-1.31,136,34.0,94.35,-2.0,1.06,28.61,0.6451,0.9869,5.09,maintenance
U1850,22,male,181,83.7,25.55,1863,2236,Sedentary,2.1,2250,7583,341,91,0,6.6,14,0.63,0,0.0,90.6,-1.4,0.76,26.71,0.8332,1.0063,3.75,maintenance
U1851,33,female,160,53.4,20.86,1208,1661,Light,1.5,1655,7047,202,65,3,6.4,-6,-0.36,195,21.67,131.97,-1.6,0.851,31.1,0.7273,0.9964,3.11,maintenance
U1852,26,male,174,89.1,29.43,1854,2225,Sedentary,2.9,2219,5096,148,5,1,6.1,-6,-0.27,5,5.0,57.19,-1.9,0.986,24.97,0.8333,0.9973,29.6,maintenance
U1853,39,male,177,98.6,31.47,1902,2948,Moderate,2.8,3024,4070,120,31,1,7.7,76,2.58,31,31.0,41.28,-0.3,0.861,29.9,0.6452,1.0258,3.87,maintenance
U1854,37,male,180,82.9,25.59,1774,2750,Moderate,2.3,2746,7975,366,64,2,8.4,-4,-0.15,128,32.0,96.2,0.4,0.841,33.17,0.6451,0.9985,5.72,maintenance
U1855,38,female,174,69.7,23.02,1434,2223,Moderate,2.0,2209,7449,361,60,2,7.0,-14,-0.63,120,30.0,106.87,-1.0,0.87,31.89,0.6451,0.9937,6.02,maintenance
U1856,54,female,161,55.6,21.45,1131,1555,Light,2.0,1547,8077,208,55,2,7.7,-8,-0.51,110,27.5,145.27,-0.3,1.09,27.97,0.7273,0.9949,3.78,maintenance
U1857,25,male,166,91.7,33.28,1834,2843,Moderate,3.3,2817,5521,190,43,2,8.0,-26,-0.91,86,21.5,60.21,0.0,1.091,31.0,0.6451,0.9909,4.42,maintenance
U1858,36,female,173,64.6,21.58,1386,1663,Sedentary,1.8,1643,8831,435,97,2,7.3,-20,-1.2,194,48.5,136.7,-0.7,0.844,25.74,0.8334,0.988,4.48,maintenance
U1859,55,male,187,91.0,26.02,1809,2171,Sedentary,3.0,2151,4471,125,44,3,7.1,-20,-0.92,132,14.67,49.13,-0.9,0.999,23.86,0.8333,0.9908,2.84,maintenance
U1860,31,female,163,61.1,23.0,1314,1807,Light,1.9,1861,5326,299,62,2,7.0,54,2.99,124,31.0,87.17,-1.0,0.942,29.57,0.7272,1.0299,4.82,maintenance
U1861,32,female,172,63.8,21.57,1392,1914,Light,1.7,1939,8049,429,84,2,7.5,25,1.31,168,42.0,126.16,-0.5,0.807,30.0,0.7273,1.0131,5.11,maintenance
U1862,29,female,162,73.9,28.16,1446,2241,Moderate,2.2,2227,7395,286,47,2,7.7,-14,-0.62,94,23.5,100.07,-0.3,0.902,30.32,0.6452,0.9938,6.09,maintenance
U1863,27,female,162,71.3,27.17,1430,1966,Light,1.8,2001,8767,276,36,1,7.4,35,1.78,36,36.0,122.96,-0.6,0.765,27.57,0.7274,1.0178,7.67,maintenance
U1864,40,male,173,65.9,22.02,1545,2124,Light,2.4,2063,7347,210,75,4,7.4,-61,-2.87,300,18.75,111.49,-0.6,1.104,32.23,0.7274,0.9713,2.8,maintenance
U1865,31,female,163,73.2,27.55,1435,1973,Light,2.7,2022,5331,354,96,1,7.1,49,2.48,96,96.0,72.83,-0.9,1.118,26.95,0.7273,1.0248,3.69,maintenance
U1866,23,male,182,81.7,24.66,1844,2213,Sedentary,2.4,2265,5262,390,79,2,6.2,52,2.35,158,39.5,64.41,-1.8,0.89,27.09,0.8333,1.0235,4.94,maintenance
U1867,48,female,170,74.3,25.71,1404,2176,Moderate,2.1,2264,5571,385,77,2,7.7,88,4.04,154,38.5,74.98,-0.3,0.856,29.29,0.6452,1.0404,5.0,maintenance
U1868,37,female,176,64.9,20.95,1403,1929,Light,2.3,1964,9498,333,38,2,6.4,35,1.81,76,19.0,146.35,-1.6,1.074,29.72,0.7273,1.0181,8.76,maintenance
U1869,34,female,149,84.7,38.15,1447,1736,Sedentary,3.0,1750,8356,257,43,1,7.5,14,0.81,43,43.0,98.65,-0.5,1.073,20.5,0.8335,1.0081,5.98,maintenance
U1870,22,male,164,93.3,34.69,1853,2548,Light,2.4,2607,8002,409,79,1,7.6,59,2.32,79,79.0,85.77,-0.4,0.779,27.31,0.7272,1.0232,5.18,maintenance
U1871,30,female,174,81.3,26.85,1590,2186,Light,2.4,2161,6177,295,75,3,6.5,-25,-1.14,225,25.0,75.98,-1.5,0.895,26.89,0.7274,0.9886,3.93,maintenance
U1872,18,male,164,78.9,29.34,1729,2680,Moderate,2.4,2661,6498,311,58,1,6.8,-19,-0.71,58,58.0,82.36,-1.2,0.922,33.97,0.6451,0.9929,5.36,maintenance
U1873,31,male,173,65.2,21.78,1583,1900,Sedentary,1.8,1898,7444,313,47,3,8.4,-2,-0.11,141,15.67,114.17,0.4,0.837,29.14,0.8332,0.9989,6.66,maintenance
U1874,56,male,181,100.5,30.68,1861,2233,Sedentary,3.3,2288,5817,215,23,2,7.1,55,2.46,46,11.5,57.88,-0.9,0.995,22.22,0.8334,1.0246,9.35,maintenance
U1875,18,male,180,99.1,30.59,2031,3148,Moderate,2.7,3100,6107,354,74,1,6.4,-48,-1.52,74,74.0,61.62,-1.6,0.826,31.77,0.6452,0.9848,4.78,maintenance
U1876,59,female,156,46.0,18.9,979,1346,Light,1.3,1323,7119,421,96,2,7.6,-23,-1.71,192,48.0,154.76,-0.4,0.856,29.26,0.7273,0.9829,4.39,maintenance
U1877,50,female,169,63.3,22.16,1278,1757,Light,1.9,1764,5896,210,40,2,6.7,7,0.4,80,20.0,93.14,-1.3,0.91,27.76,0.7274,1.004,5.25,maintenance
U1878,36,male,171,83.9,28.69,1733,2080,Sedentary,2.0,2107,6566,205,38,1,6.0,27,1.3,38,38.0,78.26,-2.0,0.722,24.79,0.8332,1.013,5.39,maintenance
U1879,25,female,163,63.0,23.71,1363,2113,Moderate,1.4,2086,5391,151,82,1,7.5,-27,-1.28,82,82.0,85.57,-0.5,0.673,33.54,0.6451,0.9872,1.84,maintenance
U1880,27,male,170,64.3,22.25,1576,2167,Light,2.2,2193,7688,315,67,2,6.6,26,1.2,134,33.5,119.56,-1.4,1.037,33.7,0.7273,1.012,4.7,maintenance
U1881,50,female,160,54.5,21.29,1134,1361,Sedentary,1.5,1395,6884,292,94,2,7.3,34,2.5,188,47.0,126.31,-0.7,0.834,24.97,0.8332,1.025,3.11,maintenance
U1882,28,male,178,65.4,20.64,1632,1958,Sedentary,2.6,2000,6258,293,53,2,6.7,42,2.15,106,26.5,95.69,-1.3,1.205,29.94,0.8335,1.0215,5.53,maintenance
U1883,43,female,165,82.9,30.45,1484,1781,Sedentary,3.2,1792,5383,214,46,1,7.6,11,0.62,46,46.0,64.93,-0.4,1.17,21.48,0.8332,1.0062,4.65,maintenance
U1884,35,male,191,89.2,24.45,1916,2634,Light,2.5,2630,6642,274,56,2,7.3,-4,-0.15,112,28.0,74.46,-0.7,0.849,29.53,0.7274,0.9985,4.89,maintenance
U1885,58,female,154,44.4,18.72,956,1147,Sedentary,1.8,1183,5818,290,46,2,5.8,36,3.14,92,23.0,131.04,-2.2,1.229,25.83,0.8335,1.0314,6.3,maintenance
U1886,24,female,168,57.5,20.37,1344,1613,Sedentary,2.0,1613,6563,343,80,0,7.4,0,0.0,0,0.0,114.14,-0.6,1.054,28.05,0.8332,1.0,4.29,maintenance
U1887,50,female,170,69.8,24.15,1350,1620,Sedentary,1.9,1647,7982,348,74,2,7.0,27,1.67,148,37.0,114.36,-1.0,0.825,23.21,0.8333,1.0167,4.7,maintenance
U1888,54,female,172,63.2,21.36,1276,1754,Light,1.3,1816,6381,428,93,2,8.0,62,3.53,186,46.5,100.97,0.0,0.623,27.75,0.7275,1.0353,4.6,maintenance
U1889,58,male,177,72.9,23.27,1550,2131,Light,2.5,2163,9434,415,59,2,7.4,32,1.5,118,29.5,129.41,-0.6,1.039,29.23,0.7274,1.015,7.03,maintenance
U1890,29,female,169,79.5,27.84,1545,2124,Light,2.5,2086,6402,239,45,3,7.6,-38,-1.79,135,15.0,80.53,-0.4,0.953,26.72,0.7274,0.9821,5.31,maintenance
U1891,42,female,159,55.5,21.95,1178,1826,Moderate,1.8,1785,7056,277,55,1,6.7,-41,-2.25,55,55.0,127.14,-1.3,0.983,32.9,0.6451,0.9775,5.04,maintenance
U1892,55,female,170,69.4,24.01,1320,1815,Light,2.1,1805,5484,279,46,1,6.7,-10,-0.55,46,46.0,79.02,-1.3,0.917,26.15,0.7273,0.9945,6.07,maintenance
U1893,44,male,166,79.5,28.85,1618,2508,Moderate,2.0,2540,8042,387,87,2,7.1,32,1.28,174,43.5,101.16,-0.9,0.762,31.55,0.6451,1.0128,4.45,maintenance
U1894,24,female,161,63.2,24.38,1357,2103,Moderate,1.8,2120,6330,248,77,2,6.9,17,0.81,154,38.5,100.16,-1.1,0.863,33.28,0.6453,1.0081,3.22,maintenance
U1895,57,female,167,51.7,18.54,1115,1728,Moderate,1.7,1797,7066,374,73,0,8.0,69,3.99,0,0.0,136.67,0.0,0.996,33.42,0.6453,1.0399,5.12,maintenance
U1896,48,female,169,69.3,24.26,1348,1618,Sedentary,2.0,1631,5723,295,35,2,7.1,13,0.8,70,17.5,82.58,-0.9,0.875,23.35,0.8331,1.008,8.43,maintenance
U1897,55,male,173,67.8,22.65,1489,2047,Light,2.0,2035,6138,387,89,2,6.4,-12,-0.59,178,44.5,90.53,-1.6,0.894,30.19,0.7274,0.9941,4.35,maintenance
U1898,25,male,162,95.0,36.2,1842,2533,Light,2.3,2481,7065,387,58,0,6.7,-52,-2.05,0,0.0,74.37,-1.3,0.734,26.66,0.7272,0.9795,6.67,maintenance
U1899,58,male,187,70.9,20.28,1593,1912,Sedentary,2.2,1953,6733,396,52,2,7.7,41,2.14,104,26.0,94.96,-0.3,0.94,26.97,0.8332,1.0214,7.62,maintenance
U1900,41,female,167,82.5,29.58,1503,1804,Sedentary,2.1,1804,6446,426,89,1,7.0,0,0.0,89,89.0,78.13,-1.0,0.771,21.87,0.8331,1.0,4.79,maintenance
U1901,45,male,190,79.2,21.94,1760,2112,Sedentary,2.7,2055,5540,253,44,1,7.0,-57,-2.7,44,44.0,69.95,-1.0,1.033,26.67,0.8333,0.973,5.75,maintenance
U1902,19,male,173,97.0,32.41,1961,2696,Light,2.7,2697,5462,227,48,1,7.8,1,0.04,48,48.0,56.31,-0.2,0.843,27.79,0.7274,1.0004,4.73,maintenance
U1903,37,male,173,74.7,24.96,1648,2554,Moderate,2.2,2508,5878,153,50,2,6.6,-46,-1.8,100,25.0,78.69,-1.4,0.892,34.19,0.6453,0.982,3.06,maintenance
U1904,36,female,166,77.3,28.05,1470,2021,Light,3.1,2006,7121,255,26,3,5.8,-15,-0.74,78,8.67,92.12,-2.2,1.215,26.14,0.7274,0.9926,9.81,maintenance
U1905,23,female,173,82.3,27.5,1628,2523,Moderate,2.4,2523,7394,346,62,2,6.6,0,0.0,124,31.0,89.84,-1.4,0.884,30.66,0.6453,1.0,5.58,maintenance
U1906,32,male,169,73.1,25.59,1632,2244,Light,2.1,2207,7576,289,38,0,7.3,-37,-1.65,0,0.0,103.64,-0.7,0.871,30.7,0.7273,0.9835,7.61,maintenance
U1907,32,male,174,71.0,23.45,1642,1970,Sedentary,2.4,1953,8050,245,69,2,7.0,-17,-0.86,138,34.5,113.38,-1.0,1.024,27.75,0.8335,0.9914,3.55,maintenance
U1908,55,female,160,54.1,21.13,1105,1519,Light,1.2,1499,8541,330,58,2,6.2,-20,-1.32,116,29.0,157.87,-1.8,0.672,28.08,0.7275,0.9868,5.69,maintenance
U1909,21,male,174,62.2,20.54,1610,1932,Sedentary,2.2,1907,6273,289,42,1,7.8,-25,-1.29,42,42.0,100.85,-0.2,1.072,31.06,0.8333,0.9871,6.88,maintenance
U1910,55,female,170,62.0,21.45,1246,1931,Moderate,2.2,1896,4148,125,37,2,7.2,-35,-1.81,74,18.5,66.9,-0.8,1.075,31.15,0.6453,0.9819,3.38,maintenance
U1911,41,male,164,77.1,28.67,1596,2194,Light,2.5,2175,6208,288,60,3,7.4,-19,-0.87,180,20.0,80.52,-0.6,0.983,28.46,0.7274,0.9913,4.8,maintenance
U1912,50,male,180,86.8,26.79,1748,2404,Light,1.8,2365,7059,349,73,1,7.4,-39,-1.62,73,73.0,81.32,-0.6,0.628,27.7,0.7271,0.9838,4.78,maintenance
U1913,30,male,182,84.4,25.48,1836,2524,Light,2.5,2551,5097,301,56,0,6.4,27,1.07,0,0.0,60.39,-1.6,0.898,29.91,0.7274,1.0107,5.38,maintenance
U1914,36,male,161,64.9,25.04,1480,2035,Light,1.6,2042,5734,432,107,0,7.3,7,0.34,0,0.0,88.35,-0.7,0.747,31.36,0.7273,1.0034,4.04,maintenance
U1915,50,female,173,76.5,25.56,1435,2224,Moderate,2.7,2272,8102,321,64,1,7.7,48,2.16,64,64.0,105.91,-0.3,1.07,29.07,0.6452,1.0216,5.02,maintenance
U1916,47,female,170,76.1,26.33,1428,2213,Moderate,2.7,2288,4970,265,68,2,7.8,75,3.39,136,34.0,65.31,-0.2,1.075,29.08,0.6453,1.0339,3.9,maintenance
U1917,31,male,175,64.5,21.06,1589,2185,Light,2.1,2212,5540,288,71,1,7.6,27,1.24,71,71.0,85.89,-0.4,0.987,33.88,0.7272,1.0124,4.06,maintenance
U1918,54,female,155,67.9,28.26,1217,1673,Light,1.7,1687,8590,377,54,1,7.5,14,0.84,54,54.0,126.51,-0.5,0.759,24.64,0.7274,1.0084,6.98,maintenance
U1919,55,female,167,72.9,26.14,1337,1604,Sedentary,2.7,1625,4336,254,61,2,6.1,21,1.31,122,30.5,59.48,-1.9,1.122,22.0,0.8335,1.0131,4.16,maintenance
U1920,40,female,171,84.7,28.97,1555,1866,Sedentary,2.5,1882,6253,351,55,2,7.1,16,0.86,110,27.5,73.83,-0.9,0.894,22.03,0.8333,1.0086,6.38,maintenance
U1921,47,female,167,65.0,23.31,1298,1558,Sedentary,2.5,1559,4925,120,59,2,6.6,1,0.06,118,29.5,75.77,-1.4,1.166,23.97,0.8331,1.0006,2.03,maintenance
U1922,52,male,169,74.0,25.91,1541,2119,Light,2.4,2118,6266,293,53,2,7.9,-1,-0.05,106,26.5,84.68,-0.1,0.983,28.64,0.7272,0.9995,5.53,maintenance
U1923,18,male,191,96.0,26.32,2069,2845,Light,3.2,2793,6233,282,44,1,7.8,-52,-1.83,44,44.0,64.93,-0.2,1.01,29.64,0.7272,0.9817,6.41,maintenance
U1924,32,female,173,62.7,20.95,1387,2150,Moderate,1.8,2182,5167,227,55,1,6.6,32,1.49,55,55.0,82.41,-1.4,0.87,34.29,0.6451,1.0149,4.13,maintenance
U1925,59,female,149,72.4,32.61,1199,1439,Sedentary,2.7,1438,7275,120,12,1,7.1,-1,-0.07,12,12.0,100.48,-0.9,1.13,19.88,0.8332,0.9993,10.0,maintenance
U1926,21,male,192,97.6,26.48,2076,2854,Light,3.3,2928,8324,383,88,1,7.3,74,2.59,88,88.0,85.29,-0.7,1.025,29.24,0.7274,1.0259,4.35,maintenance
U1927,29,female,162,74.4,28.35,1450,1740,Sedentary,2.7,1769,7636,350,103,0,7.7,29,1.67,0,0.0,102.63,-0.3,1.1,23.39,0.8333,1.0167,3.4,maintenance
U1928,57,female,174,64.4,21.27,1286,1993,Moderate,2.0,1971,8658,488,88,1,6.1,-22,-1.1,88,88.0,134.44,-1.9,0.941,30.95,0.6453,0.989,5.55,maintenance
U1929,43,female,164,80.1,29.78,1450,1994,Light,2.4,2039,4637,268,70,3,5.8,45,2.26,210,23.33,57.89,-2.2,0.908,24.89,0.7272,1.0226,3.83,maintenance
U1930,38,female,175,73.0,23.84,1473,2025,Light,2.4,1934,6172,264,79,2,7.2,-91,-4.49,158,39.5,84.55,-0.8,0.996,27.74,0.7274,0.9551,3.34,maintenance
U1931,26,female,162,61.6,23.47,1338,1840,Light,2.3,1904,7131,141,26,2,5.8,64,3.48,52,13.0,115.76,-2.2,1.131,29.87,0.7272,1.0348,5.42,maintenance
U1932,45,male,169,66.7,23.35,1503,2067,Light,2.3,2017,7676,379,75,2,7.2,-50,-2.42,150,37.5,115.08,-0.8,1.045,30.99,0.7271,0.9758,5.05,maintenance
U1933,24,male,182,84.7,25.57,1870,2571,Light,2.6,2594,8867,376,46,3,7.5,23,0.89,138,15.33,104.69,-0.5,0.93,30.35,0.7273,1.0089,8.17,maintenance
U1934,26,male,176,90.4,29.18,1879,2255,Sedentary,2.1,2272,7943,389,105,1,7.9,17,0.75,105,105.0,87.87,-0.1,0.704,24.94,0.8333,1.0075,3.7,maintenance
U1935,56,male,184,95.7,28.27,1832,2519,Light,3.3,2570,8731,394,64,1,6.8,51,2.02,64,64.0,91.23,-1.2,1.045,26.32,0.7273,1.0202,6.16,maintenance
U1936,49,male,163,105.4,39.67,1833,2520,Light,2.6,2505,9800,391,75,3,7.2,-15,-0.6,225,25.0,92.98,-0.8,0.748,23.91,0.7274,0.994,5.21,maintenance
U1937,39,female,156,73.1,30.04,1350,1856,Light,2.3,1784,6630,337,51,2,7.5,-72,-3.88,102,25.5,90.7,-0.5,0.953,25.39,0.7274,0.9612,6.61,maintenance
U1938,32,female,158,52.4,20.99,1190,1636,Light,1.6,1626,6110,398,103,1,6.4,-10,-0.61,103,103.0,116.6,-1.6,0.925,31.22,0.7274,0.9939,3.86,maintenance
U1939,31,female,150,79.1,35.16,1412,1942,Light,1.9,1934,6739,180,44,2,7.7,-8,-0.41,88,22.0,85.2,-0.3,0.728,24.55,0.7271,0.9959,4.09,maintenance
U1940,47,male,163,105.7,39.78,1846,2538,Light,3.4,2444,5265,207,81,1,7.3,-94,-3.7,81,81.0,49.81,-0.7,0.975,24.01,0.7273,0.963,2.56,maintenance
U1941,54,female,173,63.8,21.32,1288,1771,Light,2.5,1772,6591,416,69,1,6.8,1,0.06,69,69.0,103.31,-1.2,1.187,27.76,0.7273,1.0006,6.03,maintenance
U1942,35,male,178,76.4,24.11,1706,2644,Moderate,2.2,2593,4169,276,64,1,7.2,-51,-1.93,64,64.0,54.57,-0.8,0.873,34.61,0.6452,0.9807,4.31,maintenance
U1943,26,male,188,88.7,25.1,1937,2663,Light,3.0,2694,5785,197,60,2,7.1,31,1.16,120,30.0,65.22,-0.9,1.025,30.02,0.7274,1.0116,3.28,maintenance
U1944,40,female,168,67.5,23.92,1364,1876,Light,2.8,1868,6344,166,40,2,7.6,-8,-0.43,80,20.0,93.99,-0.4,1.257,27.79,0.7271,0.9957,4.15,maintenance
U1945,21,male,174,96.3,31.81,1950,2340,Sedentary,3.3,2423,7782,253,5,3,6.9,83,3.55,15,1.67,80.81,-1.1,1.038,24.3,0.8333,1.0355,50.6,maintenance
U1946,43,female,159,55.7,22.03,1175,1616,Light,1.6,1609,8000,300,79,2,7.3,-7,-0.43,158,39.5,143.63,-0.7,0.87,29.01,0.7271,0.9957,3.8,maintenance
U1947,40,male,168,76.8,27.21,1623,2232,Light,2.4,2249,5199,207,44,2,6.8,17,0.76,88,22.0,67.7,-1.2,0.947,29.06,0.7272,1.0076,4.7,maintenance
U1948,36,female,150,64.6,28.71,1242,1490,Sedentary,2.1,1484,10551,464,97,3,6.6,-6,-0.4,291,32.33,163.33,-1.4,0.985,23.07,0.8336,0.996,4.78,maintenance
U1949,50,male,162,96.0,36.58,1728,2074,Sedentary,3.5,2013,6700,294,63,3,7.3,-61,-2.94,189,21.0,69.79,-0.7,1.105,21.6,0.8332,0.9706,4.67,maintenance
U1950,18,female,168,62.1,22.0,1420,1952,Light,2.2,1945,6824,392,81,2,6.6,-7,-0.36,162,40.5,109.89,-1.4,1.074,31.43,0.7275,0.9964,4.84,maintenance
U1951,21,male,190,98.8,27.37,2076,2854,Light,2.0,2893,5025,396,93,1,7.6,39,1.37,93,93.0,50.86,-0.4,0.613,28.89,0.7274,1.0137,4.26,maintenance
U1952,26,female,161,78.3,30.21,1498,2060,Light,2.1,2082,5663,151,5,1,7.5,22,1.07,5,5.0,72.32,-0.5,0.813,26.31,0.7272,1.0107,30.2,maintenance
U1953,35,female,153,85.3,36.44,1473,2025,Light,2.6,2014,7917,282,69,1,6.7,-11,-0.54,69,69.0,92.81,-1.3,0.924,23.74,0.7274,0.9946,4.09,maintenance
U1954,42,female,158,55.5,22.23,1172,1612,Light,1.5,1570,6729,296,47,2,7.3,-42,-2.61,94,23.5,121.24,-0.7,0.819,29.05,0.727,0.9739,6.3,maintenance
U1955,50,female,149,64.4,29.01,1164,1600,Light,1.3,1619,6646,415,81,1,6.7,19,1.19,81,81.0,103.2,-1.3,0.612,24.84,0.7275,1.0119,5.12,maintenance
U1956,24,male,162,67.2,25.61,1570,2159,Light,1.9,2175,6807,287,68,3,6.2,16,0.74,204,22.67,101.29,-1.8,0.857,32.13,0.7272,1.0074,4.22,maintenance
U1957,27,male,188,87.6,24.78,1921,2641,Light,2.7,2681,4552,289,68,1,6.8,40,1.51,68,68.0,51.96,-1.2,0.934,30.15,0.7274,1.0151,4.25,maintenance
U1958,58,female,167,50.6,18.14,1099,1511,Light,1.4,1504,6370,221,49,1,7.1,-7,-0.46,49,49.0,125.89,-0.9,0.838,29.86,0.7273,0.9954,4.51,maintenance
U1959,44,female,151,47.1,20.66,1034,1603,Moderate,1.2,1554,8401,307,35,2,7.5,-49,-3.06,70,17.5,178.37,-0.5,0.772,34.03,0.645,0.9694,8.77,maintenance
U1960,19,male,169,74.9,26.22,1715,2358,Light,2.3,2381,7967,245,45,2,7.2,23,0.98,90,22.5,106.37,-0.8,0.931,31.48,0.7273,1.0098,5.44,maintenance
U1961,38,female,170,54.7,18.93,1258,1730,Light,1.8,1730,6331,214,15,0,7.7,0,0.0,0,0.0,115.74,-0.3,0.997,31.63,0.7272,1.0,14.27,maintenance
U1962,30,male,180,66.6,20.56,1646,2551,Moderate,1.9,2615,8611,317,42,0,6.6,64,2.51,0,0.0,129.29,-1.4,0.865,38.3,0.6452,1.0251,7.55,maintenance
U1963,31,female,158,53.5,21.43,1206,1869,Moderate,2.0,1870,4800,213,23,2,6.9,1,0.05,46,11.5,89.72,-1.1,1.133,34.93,0.6453,1.0005,9.26,maintenance
U1964,18,male,190,101.9,28.23,2122,2918,Light,3.2,2916,5188,289,23,3,8.1,-2,-0.07,69,7.67,50.91,0.1,0.952,28.64,0.7272,0.9993,12.57,maintenance
U1965,43,male,167,80.0,28.69,1634,2533,Moderate,2.2,2552,9016,339,58,3,6.0,19,0.75,174,19.33,112.7,-2.0,0.833,31.66,0.6451,1.0075,5.84,maintenance
U1966,19,male,165,80.1,29.42,1742,2090,Sedentary,2.1,2068,7280,212,67,1,6.9,-22,-1.05,67,67.0,90.89,-1.1,0.794,26.09,0.8335,0.9895,3.16,maintenance
U1967,32,female,172,80.8,27.31,1562,2421,Moderate,2.4,2393,6110,256,54,2,6.5,-28,-1.16,108,27.0,75.62,-1.5,0.9,29.96,0.6452,0.9884,4.74,maintenance
U1968,55,male,178,102.0,32.19,1862,2234,Sedentary,3.6,2230,6425,277,44,1,7.0,-4,-0.18,44,44.0,62.99,-1.0,1.07,21.9,0.8335,0.9982,6.3,maintenance
U1969,30,male,181,79.8,24.36,1784,2453,Light,2.2,2412,5411,226,34,2,6.9,-41,-1.67,68,17.0,67.81,-1.1,0.835,30.74,0.7273,0.9833,6.65,maintenance
U1970,40,female,165,67.9,24.94,1349,2091,Moderate,2.3,2082,6873,272,48,3,7.5,-9,-0.43,144,16.0,101.22,-0.5,1.026,30.8,0.6451,0.9957,5.67,maintenance
U1971,43,male,173,94.2,31.47,1813,2176,Sedentary,2.9,2252,6766,342,37,3,7.3,76,3.49,111,12.33,71.83,-0.7,0.933,23.1,0.8332,1.0349,9.24,maintenance
U1972,44,female,164,69.1,25.69,1335,2069,Moderate,2.7,2108,6527,287,54,2,6.4,39,1.88,108,27.0,94.46,-1.6,1.184,29.94,0.6452,1.0188,5.31,maintenance
U1973,44,male,181,74.8,22.83,1664,2288,Light,2.4,2301,4934,176,22,1,6.8,13,0.57,22,22.0,65.96,-1.2,0.972,30.59,0.7273,1.0057,8.0,maintenance
U1974,27,male,183,71.3,21.29,1727,2072,Sedentary,2.0,2130,6857,271,70,2,7.1,58,2.8,140,35.0,96.17,-0.9,0.85,29.06,0.8335,1.028,3.87,maintenance
U1975,44,female,161,69.1,26.66,1316,2040,Moderate,2.3,2010,5785,144,43,3,7.6,-30,-1.47,129,14.33,83.72,-0.4,1.009,29.52,0.6451,0.9853,3.35,maintenance
U1976,40,male,171,69.6,23.8,1570,2159,Light,2.4,2256,5169,271,63,1,8.5,97,4.49,63,63.0,74.27,0.5,1.045,31.02,0.7272,1.0449,4.3,maintenance
U1977,58,male,180,68.4,21.11,1524,2362,Moderate,2.0,2342,8210,376,75,0,7.6,-20,-0.85,0,0.0,120.03,-0.4,0.886,34.53,0.6452,0.9915,5.01,maintenance
U1978,32,female,165,62.9,23.1,1339,2075,Moderate,1.6,2150,9429,321,62,2,6.5,75,3.61,124,31.0,149.9,-1.5,0.771,32.99,0.6453,1.0361,5.18,maintenance
U1979,39,female,160,55.5,21.68,1199,1439,Sedentary,1.8,1491,9123,384,73,2,7.1,52,3.61,146,36.5,164.38,-0.9,0.983,25.93,0.8332,1.0361,5.26,maintenance
U1980,36,female,170,69.3,23.98,1414,1944,Light,2.1,1883,7378,229,10,0,7.3,-61,-3.14,0,0.0,106.46,-0.7,0.918,28.05,0.7274,0.9686,22.9,maintenance
U1981,37,female,172,75.3,25.45,1482,2038,Light,1.8,2092,7305,281,62,2,6.8,54,2.65,124,31.0,97.01,-1.2,0.724,27.07,0.7272,1.0265,4.53,maintenance
U1982,45,male,186,93.4,27.0,1876,2580,Light,3.0,2567,6405,271,79,2,7.4,-13,-0.5,158,39.5,68.58,-0.6,0.973,27.62,0.7271,0.995,3.43,maintenance
U1983,24,female,157,49.6,20.12,1196,1435,Sedentary,1.4,1420,7048,336,66,3,5.8,-15,-1.05,198,22.0,142.1,-2.2,0.855,28.93,0.8334,0.9895,5.09,maintenance
U1984,33,male,178,78.6,24.81,1738,2390,Light,1.9,2413,5933,314,96,1,7.5,23,0.96,96,96.0,75.48,-0.5,0.733,30.41,0.7272,1.0096,3.27,maintenance
U1985,18,female,167,63.3,22.7,1426,2210,Moderate,1.8,2170,8280,358,92,2,6.9,-40,-1.81,184,46.0,130.81,-1.1,0.862,34.91,0.6452,0.9819,3.89,maintenance
U1986,51,male,174,62.4,20.61,1462,1754,Sedentary,2.3,1770,3752,161,62,3,7.1,16,0.91,186,20.67,60.13,-0.9,1.117,28.11,0.8335,1.0091,2.6,maintenance
U1987,25,female,158,52.1,20.87,1222,1680,Light,1.9,1652,6101,252,49,2,8.0,-28,-1.67,98,24.5,117.1,0.0,1.105,32.25,0.7274,0.9833,5.14,maintenance
U1988,25,male,165,88.5,32.51,1796,2470,Light,3.1,2478,7581,331,34,1,6.4,8,0.32,34,34.0,85.66,-1.6,1.061,27.91,0.7271,1.0032,9.74,maintenance
U1989,50,female,153,60.4,25.8,1149,1379,Sedentary,1.9,1412,5359,242,45,1,7.3,33,2.39,45,45.0,88.73,-0.7,0.953,22.83,0.8332,1.0239,5.38,maintenance
U1990,49,male,164,95.7,35.58,1742,2090,Sedentary,3.2,2105,6176,244,46,2,7.6,15,0.72,92,23.0,64.54,-0.4,1.013,21.84,0.8335,1.0072,5.3,maintenance
U1991,32,female,166,62.6,22.72,1342,1610,Sedentary,1.9,1600,8880,367,54,2,7.3,-10,-0.62,108,27.0,141.85,-0.7,0.92,25.72,0.8335,0.9938,6.8,maintenance
U1992,32,female,171,66.0,22.57,1408,1936,Light,1.7,1955,8550,386,35,1,6.2,19,0.98,35,35.0,129.55,-1.8,0.781,29.33,0.7273,1.0098,11.03,maintenance
U1993,26,female,161,68.5,26.43,1400,1680,Sedentary,1.8,1637,4753,269,64,3,8.0,-43,-2.56,192,21.33,69.39,0.0,0.796,24.53,0.8333,0.9744,4.2,maintenance
U1994,27,female,157,79.0,32.05,1475,2286,Moderate,2.2,2251,6126,362,106,1,7.0,-35,-1.53,106,106.0,77.54,-1.0,0.844,28.94,0.6452,0.9847,3.42,maintenance
U1995,42,female,165,67.1,24.65,1331,2063,Moderate,2.5,2047,5223,310,76,0,6.8,-16,-0.78,0,0.0,77.84,-1.2,1.129,30.75,0.6452,0.9922,4.08,maintenance
U1996,34,female,186,69.0,19.94,1522,1826,Sedentary,2.4,1852,4424,198,48,2,7.0,26,1.42,96,24.0,64.12,-1.0,1.054,26.46,0.8335,1.0142,4.12,maintenance
U1997,53,female,158,71.4,28.6,1276,1978,Moderate,1.9,1992,4520,265,77,2,6.9,14,0.71,154,38.5,63.31,-1.1,0.806,27.7,0.6451,1.0071,3.44,maintenance
U1998,20,male,167,69.8,25.03,1647,2553,Moderate,2.2,2578,5187,226,63,2,6.4,25,0.98,126,31.5,74.31,-1.6,0.955,36.58,0.6451,1.0098,3.59,maintenance
U1999,19,male,180,68.9,21.27,1724,2069,Sedentary,2.0,2068,8165,243,54,2,7.2,-1,-0.05,108,27.0,118.51,-0.8,0.88,30.03,0.8333,0.9995,4.5,maintenance
U2000,18,male,178,84.7,26.73,1874,2905,Moderate,2.5,2864,6079,283,53,3,6.8,-41,-1.41,159,17.67,71.77,-1.2,0.894,34.3,0.6451,0.9859,5.34,maintenance
U2001,44,male,193,88.3,23.71,1874,3561,Very Active,3.3,3648,9489,448,131,5,7.1,87,2.44,655,26.2,107.46,-0.9,1.133,40.33,0.5263,1.0244,3.42,fitness_improvement
U2002,44,female,164,73.9,27.48,1383,2628,Very Active,2.9,2626,13296,744,175,4,8.2,-2,-0.08,700,43.75,179.92,0.2,1.189,35.56,0.5263,0.9992,4.25,fitness_improvement
U2003,53,male,178,101.0,31.88,1862,3212,Active,3.4,3109,10400,570,115,4,7.3,-103,-3.21,460,28.75,102.97,-0.7,1.02,31.8,0.5797,0.9679,4.96,fitness_improvement
U2004,32,male,184,73.8,21.8,1733,2989,Active,3.3,2989,12908,667,154,3,7.1,0,0.0,462,51.33,174.91,-0.9,1.355,40.5,0.5798,1.0,4.33,fitness_improvement
U2005,21,male,183,66.0,19.71,1704,3238,Very Active,2.2,3144,11781,568,173,6,7.4,-94,-2.9,1038,28.83,178.5,-0.6,1.01,49.06,0.5263,0.971,3.28,fitness_improvement
U2006,42,female,171,67.6,23.12,1374,2130,Moderate,2.5,2177,9391,417,165,5,7.9,47,2.21,825,33.0,138.92,-0.1,1.121,31.51,0.6451,1.0221,2.53,fitness_improvement
U2007,32,male,190,82.7,22.91,1860,2883,Moderate,3.2,2979,11247,710,202,4,7.3,96,3.33,808,50.5,136.0,-0.7,1.173,34.86,0.6452,1.0333,3.51,fitness_improvement
U2008,31,male,180,79.5,24.54,1770,2744,Moderate,3.8,2900,12439,568,122,5,7.2,156,5.69,610,24.4,156.47,-0.8,1.448,34.52,0.645,1.0569,4.66,fitness_improvement
U2009,53,male,177,70.5,22.5,1551,2675,Active,2.6,2723,12873,506,104,4,7.3,48,1.79,416,26.0,182.6,-0.7,1.118,37.94,0.5798,1.0179,4.87,fitness_improvement
U2010,32,male,179,76.3,23.81,1727,2979,Active,2.7,3090,11553,589,115,3,6.8,111,3.73,345,38.33,151.42,-1.2,1.072,39.04,0.5797,1.0373,5.12,fitness_improvement
U2011,37,male,182,84.1,25.39,1798,3416,Very Active,3.0,3398,14481,643,165,6,7.7,-18,-0.53,990,27.5,172.19,-0.3,1.081,40.62,0.5263,0.9947,3.9,fitness_improvement
U2012,37,male,178,66.2,20.89,1594,2750,Active,3.0,2718,13563,632,160,4,6.5,-32,-1.16,640,40.0,204.88,-1.5,1.373,41.54,0.5796,0.9884,3.95,fitness_improvement
U2013,50,male,185,80.4,23.49,1715,2958,Active,2.2,3022,11351,599,148,4,7.2,64,2.16,592,37.0,141.18,-0.8,0.829,36.79,0.5798,1.0216,4.05,fitness_improvement
U2014,37,female,168,71.1,25.19,1415,2688,Very Active,2.4,2665,13113,504,111,5,7.9,-23,-0.86,555,22.2,184.43,-0.1,1.023,37.81,0.5264,0.9914,4.54,fitness_improvement
U2015,35,female,155,53.7,22.35,1170,2223,Very Active,2.7,2255,14147,638,142,6,7.6,32,1.44,852,23.67,263.45,-0.4,1.524,41.4,0.5263,1.0144,4.49,fitness_improvement
U2016,32,female,167,51.5,18.47,1238,2136,Active,2.1,2067,14048,625,93,5,7.8,-69,-3.23,465,18.6,272.78,-0.2,1.236,41.48,0.5796,0.9677,6.72,fitness_improvement
U2017,41,male,181,90.5,27.62,1836,3167,Active,3.0,3085,9651,580,180,3,7.4,-82,-2.59,540,60.0,106.64,-0.6,1.005,34.99,0.5797,0.9741,3.22,fitness_improvement
U2018,43,female,152,68.4,29.61,1258,2170,Active,2.6,2229,10179,723,225,5,8.1,59,2.72,1125,45.0,148.82,0.1,1.152,31.73,0.5797,1.0272,3.21,fitness_improvement
U2019,58,female,167,84.5,30.3,1438,2229,Moderate,3.3,2309,14399,736,156,4,8.0,80,3.59,624,39.0,170.4,0.0,1.183,26.38,0.6451,1.0359,4.72,fitness_improvement
U2020,51,female,163,56.1,21.11,1164,1804,Moderate,2.4,1751,9948,550,162,6,7.7,-53,-2.94,972,27.0,177.33,-0.3,1.296,32.16,0.6452,0.9706,3.4,fitness_improvement
U2021,35,male,178,81.2,25.63,1754,3333,Very Active,3.8,3428,9486,358,130,5,8.0,95,2.85,650,26.0,116.82,0.0,1.418,41.05,0.5263,1.0285,2.75,fitness_improvement
U2022,43,female,168,65.0,23.03,1324,2284,Active,2.6,2253,10949,409,91,2,7.9,-31,-1.36,182,45.5,168.45,-0.1,1.212,35.14,0.5797,0.9864,4.49,fitness_improvement
U2023,57,female,166,66.6,24.17,1258,2170,Active,2.4,2182,12535,615,127,5,7.2,12,0.55,635,25.4,188.21,-0.8,1.092,32.58,0.5797,1.0055,4.84,fitness_improvement
U2024,31,male,186,80.4,23.24,1816,3450,Very Active,3.4,3638,11621,437,112,7,6.7,188,5.45,784,16.0,144.54,-1.3,1.281,42.91,0.5264,1.0545,3.9,fitness_improvement
U2025,18,female,182,64.6,19.5,1532,2643,Active,2.3,2731,10662,460,102,6,7.7,88,3.33,612,17.0,165.05,-0.3,1.079,40.91,0.5796,1.0333,4.51,fitness_improvement
U2026,28,female,177,60.0,19.15,1405,2670,Very Active,2.0,2758,10620,643,197,6,7.8,88,3.3,1182,32.83,177.0,-0.2,1.01,44.5,0.5262,1.033,3.26,fitness_improvement
U2027,32,male,177,74.7,23.84,1698,3226,Very Active,2.3,3458,10553,635,153,4,8.0,232,7.19,612,38.25,141.27,0.0,0.933,43.19,0.5263,1.0719,4.15,fitness_improvement
U2028,46,female,169,69.0,24.16,1355,2337,Active,2.1,2291,10261,518,156,6,6.9,-46,-1.97,936,26.0,148.71,-1.1,0.922,33.87,0.5798,0.9803,3.32,fitness_improvement
U2029,46,female,176,68.2,22.02,1391,2399,Active,2.3,2328,14992,586,111,4,7.0,-71,-2.96,444,27.75,219.82,-1.0,1.022,35.18,0.5798,0.9704,5.28,fitness_improvement
U2030,48,male,183,83.0,24.78,1739,3304,Very Active,2.7,3237,12321,584,140,5,7.7,-67,-2.03,700,28.0,148.45,-0.3,0.986,39.81,0.5263,0.9797,4.17,fitness_improvement
U2031,26,male,179,69.0,21.53,1684,3200,Very Active,2.7,3187,13352,690,174,3,7.4,-13,-0.41,522,58.0,193.51,-0.6,1.186,46.38,0.5262,0.9959,3.97,fitness_improvement
U2032,18,female,158,52.7,21.11,1264,2402,Very Active,1.7,2216,10944,543,144,4,6.4,-186,-7.74,576,36.0,207.67,-1.6,0.978,45.58,0.5262,0.9226,3.77,fitness_improvement
U2033,40,female,173,71.2,23.79,1432,2220,Moderate,1.9,2215,11475,652,161,4,7.7,-5,-0.23,644,40.25,161.17,-0.3,0.809,31.18,0.645,0.9977,4.05,fitness_improvement
U2034,26,male,179,64.9,20.26,1643,3122,Very Active,2.2,3078,9329,411,113,5,6.4,-44,-1.41,565,22.6,143.74,-1.6,1.027,48.1,0.5263,0.9859,3.64,fitness_improvement
U2035,44,female,166,61.6,22.35,1272,2194,Active,2.2,2265,7800,450,135,5,6.9,71,3.24,675,27.0,126.62,-1.1,1.082,35.62,0.5798,1.0324,3.33,fitness_improvement
U2036,35,female,170,74.3,25.71,1470,2278,Moderate,2.6,2317,8089,380,73,5,8.2,39,1.71,365,14.6,108.87,0.2,1.06,30.66,0.6453,1.0171,5.21,fitness_improvement
U2037,51,male,175,69.1,22.56,1535,2648,Active,3.1,2606,8631,370,86,3,8.5,-42,-1.59,258,28.67,124.91,0.5,1.359,38.32,0.5797,0.9841,4.3,fitness_improvement
U2038,20,female,159,52.8,20.89,1261,2396,Very Active,1.9,2457,7863,494,137,4,6.8,61,2.55,548,34.25,148.92,-1.2,1.09,45.38,0.5263,1.0255,3.61,fitness_improvement
U2039,34,male,181,78.6,23.99,1752,2716,Moderate,3.3,2798,9708,527,147,4,7.3,82,3.02,588,36.75,123.51,-0.7,1.272,34.55,0.6451,1.0302,3.59,fitness_improvement
U2040,36,male,167,54.3,19.47,1412,2436,Active,2.1,2383,14119,631,106,5,7.5,-53,-2.18,530,21.2,260.02,-0.5,1.172,44.86,0.5796,0.9782,5.95,fitness_improvement
U2041,45,female,167,58.4,20.94,1242,2360,Very Active,2.2,2331,11722,586,144,6,8.4,-29,-1.23,864,24.0,200.72,0.4,1.142,40.41,0.5263,0.9877,4.07,fitness_improvement
U2042,34,male,180,82.8,25.56,1788,3084,Active,2.9,2859,14058,670,147,6,7.2,-225,-7.3,882,24.5,169.78,-0.8,1.061,37.25,0.5798,0.927,4.56,fitness_improvement
U2043,39,male,184,86.9,25.67,1829,3155,Active,3.3,3050,12519,465,80,4,7.2,-105,-3.33,320,20.0,144.06,-0.8,1.151,36.31,0.5797,0.9667,5.81,fitness_improvement
U2044,40,male,190,79.1,21.91,1784,3077,Active,2.7,3012,13169,543,118,2,8.3,-65,-2.11,236,59.0,166.49,0.3,1.034,38.9,0.5798,0.9789,4.6,fitness_improvement
U2045,52,female,169,54.0,18.91,1175,2027,Active,2.1,2042,10223,617,157,3,7.2,15,0.74,471,52.33,189.31,-0.8,1.178,37.54,0.5797,1.0074,3.93,fitness_improvement
U2046,48,male,171,90.6,30.98,1740,3306,Very Active,3.4,3213,11766,588,129,6,7.8,-93,-2.81,774,21.5,129.87,-0.2,1.137,36.49,0.5263,0.9719,4.56,fitness_improvement
U2047,55,male,186,107.4,31.04,1966,3735,Very Active,3.6,3687,13075,506,110,4,6.6,-48,-1.29,440,27.5,121.74,-1.4,1.016,34.78,0.5264,0.9871,4.6,fitness_improvement
U2048,18,female,168,70.1,24.84,1500,2325,Moderate,3.0,2237,9479,493,128,4,7.4,-88,-3.78,512,32.0,135.22,-0.6,1.297,33.17,0.6452,0.9622,3.85,fitness_improvement
U2049,37,male,190,84.5,23.41,1852,3519,Very Active,3.4,3558,12779,526,176,6,6.5,39,1.11,1056,29.33,151.23,-1.5,1.219,41.64,0.5263,1.0111,2.99,fitness_improvement
U2050,39,male,171,76.6,26.2,1645,3126,Very Active,2.8,3188,12791,613,168,6,6.9,62,1.98,1008,28.0,166.98,-1.1,1.108,40.81,0.5262,1.0198,3.65,fitness_improvement
U2051,37,male,182,78.5,23.7,1742,3005,Active,3.1,3062,10838,598,142,5,7.9,57,1.9,710,28.4,138.06,-0.1,1.197,38.28,0.5797,1.019,4.21,fitness_improvement
U2052,33,female,174,58.0,19.16,1342,2550,Very Active,2.2,2564,8235,420,116,4,7.4,14,0.55,464,29.0,141.98,-0.6,1.149,43.97,0.5263,1.0055,3.62,fitness_improvement
U2053,18,male,162,65.9,25.11,1586,2458,Moderate,2.3,2338,9027,446,109,4,7.3,-120,-4.88,436,27.25,136.98,-0.7,1.058,37.3,0.6452,0.9512,4.09,fitness_improvement
U2054,58,female,166,67.1,24.35,1258,2390,Very Active,2.6,2350,11951,439,159,5,7.0,-40,-1.67,795,31.8,178.11,-1.0,1.174,35.62,0.5264,0.9833,2.76,fitness_improvement
U2055,37,male,179,85.6,26.72,1795,3096,Active,3.0,3067,11443,502,116,6,7.3,-29,-0.94,696,19.33,133.68,-0.7,1.062,36.17,0.5798,0.9906,4.33,fitness_improvement
U2056,18,male,187,104.4,29.86,2128,3671,Active,3.5,3638,10413,585,164,5,7.6,-33,-0.9,820,32.8,99.74,-0.4,1.016,35.16,0.5797,0.991,3.57,fitness_improvement
U2057,22,female,156,45.1,18.53,1155,1790,Moderate,1.4,1804,11847,612,149,5,8.0,14,0.78,745,29.8,262.68,0.0,0.941,39.69,0.6453,1.0078,4.11,fitness_improvement
U2058,38,male,183,85.5,25.53,1814,3447,Very Active,3.1,3636,12798,700,170,6,6.1,189,5.48,1020,28.33,149.68,-1.9,1.099,40.32,0.5263,1.0548,4.12,fitness_improvement
U2059,22,female,173,47.8,15.97,1288,1996,Moderate,2.0,2063,12882,604,148,3,7.0,67,3.36,444,49.33,269.5,-1.0,1.268,41.76,0.6453,1.0336,4.08,fitness_improvement
U2060,37,male,175,83.0,27.1,1744,3008,Active,2.9,2919,14516,688,169,5,7.5,-89,-2.96,845,33.8,174.89,-0.5,1.059,36.24,0.5798,0.9704,4.07,fitness_improvement
U2061,39,male,185,85.8,25.07,1824,2827,Moderate,4.2,2908,14035,613,171,4,7.4,81,2.87,684,42.75,163.58,-0.6,1.483,32.95,0.6452,1.0287,3.58,fitness_improvement
U2062,28,male,173,71.4,23.86,1660,3154,Very Active,3.0,3240,10048,478,121,2,7.7,86,2.73,242,60.5,140.73,-0.3,1.273,44.17,0.5263,1.0273,3.95,fitness_improvement
U2063,28,female,156,49.6,20.38,1170,2018,Active,2.2,1971,13836,434,57,2,7.6,-47,-2.33,114,28.5,278.95,-0.4,1.344,40.69,0.5798,0.9767,7.61,fitness_improvement
U2064,35,male,188,83.4,23.6,1839,3494,Very Active,3.5,3615,10871,521,191,4,7.3,121,3.46,764,47.75,130.35,-0.7,1.272,41.89,0.5263,1.0346,2.73,fitness_improvement
U2065,38,male,162,88.8,33.84,1716,2960,Active,4.2,2958,13629,586,153,5,7.2,-2,-0.07,765,30.6,153.48,-0.8,1.433,33.33,0.5797,0.9993,3.83,fitness_improvement
U2066,57,female,174,55.8,18.43,1200,1860,Moderate,1.9,1778,11919,586,94,5,7.3,-82,-4.41,470,18.8,213.6,-0.7,1.032,33.33,0.6452,0.9559,6.23,fitness_improvement
U2067,55,male,188,73.6,20.82,1641,2544,Moderate,2.0,2597,11079,510,124,5,8.1,53,2.08,620,24.8,150.53,0.1,0.823,34.57,0.645,1.0208,4.11,fitness_improvement
U2068,34,female,176,69.6,22.47,1465,2271,Moderate,2.5,2300,7813,474,147,7,7.0,29,1.28,1029,21.0,112.26,-1.0,1.088,32.63,0.6451,1.0128,3.22,fitness_improvement
U2069,36,female,167,69.8,25.03,1401,2417,Active,2.9,2410,11500,529,137,3,7.4,-7,-0.29,411,45.67,164.76,-0.6,1.259,34.63,0.5796,0.9971,3.86,fitness_improvement
U2070,30,male,181,77.0,23.5,1756,3336,Very Active,3.0,3348,8205,317,109,5,7.6,12,0.36,545,21.8,106.56,-0.4,1.181,43.32,0.5264,1.0036,2.91,fitness_improvement
U2071,31,female,171,65.9,22.54,1412,2436,Active,2.6,2387,13493,746,187,5,8.3,-49,-2.01,935,37.4,204.75,0.3,1.196,36.97,0.5796,0.9799,3.99,fitness_improvement
U2072,31,male,181,78.1,23.84,1762,3348,Very Active,3.5,3436,14454,491,114,4,7.3,88,2.63,456,28.5,185.07,-0.7,1.358,42.87,0.5263,1.0263,4.31,fitness_improvement
U2073,33,female,170,67.1,23.22,1408,2182,Moderate,2.7,2190,10405,469,121,5,8.0,8,0.37,605,24.2,155.07,0.0,1.219,32.52,0.6453,1.0037,3.88,fitness_improvement
U2074,29,male,179,82.3,25.69,1802,3424,Very Active,3.5,3461,11003,525,128,3,8.1,37,1.08,384,42.67,133.69,0.1,1.289,41.6,0.5263,1.0108,4.1,fitness_improvement
U2075,20,female,162,47.0,17.91,1222,2322,Very Active,1.6,2363,10531,572,157,6,7.4,41,1.77,942,26.17,224.06,-0.6,1.032,49.4,0.5263,1.0177,3.64,fitness_improvement
U2076,31,female,169,69.3,24.26,1433,2723,Very Active,2.3,2627,9897,460,131,4,7.3,-96,-3.53,524,32.75,142.81,-0.7,1.006,39.29,0.5263,0.9647,3.51,fitness_improvement
U2077,18,male,185,88.7,25.92,1958,3720,Very Active,4.1,3622,11717,483,150,7,7.3,-98,-2.63,1050,21.43,132.1,-0.7,1.401,41.94,0.5263,0.9737,3.22,fitness_improvement
U2078,34,female,151,64.1,28.11,1254,2383,Very Active,2.5,2211,11733,542,151,5,7.3,-172,-7.22,755,30.2,183.04,-0.7,1.182,37.18,0.5262,0.9278,3.59,fitness_improvement
U2079,54,female,167,84.2,30.19,1455,2255,Moderate,3.0,2311,14844,652,160,6,7.9,56,2.48,960,26.67,176.29,-0.1,1.08,26.78,0.6452,1.0248,4.08,fitness_improvement
U2080,19,female,156,53.0,21.78,1249,2155,Active,1.9,2074,10956,499,137,5,7.6,-81,-3.76,685,27.4,206.72,-0.4,1.086,40.66,0.5796,0.9624,3.64,fitness_improvement
U2081,42,male,182,91.2,27.53,1844,2858,Moderate,3.2,2886,13549,688,147,5,7.6,28,0.98,735,29.4,148.56,-0.4,1.063,31.34,0.6452,1.0098,4.68,fitness_improvement
U2082,50,male,187,83.0,23.74,1754,3026,Active,2.9,3080,11970,522,148,4,6.8,54,1.78,592,37.0,144.22,-1.2,1.059,36.46,0.5796,1.0178,3.53,fitness_improvement
U2083,30,male,175,78.9,25.76,1738,3302,Very Active,2.6,3388,13193,646,151,5,6.9,86,2.6,755,30.2,167.21,-1.1,0.999,41.85,0.5263,1.026,4.28,fitness_improvement
U2084,18,male,191,105.1,28.81,2160,3726,Active,3.3,3588,11017,600,168,5,8.6,-138,-3.7,840,33.6,104.82,0.6,0.951,35.45,0.5797,0.963,3.57,fitness_improvement
U2085,19,male,177,81.7,26.08,1833,3483,Very Active,3.1,3492,11713,655,162,4,7.4,9,0.26,648,40.5,143.37,-0.6,1.15,42.63,0.5263,1.0026,4.04,fitness_improvement
U2086,41,male,176,84.4,27.25,1744,2703,Moderate,3.0,2875,11598,567,146,4,7.0,172,6.36,584,36.5,137.42,-1.0,1.077,32.03,0.6452,1.0636,3.88,fitness_improvement
U2087,46,female,161,65.5,25.27,1270,2413,Very Active,2.8,2570,8750,467,104,4,8.2,157,6.51,416,26.0,133.59,0.2,1.295,36.84,0.5263,1.0651,4.49,fitness_improvement
U2088,37,male,190,96.4,26.7,1972,3402,Active,3.8,3537,12959,607,147,7,7.6,135,3.97,1029,21.0,134.43,-0.4,1.195,35.29,0.5797,1.0397,4.13,fitness_improvement
U2089,25,male,174,64.7,21.37,1614,2784,Active,2.6,2831,12938,635,144,5,7.8,47,1.69,720,28.8,199.97,-0.2,1.218,43.03,0.5797,1.0169,4.41,fitness_improvement
U2090,30,male,186,61.0,17.63,1628,3093,Very Active,2.1,3000,12839,537,151,6,7.4,-93,-3.01,906,25.17,210.48,-0.6,1.043,50.7,0.5263,0.9699,3.56,fitness_improvement
U2091,21,female,159,57.7,22.82,1305,2480,Very Active,2.2,2555,14490,617,211,4,7.3,75,3.02,844,52.75,251.13,-0.7,1.155,42.98,0.5262,1.0302,2.92,fitness_improvement
U2092,25,female,163,70.6,26.57,1439,2482,Active,2.8,2481,14336,651,129,5,7.4,-1,-0.04,645,25.8,203.06,-0.6,1.202,35.16,0.5798,0.9996,5.05,fitness_improvement
U2093,31,male,163,62.2,23.41,1491,2311,Moderate,2.6,2368,11144,603,158,3,6.7,57,2.47,474,52.67,179.16,-1.3,1.267,37.15,0.6452,1.0247,3.82,fitness_improvement
U2094,20,male,185,78.8,23.02,1849,3190,Active,3.0,3135,10826,590,154,4,7.4,-55,-1.72,616,38.5,137.39,-0.6,1.154,40.48,0.5796,0.9828,3.83,fitness_improvement
U2095,35,male,181,80.6,24.6,1767,2739,Moderate,3.5,2736,9349,450,128,5,7.6,-3,-0.11,640,25.6,115.99,-0.4,1.316,33.98,0.6451,0.9989,3.52,fitness_improvement
U2096,32,male,162,77.2,29.42,1630,3097,Very Active,3.0,3130,11841,770,215,6,8.5,33,1.07,1290,35.83,153.38,0.5,1.178,40.12,0.5263,1.0107,3.58,fitness_improvement
U2097,30,male,182,85.0,25.66,1842,3500,Very Active,3.6,3548,10750,505,134,5,7.5,48,1.37,670,26.8,126.47,-0.5,1.283,41.18,0.5263,1.0137,3.77,fitness_improvement
U2098,31,male,177,78.2,24.96,1738,2694,Moderate,2.8,2754,13738,641,133,6,6.2,60,2.23,798,22.17,175.68,-1.8,1.085,34.45,0.6451,1.0223,4.82,fitness_improvement
U2099,49,female,151,50.3,22.06,1041,1614,Moderate,1.5,1589,12436,593,121,5,7.4,-25,-1.55,605,24.2,247.24,-0.6,0.904,32.09,0.645,0.9845,4.9,fitness_improvement
U2100,28,male,175,69.2,22.6,1651,2848,Active,2.7,2728,11418,645,134,6,8.7,-120,-4.21,804,22.33,165.0,0.7,1.182,41.16,0.5797,0.9579,4.81,fitness_improvement
U2101,19,female,163,48.6,18.29,1249,2373,Very Active,2.0,2520,13889,635,152,5,7.9,147,6.19,760,30.4,285.78,-0.1,1.247,48.83,0.5263,1.0619,4.18,fitness_improvement
U2102,40,male,174,78.1,25.8,1674,2888,Active,3.2,3148,8001,468,170,7,7.0,260,9.0,1190,24.29,102.45,-1.0,1.242,36.98,0.5796,1.09,2.75,fitness_improvement
U2103,33,female,178,72.3,22.82,1510,2869,Very Active,2.9,2928,7490,353,136,4,7.8,59,2.06,544,34.0,103.6,-0.2,1.215,39.68,0.5263,1.0206,2.6,fitness_improvement
U2104,56,male,182,100.6,30.37,1868,3222,Active,3.7,3089,13193,765,183,4,7.0,-133,-4.13,732,45.75,131.14,-1.0,1.115,32.03,0.5798,0.9587,4.18,fitness_improvement
U2105,56,male,184,73.0,21.56,1605,2769,Active,2.5,2708,11906,600,142,3,6.7,-61,-2.2,426,47.33,163.1,-1.3,1.038,37.93,0.5796,0.978,4.23,fitness_improvement
U2106,42,male,186,88.8,25.67,1846,2861,Moderate,3.6,2926,12238,601,135,7,7.3,65,2.27,945,19.29,137.82,-0.7,1.229,32.22,0.6452,1.0227,4.45,fitness_improvement
U2107,53,male,171,75.0,25.65,1559,2962,Very Active,3.0,3116,9479,805,225,5,7.5,154,5.2,1125,45.0,126.39,-0.5,1.212,39.49,0.5263,1.052,3.58,fitness_improvement
U2108,33,male,183,79.6,23.77,1780,3070,Active,2.8,2955,11759,614,157,4,6.4,-115,-3.75,628,39.25,147.73,-1.6,1.066,38.57,0.5798,0.9625,3.91,fitness_improvement
U2109,24,female,168,56.5,20.02,1334,2301,Active,2.5,2302,15306,578,123,6,6.8,1,0.04,738,20.5,270.9,-1.2,1.341,40.73,0.5797,1.0004,4.7,fitness_improvement
U2110,52,female,169,84.3,29.52,1478,2808,Very Active,2.9,2841,13242,579,124,5,7.5,33,1.18,620,24.8,157.08,-0.5,1.042,33.31,0.5264,1.0118,4.67,fitness_improvement
U2111,56,female,160,80.5,31.45,1364,2353,Active,2.9,2436,12097,491,117,7,7.2,83,3.53,819,16.71,150.27,-0.8,1.092,29.23,0.5797,1.0353,4.2,fitness_improvement
U2112,20,male,183,65.6,19.59,1705,3240,Very Active,3.0,3217,11032,577,173,3,7.7,-23,-0.71,519,57.67,168.17,-0.3,1.386,49.39,0.5262,0.9929,3.34,fitness_improvement
U2113,53,male,186,84.5,24.42,1748,2709,Moderate,3.6,2574,11109,519,134,4,6.8,-135,-4.98,536,33.5,131.47,-1.2,1.291,32.06,0.6453,0.9502,3.87,fitness_improvement
U2114,22,male,188,64.5,18.25,1715,2958,Active,2.4,3037,8074,441,149,4,7.8,79,2.67,596,37.25,125.18,-0.2,1.128,45.86,0.5798,1.0267,2.96,fitness_improvement
U2115,47,male,164,93.4,34.73,1729,2983,Active,3.7,3115,12251,513,143,3,6.8,132,4.43,429,47.67,131.17,-1.2,1.2,31.94,0.5796,1.0443,3.59,fitness_improvement
U2116,37,male,169,55.6,19.47,1432,2470,Active,2.2,2475,13280,745,167,6,8.4,5,0.2,1002,27.83,238.85,0.4,1.199,44.42,0.5798,1.002,4.46,fitness_improvement
U2117,33,male,185,84.6,24.72,1842,2855,Moderate,2.3,2910,9043,474,120,4,6.5,55,1.93,480,30.0,106.89,-1.5,0.824,33.75,0.6452,1.0193,3.95,fitness_improvement
U2118,43,male,190,94.6,26.2,1924,2982,Moderate,3.2,2947,10643,482,113,5,6.8,-35,-1.17,565,22.6,112.51,-1.2,1.025,31.52,0.6452,0.9883,4.27,fitness_improvement
U2119,24,female,166,57.9,21.01,1336,2305,Active,2.2,2248,9774,570,152,7,7.7,-57,-2.47,1064,21.71,168.81,-0.3,1.151,39.81,0.5796,0.9753,3.75,fitness_improvement
U2120,50,female,155,58.5,24.35,1143,1972,Active,2.1,2053,10111,582,163,4,8.4,81,4.11,652,40.75,172.84,0.4,1.088,33.71,0.5796,1.0411,3.57,fitness_improvement
U2121,27,male,183,62.0,18.51,1634,2819,Active,2.4,2871,11894,612,155,4,7.6,52,1.84,620,38.75,191.84,-0.4,1.173,45.47,0.5796,1.0184,3.95,fitness_improvement
U2122,33,male,189,89.3,25.0,1914,3302,Active,3.9,3375,8152,470,121,5,7.8,73,2.21,605,24.2,91.29,-0.2,1.323,36.98,0.5796,1.0221,3.88,fitness_improvement
U2123,24,male,175,64.5,21.06,1624,2801,Active,2.4,2962,12875,649,165,6,7.5,161,5.75,990,27.5,199.61,-0.5,1.128,43.43,0.5798,1.0575,3.93,fitness_improvement
U2124,30,female,177,75.5,24.1,1550,2674,Active,2.5,2589,12187,550,95,4,6.9,-85,-3.18,380,23.75,161.42,-1.1,1.003,35.42,0.5797,0.9682,5.79,fitness_improvement
U2125,42,male,189,93.6,26.2,1912,3298,Active,3.7,3251,11361,582,129,4,7.2,-47,-1.43,516,32.25,121.38,-0.8,1.198,35.24,0.5797,0.9857,4.51,fitness_improvement
U2126,35,female,156,62.3,25.6,1262,2177,Active,2.3,2200,7800,424,117,6,6.8,23,1.06,702,19.5,125.2,-1.2,1.119,34.94,0.5797,1.0106,3.62,fitness_improvement
U2127,35,female,166,70.3,25.51,1404,2422,Active,2.6,2386,8394,486,159,5,6.7,-36,-1.49,795,31.8,119.4,-1.3,1.121,34.45,0.5797,0.9851,3.06,fitness_improvement
U2128,39,male,170,105.9,36.64,1932,3333,Active,3.9,3441,13958,757,164,3,7.7,108,3.24,492,54.67,131.8,-0.3,1.116,31.47,0.5797,1.0324,4.62,fitness_improvement
U2129,39,male,178,82.2,25.94,1744,2703,Moderate,4.0,2699,7800,460,163,3,6.8,-4,-0.15,489,54.33,94.89,-1.2,1.475,32.88,0.6452,0.9985,2.82,fitness_improvement
U2130,48,female,164,48.1,17.88,1105,1906,Active,1.3,1849,11192,639,182,6,7.6,-57,-2.99,1092,30.33,232.68,-0.4,0.819,39.63,0.5797,0.9701,3.51,fitness_improvement
U2131,31,female,162,70.3,26.79,1400,2415,Active,2.6,2433,9735,664,225,5,6.7,18,0.75,1125,45.0,138.48,-1.3,1.121,34.35,0.5797,1.0075,2.95,fitness_improvement
U2132,19,female,166,67.6,24.53,1458,2515,Active,2.6,2543,13208,508,94,4,7.6,28,1.11,376,23.5,195.38,-0.4,1.166,37.2,0.5797,1.0111,5.4,fitness_improvement
U2133,41,male,184,89.3,26.38,1843,3179,Active,3.1,3299,10619,465,123,4,7.2,120,3.77,492,30.75,118.91,-0.8,1.052,35.6,0.5797,1.0377,3.78,fitness_improvement
U2134,35,male,185,80.1,23.4,1787,3083,Active,3.4,3141,12507,553,127,5,8.2,58,1.88,635,25.4,156.14,0.2,1.286,38.49,0.5796,1.0188,4.35,fitness_improvement
U2135,30,male,187,84.0,24.02,1864,3542,Very Active,3.5,3617,12790,541,119,5,7.6,75,2.12,595,23.8,152.26,-0.4,1.263,42.17,0.5263,1.0212,4.55,fitness_improvement
U2136,18,male,190,105.1,29.11,2154,3716,Active,4.0,3776,15013,545,113,3,8.1,60,1.61,339,37.67,142.84,0.1,1.153,35.36,0.5797,1.0161,4.82,fitness_improvement
U2137,34,female,156,48.4,19.89,1128,1946,Active,1.8,1943,11445,518,136,4,7.0,-3,-0.15,544,34.0,236.47,-1.0,1.127,40.21,0.5797,0.9985,3.81,fitness_improvement
U2138,41,male,186,87.2,25.21,1834,3164,Active,3.3,3101,12458,557,109,5,7.5,-63,-1.99,545,21.8,142.87,-0.5,1.147,36.28,0.5796,0.9801,5.11,fitness_improvement
U2139,37,female,151,60.9,26.71,1207,2293,Very Active,2.3,2328,7539,505,135,5,6.9,35,1.53,675,27.0,123.79,-1.1,1.144,37.65,0.5264,1.0153,3.74,fitness_improvement
U2140,30,male,163,51.9,19.53,1393,2403,Active,2.0,2387,13883,675,147,5,7.2,-16,-0.67,735,29.4,267.5,-0.8,1.168,46.3,0.5797,0.9933,4.59,fitness_improvement
U2141,32,female,171,68.2,23.32,1430,2467,Active,2.6,2625,9387,345,133,3,7.3,158,6.4,399,44.33,137.64,-0.7,1.155,36.17,0.5797,1.064,2.59,fitness_improvement
U2142,57,male,178,63.9,20.17,1472,2539,Active,2.5,2671,9793,538,135,5,7.1,132,5.2,675,27.0,153.26,-0.9,1.186,39.73,0.5798,1.052,3.99,fitness_improvement
U2143,40,male,178,90.0,28.41,1818,3136,Active,3.8,3221,11761,575,163,6,6.8,85,2.71,978,27.17,130.68,-1.2,1.279,34.84,0.5797,1.0271,3.53,fitness_improvement
U2144,46,male,166,78.6,28.52,1598,2757,Active,2.6,2807,7855,420,103,5,6.7,50,1.81,515,20.6,99.94,-1.3,1.002,35.08,0.5796,1.0181,4.08,fitness_improvement
U2145,43,male,158,75.2,30.12,1530,2907,Very Active,2.5,2913,12200,689,209,5,6.2,6,0.21,1045,41.8,162.23,-1.8,1.007,38.66,0.5263,1.0021,3.3,fitness_improvement
U2146,45,male,185,91.2,26.65,1848,3511,Very Active,2.8,3374,12501,547,118,5,6.9,-137,-3.9,590,23.6,137.07,-1.1,0.93,38.5,0.5263,0.961,4.64,fitness_improvement
U2147,39,male,187,85.9,24.56,1838,3492,Very Active,3.6,3483,12313,502,89,4,7.8,-9,-0.26,356,22.25,143.34,-0.2,1.27,40.65,0.5263,0.9974,5.64,fitness_improvement
U2148,50,female,153,57.8,24.69,1123,1937,Active,2.3,1954,9019,448,115,5,6.6,17,0.88,575,23.0,156.04,-1.4,1.206,33.51,0.5798,1.0088,3.9,fitness_improvement
U2149,36,male,187,81.9,23.42,1813,3127,Active,3.3,3168,9904,487,75,6,6.7,41,1.31,450,12.5,120.93,-1.3,1.221,38.18,0.5798,1.0131,6.49,fitness_improvement
U2150,18,female,164,66.9,24.87,1443,2742,Very Active,2.1,2801,12177,539,113,4,8.4,59,2.15,452,28.25,182.02,0.4,0.951,40.99,0.5263,1.0215,4.77,fitness_improvement
U2151,37,male,177,80.9,25.82,1735,2993,Active,3.8,3104,8514,534,141,4,7.1,111,3.71,564,35.25,105.24,-0.9,1.423,37.0,0.5797,1.0371,3.79,fitness_improvement
U2152,38,male,175,85.2,27.82,1761,3346,Very Active,3.0,3282,9919,552,131,4,7.6,-64,-1.91,524,32.75,116.42,-0.4,1.067,39.27,0.5263,0.9809,4.21,fitness_improvement
U2153,39,male,189,87.6,24.52,1867,3221,Active,3.4,3160,13334,754,205,5,7.8,-61,-1.89,1025,41.0,152.21,-0.2,1.176,36.77,0.5796,0.9811,3.68,fitness_improvement
U2154,48,male,171,61.8,21.13,1452,2251,Moderate,2.6,2377,11204,442,132,4,7.8,126,5.6,528,33.0,181.29,-0.2,1.275,36.42,0.645,1.056,3.35,fitness_improvement
U2155,31,male,183,85.5,25.53,1849,2866,Moderate,2.9,2958,12521,696,167,5,6.6,92,3.21,835,33.4,146.44,-1.4,1.028,33.52,0.6452,1.0321,4.17,fitness_improvement
U2156,39,male,182,84.5,25.51,1792,3405,Very Active,3.0,3375,13925,529,88,5,7.3,-30,-0.88,440,17.6,164.79,-0.7,1.076,40.3,0.5263,0.9912,6.01,fitness_improvement
U2157,47,male,172,81.1,27.41,1656,2567,Moderate,3.2,2570,12620,596,115,5,6.6,3,0.12,575,23.0,155.61,-1.4,1.196,31.65,0.6451,1.0012,5.18,fitness_improvement
U2158,34,female,170,50.2,17.37,1234,2129,Active,2.5,2132,12951,561,146,6,8.7,3,0.14,876,24.33,257.99,0.7,1.509,42.41,0.5796,1.0014,3.84,fitness_improvement
U2159,35,female,172,68.6,23.19,1425,2458,Active,2.7,2473,16500,662,150,6,6.6,15,0.61,900,25.0,240.52,-1.4,1.193,35.83,0.5797,1.0061,4.41,fitness_improvement
U2160,24,female,172,46.4,15.68,1258,1950,Moderate,2.1,1992,11426,589,89,4,6.9,42,2.15,356,22.25,246.25,-1.1,1.371,42.03,0.6451,1.0215,6.62,fitness_improvement
U2161,41,female,173,52.1,17.41,1236,2132,Active,2.3,2324,10404,476,140,4,6.9,192,9.01,560,35.0,199.69,-1.1,1.338,40.92,0.5797,1.0901,3.4,fitness_improvement
U2162,34,male,183,83.7,24.99,1816,3450,Very Active,3.3,3490,12549,664,145,5,6.6,40,1.16,725,29.0,149.93,-1.4,1.195,41.22,0.5264,1.0116,4.58,fitness_improvement
U2163,31,female,178,75.0,23.67,1546,2396,Moderate,2.5,2464,11743,539,116,4,8.2,68,2.84,464,29.0,156.57,0.2,1.01,31.95,0.6452,1.0284,4.65,fitness_improvement
U2164,32,male,176,55.7,17.98,1502,2854,Very Active,2.4,2700,10878,491,121,3,8.7,-154,-5.4,363,40.33,195.3,0.7,1.306,51.24,0.5263,0.946,4.06,fitness_improvement
U2165,20,female,166,73.9,26.82,1516,2880,Very Active,2.3,2846,8910,431,107,4,7.2,-34,-1.18,428,26.75,120.57,-0.8,0.943,38.97,0.5264,0.9882,4.03,fitness_improvement
U2166,50,male,171,62.8,21.48,1452,2505,Active,2.9,2625,15842,621,140,4,6.7,120,4.79,560,35.0,252.26,-1.3,1.399,39.89,0.5796,1.0479,4.44,fitness_improvement
U2167,35,female,152,63.8,27.61,1252,1941,Moderate,2.5,1978,12372,600,148,4,6.2,37,1.91,592,37.0,193.92,-1.8,1.187,30.42,0.645,1.0191,4.05,fitness_improvement
U2168,34,female,170,68.1,23.56,1412,2436,Active,1.8,2241,10519,509,163,4,7.3,-195,-8.0,652,40.75,154.46,-0.7,0.801,35.77,0.5796,0.92,3.12,fitness_improvement
U2169,26,male,178,73.2,23.1,1720,2666,Moderate,2.7,2742,13403,655,177,6,7.3,76,2.85,1062,29.5,183.1,-0.7,1.118,36.42,0.6452,1.0285,3.7,fitness_improvement
U2170,43,male,186,94.6,27.34,1898,3274,Active,3.9,3510,11609,610,136,5,7.1,236,7.21,680,27.2,122.72,-0.9,1.249,34.61,0.5797,1.0721,4.49,fitness_improvement
U2171,47,female,161,78.0,30.09,1390,2641,Very Active,2.9,2470,11357,558,131,7,7.6,-171,-6.47,917,18.71,145.6,-0.4,1.127,33.86,0.5263,0.9353,4.26,fitness_improvement
U2172,27,male,178,84.1,26.54,1824,3466,Very Active,3.5,3668,11227,477,143,5,7.7,202,5.83,715,28.6,133.5,-0.3,1.261,41.21,0.5263,1.0583,3.34,fitness_improvement
U2173,18,female,164,68.2,25.36,1456,2766,Very Active,2.3,2545,9539,586,163,4,7.6,-221,-7.99,652,40.75,139.87,-0.4,1.022,40.56,0.5264,0.9201,3.6,fitness_improvement
U2174,51,male,173,71.7,23.96,1548,2670,Active,2.3,2771,12417,577,132,5,7.3,101,3.78,660,26.4,173.18,-0.7,0.972,37.24,0.5798,1.0378,4.37,fitness_improvement
U2175,33,female,168,67.8,24.02,1402,2664,Very Active,2.6,2677,15148,687,169,5,6.8,13,0.49,845,33.8,223.42,-1.2,1.162,39.29,0.5263,1.0049,4.07,fitness_improvement
U2176,52,female,171,55.1,18.84,1199,2278,Very Active,2.1,2102,12616,689,174,5,7.8,-176,-7.73,870,34.8,228.97,-0.2,1.155,41.34,0.5263,0.9227,3.96,fitness_improvement
U2177,49,female,150,49.9,22.18,1030,1777,Active,1.8,1814,10301,531,149,7,7.5,37,2.08,1043,21.29,206.43,-0.5,1.093,35.61,0.5796,1.0208,3.56,fitness_improvement
U2178,24,male,187,99.3,28.4,2047,3531,Active,4.4,3691,10913,570,198,4,7.9,160,4.53,792,49.5,109.9,-0.1,1.343,35.56,0.5797,1.0453,2.88,fitness_improvement
U2179,46,female,174,70.4,23.25,1400,2170,Moderate,2.4,2208,11082,619,119,5,7.9,38,1.75,595,23.8,157.41,-0.1,1.033,30.82,0.6452,1.0175,5.2,fitness_improvement
U2180,48,male,181,88.5,27.01,1781,3072,Active,3.5,3150,11356,564,145,5,6.7,78,2.54,725,29.0,128.32,-1.3,1.198,34.71,0.5798,1.0254,3.89,fitness_improvement
U2181,34,female,159,54.6,21.6,1209,2086,Active,2.1,2066,9855,474,118,3,6.7,-20,-0.96,354,39.33,180.49,-1.3,1.166,38.21,0.5796,0.9904,4.02,fitness_improvement
U2182,31,male,179,77.8,24.28,1747,2708,Moderate,2.4,2545,13404,600,142,5,7.0,-163,-6.02,710,28.4,172.29,-1.0,0.935,34.81,0.6451,0.9398,4.23,fitness_improvement
U2183,45,female,161,60.8,23.46,1228,1903,Moderate,2.0,1959,8767,523,126,6,6.9,56,2.94,756,21.0,144.19,-1.1,0.997,31.3,0.6453,1.0294,4.15,fitness_improvement
U2184,31,male,180,80.1,24.72,1776,3374,Very Active,3.1,3597,13309,525,100,4,7.9,223,6.61,400,25.0,166.15,-0.1,1.173,42.12,0.5264,1.0661,5.25,fitness_improvement
U2185,35,female,176,69.0,22.28,1454,2763,Very Active,3.3,2886,11136,479,148,5,7.6,123,4.45,740,29.6,161.39,-0.4,1.449,40.04,0.5262,1.0445,3.24,fitness_improvement
U2186,28,female,167,58.0,20.8,1323,2282,Active,2.4,2135,11353,457,99,3,8.1,-147,-6.44,297,33.0,195.74,0.1,1.254,39.34,0.5798,0.9356,4.62,fitness_improvement
U2187,36,female,179,75.0,23.41,1528,2903,Very Active,2.3,2764,8957,531,122,3,7.7,-139,-4.79,366,40.67,119.43,-0.3,0.929,38.71,0.5264,0.9521,4.35,fitness_improvement
U2188,33,male,182,79.6,24.03,1774,3371,Very Active,2.2,3288,13413,611,105,6,7.6,-83,-2.46,630,17.5,168.51,-0.4,0.838,42.35,0.5263,0.9754,5.82,fitness_improvement
U2189,50,female,156,59.1,24.29,1155,1790,Moderate,2.5,1699,13980,579,112,4,8.1,-91,-5.08,448,28.0,236.55,0.1,1.282,30.29,0.6453,0.9492,5.17,fitness_improvement
U2190,34,male,182,89.9,27.14,1872,3229,Active,3.4,3250,13479,715,152,3,7.7,21,0.65,456,50.67,149.93,-0.3,1.146,35.92,0.5797,1.0065,4.7,fitness_improvement
U2191,50,female,152,60.1,26.01,1140,1966,Active,2.6,2003,9149,548,150,5,7.5,37,1.88,750,30.0,152.23,-0.5,1.311,32.71,0.5799,1.0188,3.65,fitness_improvement
U2192,21,female,169,47.7,16.7,1267,1964,Moderate,1.6,1876,13251,634,162,4,8.3,-88,-4.48,648,40.5,277.8,0.3,1.016,41.17,0.6451,0.9552,3.91,fitness_improvement
U2193,28,male,181,67.9,20.73,1675,3182,Very Active,2.7,3284,12508,693,211,4,7.5,102,3.21,844,52.75,184.21,-0.5,1.205,46.86,0.5264,1.0321,3.28,fitness_improvement
U2194,19,female,160,51.8,20.23,1262,2177,Active,2.2,2234,8991,525,153,5,7.3,57,2.62,765,30.6,173.57,-0.7,1.287,42.03,0.5797,1.0262,3.43,fitness_improvement
U2195,51,male,168,61.4,21.75,1414,2439,Active,2.2,2404,11757,555,160,3,7.0,-35,-1.44,480,53.33,191.48,-1.0,1.086,39.72,0.5797,0.9856,3.47,fitness_improvement
U2196,32,male,184,81.9,24.19,1814,2812,Moderate,3.0,2809,12438,549,113,4,7.8,-3,-0.11,452,28.25,151.87,-0.2,1.11,34.33,0.6451,0.9989,4.86,fitness_improvement
U2197,22,male,165,56.6,20.79,1492,2574,Active,2.2,2411,12773,564,106,5,8.1,-163,-6.33,530,21.2,225.67,0.1,1.178,45.48,0.5796,0.9367,5.32,fitness_improvement
U2198,40,male,183,81.2,24.25,1761,3346,Very Active,3.3,3324,12110,568,192,6,7.4,-22,-0.66,1152,32.0,149.14,-0.6,1.232,41.21,0.5263,0.9934,2.96,fitness_improvement
U2199,34,male,178,76.9,24.27,1716,2660,Moderate,2.9,2674,12310,540,117,6,8.2,14,0.53,702,19.5,160.08,0.2,1.143,34.59,0.6451,1.0053,4.62,fitness_improvement
U2200,22,male,158,71.9,28.8,1602,2763,Active,3.1,2793,14379,591,114,4,6.4,30,1.09,456,28.5,199.99,-1.6,1.307,38.43,0.5798,1.0109,5.18,fitness_improvement
U2201,47,female,159,66.9,26.46,1267,2186,Active,2.4,2226,13946,698,144,6,7.4,40,1.83,864,24.0,208.46,-0.6,1.087,32.68,0.5796,1.0183,4.85,fitness_improvement
U2202,23,male,182,64.9,19.59,1676,2891,Active,2.1,2930,7800,353,142,4,7.4,39,1.35,568,35.5,120.18,-0.6,0.981,44.55,0.5797,1.0135,2.49,fitness_improvement
U2203,18,female,178,63.1,19.92,1492,2574,Active,3.0,2563,10271,441,99,6,7.1,-11,-0.43,594,16.5,162.77,-0.9,1.441,40.79,0.5796,0.9957,4.45,fitness_improvement
U2204,32,male,163,51.0,19.2,1374,2370,Active,1.8,2406,11512,530,136,3,8.7,36,1.52,408,45.33,225.73,0.7,1.07,46.47,0.5797,1.0152,3.9,fitness_improvement
U2205,45,female,163,73.7,27.74,1370,2124,Moderate,2.6,2209,8734,597,182,6,7.4,85,4.0,1092,30.33,118.51,-0.6,1.069,28.82,0.645,1.04,3.28,fitness_improvement
U2206,18,male,188,85.9,24.3,1949,3362,Active,3.3,3368,11965,544,121,4,7.2,6,0.18,484,30.25,139.29,-0.8,1.164,39.14,0.5797,1.0018,4.5,fitness_improvement
U2207,35,male,181,83.6,25.52,1797,3414,Very Active,3.2,3469,13985,678,103,7,7.5,55,1.61,721,14.71,167.28,-0.5,1.16,40.84,0.5264,1.0161,6.58,fitness_improvement
U2208,56,female,156,54.3,22.31,1077,1858,Active,2.0,1855,9899,602,173,5,6.3,-3,-0.16,865,34.6,182.3,-1.7,1.116,34.22,0.5797,0.9984,3.48,fitness_improvement
U2209,49,male,177,72.6,23.17,1592,2746,Active,2.8,2698,12389,597,160,4,7.0,-48,-1.75,640,40.0,170.65,-1.0,1.169,37.82,0.5798,0.9825,3.73,fitness_improvement
U2210,38,male,174,63.1,20.84,1534,2646,Active,2.4,2708,10197,514,126,4,8.0,62,2.34,504,31.5,161.6,0.0,1.153,41.93,0.5797,1.0234,4.08,fitness_improvement
U2211,40,male,181,84.6,25.82,1782,3386,Very Active,3.3,3337,10624,451,98,5,7.1,-49,-1.45,490,19.6,125.58,-0.9,1.182,40.02,0.5263,0.9855,4.6,fitness_improvement
U2212,38,male,181,88.8,27.11,1834,2843,Moderate,2.4,2896,14385,669,123,6,7.0,53,1.86,738,20.5,161.99,-1.0,0.819,32.02,0.6451,1.0186,5.44,fitness_improvement
U2213,28,male,180,87.4,26.98,1864,3215,Active,4.1,3234,10851,474,143,5,8.2,19,0.59,715,28.6,124.15,0.2,1.422,36.78,0.5798,1.0059,3.31,fitness_improvement
U2214,32,male,183,80.6,24.07,1795,3096,Active,3.0,3079,12609,612,180,5,8.2,-17,-0.55,900,36.0,156.44,0.2,1.128,38.41,0.5798,0.9945,3.4,fitness_improvement
U2215,46,female,150,51.8,23.02,1064,1835,Active,2.1,1823,8525,458,114,5,7.7,-12,-0.65,570,22.8,164.58,-0.3,1.229,35.42,0.5798,0.9935,4.02,fitness_improvement
U2216,34,female,163,69.3,26.08,1381,2624,Very Active,2.2,2590,14297,675,115,5,7.2,-34,-1.3,575,23.0,206.31,-0.8,0.962,37.86,0.5263,0.987,5.87,fitness_improvement
U2217,31,female,177,72.1,23.01,1511,2606,Active,2.6,2469,12855,520,165,3,7.3,-137,-5.26,495,55.0,178.29,-0.7,1.093,36.14,0.5798,0.9474,3.15,fitness_improvement
U2218,35,female,160,50.5,19.73,1169,2221,Very Active,1.8,2262,11481,536,75,4,7.0,41,1.85,300,18.75,227.35,-1.0,1.08,43.98,0.5263,1.0185,7.15,fitness_improvement
U2219,47,male,174,77.6,25.63,1634,3105,Very Active,3.5,3146,11730,578,151,5,6.9,41,1.32,755,30.2,151.16,-1.1,1.367,40.01,0.5262,1.0132,3.83,fitness_improvement
U2220,35,male,180,84.4,26.05,1799,3103,Active,3.0,3211,9333,347,110,6,6.9,108,3.48,660,18.33,110.58,-1.1,1.077,36.77,0.5798,1.0348,3.15,fitness_improvement
U2221,29,male,193,90.3,24.24,1969,3741,Very Active,3.8,3690,13869,491,155,6,7.1,-51,-1.36,930,25.83,153.59,-0.9,1.275,41.43,0.5263,0.9864,3.17,fitness_improvement
U2222,57,female,166,67.7,24.57,1268,2187,Active,2.4,2343,11233,488,152,5,6.9,156,7.13,760,30.4,165.92,-1.1,1.074,32.3,0.5798,1.0713,3.21,fitness_improvement
U2223,59,male,183,99.5,29.71,1849,3513,Very Active,3.6,3484,11443,618,178,5,6.6,-29,-0.83,890,35.6,115.01,-1.4,1.096,35.31,0.5263,0.9917,3.47,fitness_improvement
U2224,49,male,167,88.0,31.55,1684,2905,Active,3.3,2831,10940,576,162,5,7.6,-74,-2.55,810,32.4,124.32,-0.4,1.136,33.01,0.5797,0.9745,3.56,fitness_improvement
U2225,30,male,178,79.2,25.0,1760,3036,Active,3.5,2946,10784,475,75,4,7.6,-90,-2.96,300,18.75,136.16,-0.4,1.339,38.33,0.5797,0.9704,6.33,fitness_improvement
U2226,23,female,156,44.3,18.2,1142,1970,Active,1.3,1860,13016,548,121,4,8.4,-110,-5.58,484,30.25,293.81,0.4,0.889,44.47,0.5797,0.9442,4.53,fitness_improvement
U2227,37,female,169,78.5,27.49,1495,2317,Moderate,2.5,2453,12248,537,149,4,7.1,136,5.87,596,37.25,156.03,-0.9,0.965,29.52,0.6452,1.0587,3.6,fitness_improvement
U2228,31,female,176,69.8,22.53,1482,2556,Active,2.0,2691,12941,581,139,3,7.6,135,5.28,417,46.33,185.4,-0.4,0.868,36.62,0.5798,1.0528,4.18,fitness_improvement
U2229,35,female,167,68.1,24.42,1389,2639,Very Active,2.3,2708,11785,602,159,5,7.6,69,2.61,795,31.8,173.05,-0.4,1.023,38.75,0.5263,1.0261,3.79,fitness_improvement
U2230,28,male,177,86.4,27.58,1835,3165,Active,3.0,3082,12698,656,169,5,7.3,-83,-2.62,845,33.8,146.97,-0.7,1.052,36.63,0.5798,0.9738,3.88,fitness_improvement
U2231,46,female,153,71.3,30.46,1278,1981,Moderate,2.2,2116,11067,541,163,5,7.9,135,6.81,815,32.6,155.22,-0.1,0.935,27.78,0.6451,1.0681,3.32,fitness_improvement
U2232,37,female,168,69.0,24.45,1394,2405,Active,2.4,2387,14192,643,108,5,7.9,-18,-0.75,540,21.6,205.68,-0.1,1.054,34.86,0.5796,0.9925,5.95,fitness_improvement
U2233,41,male,189,93.5,26.18,1916,3305,Active,2.7,3290,9056,377,90,5,7.6,-15,-0.45,450,18.0,96.86,-0.4,0.875,35.35,0.5797,0.9955,4.19,fitness_improvement
U2234,32,female,156,62.0,25.48,1274,1975,Moderate,2.1,2084,14007,575,131,5,7.3,109,5.52,655,26.2,225.92,-0.7,1.026,31.85,0.6451,1.0552,4.39,fitness_improvement
U2235,23,male,188,72.3,20.46,1788,3397,Very Active,3.2,3492,14194,639,157,5,7.3,95,2.8,785,31.4,196.32,-0.7,1.341,46.98,0.5263,1.028,4.07,fitness_improvement
U2236,44,female,172,69.1,23.36,1385,2389,Active,2.8,2585,10309,542,112,5,6.7,196,8.2,560,22.4,149.19,-1.3,1.228,34.57,0.5797,1.082,4.84,fitness_improvement
U2237,47,male,167,79.5,28.51,1609,2776,Active,3.1,2814,15701,718,164,4,7.0,38,1.37,656,41.0,197.5,-1.0,1.182,34.92,0.5796,1.0137,4.38,fitness_improvement
U2238,50,female,174,45.0,14.86,1126,1942,Active,1.5,1925,12122,549,144,5,7.1,-17,-0.88,720,28.8,269.38,-0.9,1.01,43.16,0.5798,0.9912,3.81,fitness_improvement
U2239,30,male,179,76.5,23.88,1739,2695,Moderate,2.4,2651,13499,687,149,5,6.8,-44,-1.63,745,29.8,176.46,-1.2,0.951,35.23,0.6453,0.9837,4.61,fitness_improvement
U2240,37,female,165,61.7,22.66,1302,2246,Active,2.0,2112,11849,590,75,4,7.7,-134,-5.97,300,18.75,192.04,-0.3,0.982,36.4,0.5797,0.9403,7.87,fitness_improvement
U2241,54,female,170,67.3,23.29,1304,2478,Very Active,2.6,2466,11420,520,107,5,8.1,-12,-0.48,535,21.4,169.69,0.1,1.171,36.82,0.5262,0.9952,4.86,fitness_improvement
U2242,40,male,190,93.0,25.76,1922,3315,Active,3.9,3464,11434,724,202,4,7.0,149,4.49,808,50.5,122.95,-1.0,1.271,35.65,0.5798,1.0449,3.58,fitness_improvement
U2243,53,female,152,50.0,21.64,1024,1946,Very Active,2.1,1997,12483,631,129,4,7.6,51,2.62,516,32.25,249.66,-0.4,1.273,38.92,0.5262,1.0262,4.89,fitness_improvement
U2244,29,male,185,93.0,27.17,1946,3357,Active,3.8,3376,12605,435,58,3,6.9,19,0.57,174,19.33,135.54,-1.1,1.238,36.1,0.5797,1.0057,7.5,fitness_improvement
U2245,34,male,177,63.4,20.24,1575,2717,Active,2.2,2636,12117,647,182,6,7.3,-81,-2.98,1092,30.33,191.12,-0.7,1.052,42.85,0.5797,0.9702,3.55,fitness_improvement
U2246,40,male,189,88.6,24.8,1872,3557,Very Active,3.4,3603,10205,460,145,6,7.1,46,1.29,870,24.17,115.18,-0.9,1.163,40.15,0.5263,1.0129,3.17,fitness_improvement
U2247,37,male,183,84.9,25.35,1813,3445,Very Active,3.1,3584,12116,580,147,5,7.8,139,4.03,735,29.4,142.71,-0.2,1.106,40.58,0.5263,1.0403,3.95,fitness_improvement
U2248,34,male,175,85.8,28.02,1787,3395,Very Active,3.2,3463,13412,605,153,7,7.1,68,2.0,1071,21.86,156.32,-0.9,1.13,39.57,0.5264,1.02,3.95,fitness_improvement
U2249,36,male,181,83.9,25.61,1795,3410,Very Active,4.0,3447,12946,613,159,4,8.0,37,1.09,636,39.75,154.3,0.0,1.445,40.64,0.5264,1.0109,3.86,fitness_improvement
U2250,42,male,161,74.3,28.66,1544,2934,Very Active,2.2,2867,11697,527,140,7,7.3,-67,-2.28,980,20.0,157.43,-0.7,0.897,39.49,0.5262,0.9772,3.76,fitness_improvement
U2251,22,male,183,66.0,19.71,1699,3228,Very Active,2.5,3342,9961,495,137,4,7.1,114,3.53,548,34.25,150.92,-0.9,1.148,48.91,0.5263,1.0353,3.61,fitness_improvement
U2252,51,female,163,56.5,21.27,1168,1810,Moderate,2.5,1665,10174,665,213,5,6.8,-145,-8.01,1065,42.6,180.07,-1.2,1.341,32.04,0.6453,0.9199,3.12,fitness_improvement
U2253,46,male,188,90.6,25.63,1856,3526,Very Active,2.9,3591,10281,572,174,4,7.6,65,1.84,696,43.5,113.48,-0.4,0.97,38.92,0.5264,1.0184,3.29,fitness_improvement
U2254,43,male,178,81.4,25.69,1716,2960,Active,2.9,3226,8938,317,98,5,7.9,266,8.99,490,19.6,109.8,-0.1,1.08,36.36,0.5797,1.0899,3.23,fitness_improvement
U2255,23,male,176,61.5,19.85,1605,2769,Active,2.2,2637,12215,570,158,5,7.6,-132,-4.77,790,31.6,198.62,-0.4,1.084,45.02,0.5796,0.9523,3.61,fitness_improvement
U2256,59,female,155,53.2,22.14,1045,1803,Active,2.0,1797,11654,544,179,4,8.7,-6,-0.33,716,44.75,219.06,0.7,1.139,33.89,0.5796,0.9967,3.04,fitness_improvement
U2257,39,female,169,68.9,24.12,1389,2639,Very Active,2.1,2651,11030,625,181,6,8.2,12,0.45,1086,30.17,160.09,0.2,0.924,38.3,0.5263,1.0045,3.45,fitness_improvement
U2258,39,male,182,89.0,26.87,1838,3492,Very Active,3.7,3453,7800,466,132,5,7.3,-39,-1.12,660,26.4,87.64,-0.7,1.26,39.24,0.5263,0.9888,3.53,fitness_improvement
U2259,27,male,181,66.4,20.27,1665,2872,Active,2.7,2991,9617,582,180,5,7.3,119,4.14,900,36.0,144.83,-0.7,1.232,43.25,0.5797,1.0414,3.23,fitness_improvement
U2260,37,male,185,88.6,25.89,1862,3538,Very Active,3.6,3614,13761,638,173,4,7.7,76,2.15,692,43.25,155.32,-0.3,1.231,39.93,0.5263,1.0215,3.69,fitness_improvement
U2261,23,female,169,73.7,25.8,1517,2882,Very Active,2.5,2912,10637,677,222,5,7.0,30,1.04,1110,44.4,144.33,-1.0,1.028,39.1,0.5264,1.0104,3.05,fitness_improvement
U2262,53,female,168,85.2,30.19,1476,2546,Active,3.3,2630,12431,536,122,4,8.1,84,3.3,488,30.5,145.9,0.1,1.174,29.88,0.5797,1.033,4.39,fitness_improvement
U2263,22,male,177,58.8,18.77,1589,2463,Moderate,2.0,2477,9366,420,130,4,7.6,14,0.57,520,32.5,159.29,-0.4,1.031,41.89,0.6451,1.0057,3.23,fitness_improvement
U2264,33,male,179,82.0,25.59,1779,2757,Moderate,3.0,3005,13401,609,107,4,7.6,248,9.0,428,26.75,163.43,-0.4,1.109,33.62,0.6453,1.09,5.69,fitness_improvement
U2265,35,male,186,82.1,23.73,1814,3447,Very Active,4.0,3482,11548,593,130,7,7.8,35,1.02,910,18.57,140.66,-0.2,1.476,41.99,0.5263,1.0102,4.56,fitness_improvement
U2266,29,male,179,77.5,24.19,1754,3026,Active,3.0,3062,12308,604,118,4,8.4,36,1.19,472,29.5,158.81,0.4,1.173,39.05,0.5796,1.0119,5.12,fitness_improvement
U2267,53,male,171,68.5,23.43,1494,2839,Very Active,2.2,2683,14867,496,54,3,7.5,-156,-5.49,162,18.0,217.04,-0.5,0.973,41.45,0.5262,0.9451,9.19,fitness_improvement
U2268,37,female,170,72.1,24.95,1438,2481,Active,2.8,2446,14454,703,132,4,7.4,-35,-1.41,528,33.0,200.47,-0.6,1.177,34.41,0.5796,0.9859,5.33,fitness_improvement
U2269,49,male,181,88.6,27.04,1777,3376,Very Active,2.8,3528,11264,553,156,5,8.3,152,4.5,780,31.2,127.13,0.3,0.958,38.1,0.5264,1.045,3.54,fitness_improvement
U2270,37,female,176,73.0,23.57,1484,2560,Active,2.4,2453,10762,560,130,5,8.0,-107,-4.18,650,26.0,147.42,0.0,0.996,35.07,0.5797,0.9582,4.31,fitness_improvement
U2271,35,male,181,87.5,26.71,1836,3488,Very Active,2.9,3242,11230,623,203,5,7.3,-246,-7.05,1015,40.6,128.34,-0.7,1.004,39.86,0.5264,0.9295,3.07,fitness_improvement
U2272,42,male,186,95.3,27.55,1910,2960,Moderate,3.5,2978,12692,593,145,5,7.5,18,0.61,725,29.0,133.18,-0.5,1.113,31.06,0.6453,1.0061,4.09,fitness_improvement
U2273,28,female,169,59.5,20.83,1350,2329,Active,2.5,2452,11616,501,184,4,7.6,123,5.28,736,46.0,195.23,-0.4,1.273,39.14,0.5796,1.0528,2.72,fitness_improvement
U2274,40,male,185,84.6,24.72,1807,3433,Very Active,3.5,3455,11108,554,153,5,7.6,22,0.64,765,30.6,131.3,-0.4,1.254,40.58,0.5264,1.0064,3.62,fitness_improvement
U2275,29,male,179,85.4,26.65,1833,3483,Very Active,3.5,3459,13138,633,151,4,6.7,-24,-0.69,604,37.75,153.84,-1.3,1.242,40.78,0.5263,0.9931,4.19,fitness_improvement
U2276,32,female,169,50.9,17.82,1244,2364,Very Active,1.7,2222,11600,563,153,4,6.6,-142,-6.01,612,38.25,227.9,-1.4,1.012,46.44,0.5262,0.9399,3.68,fitness_improvement
U2277,49,male,186,87.9,25.41,1802,2793,Moderate,3.1,2851,14328,785,167,4,7.0,58,2.08,668,41.75,163.0,-1.0,1.069,31.77,0.6452,1.0208,4.7,fitness_improvement
U2278,36,male,175,79.2,25.86,1711,2951,Active,3.1,3034,11959,523,147,3,6.9,83,2.81,441,49.0,151.0,-1.1,1.186,37.26,0.5798,1.0281,3.56,fitness_improvement
U2279,35,female,167,49.5,17.75,1203,1865,Moderate,1.8,1758,14924,665,160,6,7.1,-107,-5.74,960,26.67,301.49,-0.9,1.102,37.68,0.645,0.9426,4.16,fitness_improvement
U2280,33,male,188,76.8,21.73,1783,2764,Moderate,2.8,2888,12425,565,156,5,7.8,124,4.49,780,31.2,161.78,-0.2,1.105,35.99,0.6451,1.0449,3.62,fitness_improvement
U2281,31,female,164,75.0,27.89,1459,2517,Active,3.0,2597,13485,584,136,6,7.4,80,3.18,816,22.67,179.8,-0.6,1.212,33.56,0.5797,1.0318,4.29,fitness_improvement
U2282,33,female,172,68.2,23.05,1431,2719,Very Active,2.5,2840,10532,616,157,5,7.6,121,4.45,785,31.4,154.43,-0.4,1.111,39.87,0.5263,1.0445,3.92,fitness_improvement
U2283,35,female,171,68.9,23.56,1422,2702,Very Active,2.7,2771,9144,655,193,5,6.8,69,2.55,965,38.6,132.71,-1.2,1.187,39.22,0.5263,1.0255,3.39,fitness_improvement
U2284,39,female,167,54.0,19.36,1228,2333,Very Active,2.5,2398,11677,484,111,3,7.2,65,2.79,333,37.0,216.24,-0.8,1.403,43.2,0.5264,1.0279,4.36,fitness_improvement
U2285,51,male,179,71.1,22.19,1580,3002,Very Active,2.7,3072,11837,532,140,5,7.8,70,2.33,700,28.0,166.48,-0.2,1.151,42.22,0.5263,1.0233,3.8,fitness_improvement
U2286,32,male,172,73.0,24.68,1650,3135,Very Active,3.2,3246,11055,508,155,5,7.8,111,3.54,775,31.0,151.44,-0.2,1.328,42.95,0.5263,1.0354,3.28,fitness_improvement
U2287,24,female,165,67.2,24.68,1422,2204,Moderate,2.7,2075,9549,636,179,5,7.1,-129,-5.85,895,35.8,142.1,-0.9,1.218,32.8,0.6452,0.9415,3.55,fitness_improvement
U2288,21,female,163,46.8,17.61,1221,2106,Active,1.5,2006,9420,569,145,5,7.5,-100,-4.75,725,29.0,201.28,-0.5,0.971,45.0,0.5798,0.9525,3.92,fitness_improvement
U2289,29,male,182,82.2,24.82,1820,3140,Active,2.7,3075,9303,390,75,4,8.7,-65,-2.07,300,18.75,113.18,0.7,0.995,38.2,0.5796,0.9793,5.2,fitness_improvement
U2290,56,male,183,74.6,22.28,1615,3068,Very Active,2.6,3069,8707,434,161,3,7.4,1,0.03,483,53.67,116.72,-0.6,1.056,41.13,0.5264,1.0003,2.7,fitness_improvement
U2291,32,female,172,69.1,23.36,1445,2240,Moderate,2.4,2282,10336,333,61,4,7.1,42,1.88,244,15.25,149.58,-0.9,1.052,32.42,0.6451,1.0188,5.46,fitness_improvement
U2292,24,female,162,65.0,24.77,1382,2384,Active,2.5,2423,13769,715,189,5,7.4,39,1.64,945,37.8,211.83,-0.6,1.166,36.68,0.5797,1.0164,3.78,fitness_improvement
U2293,29,male,183,78.5,23.44,1789,3086,Active,3.2,3222,11777,616,150,5,7.5,136,4.41,750,30.0,150.03,-0.5,1.235,39.31,0.5797,1.0441,4.11,fitness_improvement
U2294,21,female,166,66.2,24.02,1434,2223,Moderate,2.9,2323,7844,393,175,3,7.4,100,4.5,525,58.33,118.49,-0.6,1.327,33.58,0.6451,1.045,2.25,fitness_improvement
U2295,35,female,175,68.3,22.3,1441,2486,Active,2.7,2423,11466,509,118,4,7.4,-63,-2.53,472,29.5,167.88,-0.6,1.198,36.4,0.5796,0.9747,4.31,fitness_improvement
U2296,39,male,189,91.7,25.67,1908,3625,Very Active,3.3,3673,10006,518,83,4,6.7,48,1.32,332,20.75,109.12,-1.3,1.091,39.53,0.5263,1.0132,6.24,fitness_improvement
U2297,57,female,165,65.6,24.1,1241,2141,Active,1.9,2088,15468,689,153,4,6.9,-53,-2.48,612,38.25,235.79,-1.1,0.878,32.64,0.5796,0.9752,4.5,fitness_improvement
U2298,36,female,171,69.5,23.77,1423,2455,Active,2.7,2451,9250,583,144,3,7.4,-4,-0.16,432,48.0,133.09,-0.6,1.177,35.32,0.5796,0.9984,4.05,fitness_improvement
U2299,38,male,181,79.2,24.18,1738,3302,Very Active,3.0,3356,11116,571,130,3,7.4,54,1.64,390,43.33,140.35,-0.6,1.148,41.69,0.5263,1.0164,4.39,fitness_improvement
U2300,22,male,175,77.3,25.24,1762,3039,Active,3.0,2796,14785,613,148,4,7.1,-243,-8.0,592,37.0,191.27,-0.9,1.176,39.31,0.5798,0.92,4.14,fitness_improvement
U2301,52,male,172,69.7,23.56,1517,2882,Very Active,3.3,3140,11049,632,204,5,7.4,258,8.95,1020,40.8,158.52,-0.6,1.435,41.35,0.5264,1.0895,3.1,fitness_improvement
U2302,33,male,175,55.4,18.09,1488,2567,Active,2.4,2631,12786,640,170,3,7.5,64,2.49,510,56.67,230.79,-0.5,1.313,46.34,0.5797,1.0249,3.76,fitness_improvement
U2303,47,female,162,54.0,20.58,1156,1994,Active,2.3,1962,12001,580,176,4,7.9,-32,-1.6,704,44.0,222.24,-0.1,1.291,36.93,0.5797,0.984,3.3,fitness_improvement
U2304,29,male,177,79.2,25.28,1758,3033,Active,2.7,3253,12377,581,170,6,7.4,220,7.25,1020,28.33,156.28,-0.6,1.033,38.3,0.5796,1.0725,3.42,fitness_improvement
U2305,18,male,177,56.8,18.13,1589,2741,Active,2.0,2721,13161,771,189,3,7.7,-20,-0.73,567,63.0,231.71,-0.3,1.067,48.26,0.5797,0.9927,4.08,fitness_improvement
U2306,18,female,180,63.7,19.66,1511,2871,Very Active,2.4,2899,10383,473,139,4,7.2,28,0.98,556,34.75,163.0,-0.8,1.142,45.07,0.5263,1.0098,3.4,fitness_improvement
U2307,27,female,165,60.9,22.37,1344,2318,Active,2.1,2290,13337,588,83,6,7.8,-28,-1.21,498,13.83,219.0,-0.2,1.045,38.06,0.5798,0.9879,7.08,fitness_improvement
U2308,33,female,174,70.0,23.12,1462,2266,Moderate,2.8,2408,9397,473,139,4,7.7,142,6.27,556,34.75,134.24,-0.3,1.212,32.37,0.6452,1.0627,3.4,fitness_improvement
U2309,21,male,188,91.2,25.8,1987,3428,Active,3.6,3433,12375,632,169,4,7.9,5,0.15,676,42.25,135.69,-0.1,1.196,37.59,0.5796,1.0015,3.74,fitness_improvement
U2310,50,male,186,83.2,24.05,1750,3325,Very Active,2.8,3359,12113,574,116,6,7.8,34,1.02,696,19.33,145.59,-0.2,1.02,39.96,0.5263,1.0102,4.95,fitness_improvement
U2311,56,female,163,67.8,25.52,1256,2386,Very Active,3.0,2498,10721,506,140,4,7.8,112,4.69,560,35.0,158.13,-0.2,1.341,35.19,0.5264,1.0469,3.61,fitness_improvement
U2312,35,female,173,67.3,22.49,1418,2694,Very Active,2.6,2763,11760,576,124,6,7.4,69,2.56,744,20.67,174.74,-0.6,1.171,40.03,0.5264,1.0256,4.65,fitness_improvement
U2313,36,female,176,70.8,22.86,1467,2531,Active,2.1,2539,10711,503,190,5,7.6,8,0.32,950,38.0,151.29,-0.4,0.899,35.75,0.5796,1.0032,2.65,fitness_improvement
U2314,58,male,187,78.4,22.42,1668,2877,Active,3.0,3003,9925,581,167,4,8.0,126,4.38,668,41.75,126.59,0.0,1.16,36.7,0.5798,1.0438,3.48,fitness_improvement
U2315,37,male,178,84.2,26.57,1774,2750,Moderate,3.3,2998,11181,455,165,5,7.1,248,9.02,825,33.0,132.79,-0.9,1.188,32.66,0.6451,1.0902,2.76,fitness_improvement
U2316,36,female,172,70.7,23.9,1441,2486,Active,3.0,2526,9868,538,164,5,7.1,40,1.61,820,32.8,139.58,-0.9,1.286,35.16,0.5796,1.0161,3.28,fitness_improvement
U2317,33,female,160,49.5,19.34,1169,2221,Very Active,1.8,2241,12365,641,144,6,7.5,20,0.9,864,24.0,249.8,-0.5,1.102,44.87,0.5263,1.009,4.45,fitness_improvement
U2318,32,male,183,78.7,23.5,1776,3374,Very Active,3.3,3411,9787,562,151,4,7.7,37,1.1,604,37.75,124.36,-0.3,1.271,42.87,0.5264,1.011,3.72,fitness_improvement
U2319,42,female,153,84.7,36.18,1432,2470,Active,3.3,2596,13046,489,109,5,7.0,126,5.1,545,21.8,154.03,-1.0,1.181,29.16,0.5798,1.051,4.49,fitness_improvement
U2320,34,male,177,82.3,26.27,1764,3043,Active,2.7,2994,9732,350,79,5,7.4,-49,-1.61,395,15.8,118.25,-0.6,0.994,36.97,0.5797,0.9839,4.43,fitness_improvement
U2321,45,male,186,87.4,25.26,1816,3450,Very Active,2.8,3434,10809,519,150,5,7.4,-16,-0.46,750,30.0,123.67,-0.6,0.971,39.47,0.5264,0.9954,3.46,fitness_improvement
U2322,34,female,179,71.3,22.25,1501,2589,Active,3.1,2463,10707,572,155,4,6.2,-126,-4.87,620,38.75,150.17,-1.8,1.318,36.31,0.5798,0.9513,3.69,fitness_improvement
U2323,38,male,169,76.4,26.75,1635,2534,Moderate,3.3,2442,14119,592,181,6,7.3,-92,-3.63,1086,30.17,184.8,-0.7,1.309,33.17,0.6452,0.9637,3.27,fitness_improvement
U2324,41,female,166,52.9,19.2,1200,2070,Active,2.1,2043,10883,594,173,5,7.4,-27,-1.3,865,34.6,205.73,-0.6,1.203,39.13,0.5797,0.987,3.43,fitness_improvement
U2325,50,male,186,105.7,30.55,1974,3060,Moderate,4.5,3069,11429,658,192,3,7.4,9,0.29,576,64.0,108.13,-0.6,1.29,28.95,0.6451,1.0029,3.43,fitness_improvement
U2326,54,female,172,52.6,17.78,1170,2018,Active,2.3,2153,12673,543,115,6,8.2,135,6.69,690,19.17,240.93,0.2,1.325,38.37,0.5798,1.0669,4.72,fitness_improvement
U2327,41,female,167,67.8,24.31,1356,2102,Moderate,2.8,2152,8112,480,134,7,6.8,50,2.38,938,19.14,119.65,-1.2,1.251,31.0,0.6451,1.0238,3.58,fitness_improvement
U2328,37,female,171,62.3,21.31,1346,2322,Active,2.1,2259,11725,611,159,6,7.0,-63,-2.71,954,26.5,188.2,-1.0,1.021,37.27,0.5797,0.9729,3.84,fitness_improvement
U2329,51,male,178,73.7,23.26,1600,2760,Active,3.4,2703,15296,772,221,6,6.1,-57,-2.07,1326,36.83,207.54,-1.9,1.398,37.45,0.5797,0.9793,3.49,fitness_improvement
U2330,27,male,172,71.3,24.1,1658,2860,Active,2.9,3012,12032,547,189,5,7.2,152,5.31,945,37.8,168.75,-0.8,1.233,40.11,0.5797,1.0531,2.89,fitness_improvement
U2331,34,female,164,67.1,24.95,1365,2355,Active,2.4,2460,11919,642,179,3,7.2,105,4.46,537,59.67,177.63,-0.8,1.084,35.1,0.5796,1.0446,3.59,fitness_improvement
U2332,37,male,181,83.2,25.4,1783,3388,Very Active,2.9,3408,12759,537,133,3,7.2,20,0.59,399,44.33,153.35,-0.8,1.056,40.72,0.5263,1.0059,4.04,fitness_improvement
U2333,40,female,167,52.5,18.82,1208,2295,Very Active,2.1,2271,13367,554,119,5,8.1,-24,-1.05,595,23.8,254.61,0.1,1.212,43.71,0.5264,0.9895,4.66,fitness_improvement
U2334,48,female,159,76.8,30.38,1361,2348,Active,2.3,2452,8304,537,169,4,7.9,104,4.43,676,42.25,108.12,-0.1,0.908,30.57,0.5796,1.0443,3.18,fitness_improvement
U2335,29,male,164,64.5,23.98,1530,2639,Active,2.7,2560,8856,517,112,4,7.5,-79,-2.99,448,28.0,137.3,-0.5,1.268,40.91,0.5798,0.9701,4.62,fitness_improvement
U2336,27,male,189,61.8,17.3,1669,3171,Very Active,2.1,3230,12168,577,138,5,7.2,59,1.86,690,27.6,196.89,-0.8,1.03,51.31,0.5263,1.0186,4.18,fitness_improvement
U2337,31,female,162,55.1,21.0,1248,2153,Active,2.2,2335,10549,567,142,5,8.0,182,8.45,710,28.4,191.45,0.0,1.21,39.07,0.5797,1.0845,3.99,fitness_improvement
U2338,51,male,178,72.2,22.79,1584,2732,Active,2.6,2765,14096,643,193,3,7.4,33,1.21,579,64.33,195.24,-0.6,1.091,37.84,0.5798,1.0121,3.33,fitness_improvement
U2339,33,female,175,67.9,22.17,1447,2749,Very Active,2.5,2688,11248,559,134,4,7.0,-61,-2.22,536,33.5,165.66,-1.0,1.116,40.49,0.5264,0.9778,4.17,fitness_improvement
U2340,28,male,183,58.3,17.41,1592,2746,Active,2.0,2799,7506,284,40,6,6.5,53,1.93,240,6.67,128.75,-1.5,1.04,47.1,0.5798,1.0193,7.1,fitness_improvement
U2341,59,female,170,56.8,19.65,1174,2231,Very Active,2.1,2205,9581,603,160,4,7.2,-26,-1.17,640,40.0,168.68,-0.8,1.12,39.28,0.5262,0.9883,3.77,fitness_improvement
U2342,44,female,154,54.3,22.9,1124,1939,Active,2.6,1854,7800,396,124,5,7.9,-85,-4.38,620,24.8,143.65,-0.1,1.451,35.71,0.5797,0.9562,3.19,fitness_improvement
U2343,48,female,154,59.8,25.22,1160,2001,Active,2.7,2060,11390,555,146,4,8.7,59,2.95,584,36.5,190.47,0.7,1.368,33.46,0.5797,1.0295,3.8,fitness_improvement
U2344,32,male,177,79.3,25.31,1744,3008,Active,3.2,3141,11470,622,142,5,7.5,133,4.42,710,28.4,144.64,-0.5,1.223,37.93,0.5798,1.0442,4.38,fitness_improvement
U2345,32,female,164,71.1,26.44,1415,2441,Active,2.7,2427,11057,539,137,6,7.0,-14,-0.57,822,22.83,155.51,-1.0,1.151,34.33,0.5797,0.9943,3.93,fitness_improvement
U2346,44,male,182,85.0,25.66,1772,3057,Active,3.6,3032,13688,612,169,5,6.8,-25,-0.82,845,33.8,161.04,-1.2,1.283,35.96,0.5797,0.9918,3.62,fitness_improvement
U2347,43,male,188,90.2,25.52,1867,2894,Moderate,3.9,2811,13897,711,99,6,7.8,-83,-2.87,594,16.5,154.07,-0.2,1.31,32.08,0.6451,0.9713,7.18,fitness_improvement
U2348,50,male,173,59.0,19.71,1426,2709,Very Active,2.0,2708,11502,486,129,3,6.5,-1,-0.04,387,43.0,194.95,-1.5,1.027,45.92,0.5264,0.9996,3.77,fitness_improvement
U2349,40,female,170,52.5,18.17,1226,2115,Active,2.0,2084,8064,496,166,6,7.8,-31,-1.47,996,27.67,153.6,-0.2,1.154,40.29,0.5797,0.9853,2.99,fitness_improvement
U2350,31,female,167,65.8,23.59,1386,2391,Active,2.0,2318,12880,602,127,4,7.9,-73,-3.05,508,31.75,195.74,-0.1,0.921,36.34,0.5797,0.9695,4.74,fitness_improvement
U2351,49,male,183,84.1,25.11,1745,3316,Very Active,3.7,3552,11439,476,76,5,7.7,236,7.12,380,15.2,136.02,-0.3,1.333,39.43,0.5262,1.0712,6.26,fitness_improvement
U2352,39,male,177,86.6,27.64,1782,3386,Very Active,4.1,3458,12341,616,165,5,7.3,72,2.13,825,33.0,142.51,-0.7,1.435,39.1,0.5263,1.0213,3.73,fitness_improvement
U2353,29,male,180,73.7,22.75,1722,2970,Active,2.8,3044,13518,673,179,5,7.8,74,2.49,895,35.8,183.42,-0.2,1.151,40.3,0.5798,1.0249,3.76,fitness_improvement
U2354,35,female,158,51.0,20.43,1162,2004,Active,1.5,2076,8305,428,124,5,7.5,72,3.59,620,24.8,162.84,-0.5,0.891,39.29,0.5798,1.0359,3.45,fitness_improvement
U2355,57,female,162,77.1,29.38,1338,2542,Very Active,3.2,2623,15315,531,86,4,7.0,81,3.19,344,21.5,198.64,-1.0,1.258,32.97,0.5264,1.0319,6.17,fitness_improvement
U2356,38,male,169,66.1,23.14,1532,2643,Active,2.3,2618,10121,679,166,3,8.5,-25,-0.95,498,55.33,153.12,0.5,1.054,39.98,0.5796,0.9905,4.09,fitness_improvement
U2357,47,female,164,57.9,21.53,1208,2295,Very Active,2.0,2328,13111,528,95,5,7.3,33,1.44,475,19.0,226.44,-0.7,1.047,39.64,0.5264,1.0144,5.56,fitness_improvement
U2358,38,female,176,72.3,23.34,1472,2797,Very Active,3.0,2785,8847,537,154,5,7.9,-12,-0.43,770,30.8,122.37,-0.1,1.257,38.69,0.5263,0.9957,3.49,fitness_improvement
U2359,41,male,174,83.2,27.48,1720,3268,Very Active,3.3,3334,8726,397,99,6,6.1,66,2.02,594,16.5,104.88,-1.9,1.202,39.28,0.5263,1.0202,4.01,fitness_improvement
U2360,20,male,187,78.2,22.36,1856,3202,Active,2.8,3256,14454,585,110,5,8.2,54,1.69,550,22.0,184.83,0.2,1.085,40.95,0.5796,1.0169,5.32,fitness_improvement
U2361,42,male,182,85.9,25.93,1792,3091,Active,3.0,3065,11343,520,132,3,8.3,-26,-0.84,396,44.0,132.05,0.3,1.058,35.98,0.5797,0.9916,3.94,fitness_improvement
U2362,26,female,165,67.1,24.65,1411,2187,Moderate,2.6,2096,13270,530,140,6,7.5,-91,-4.16,840,23.33,197.76,-0.5,1.174,32.59,0.6452,0.9584,3.79,fitness_improvement
U2363,48,male,178,85.2,26.89,1730,2984,Active,3.1,3014,12215,553,126,4,7.8,30,1.01,504,31.5,143.37,-0.2,1.103,35.02,0.5798,1.0101,4.39,fitness_improvement
U2364,26,male,187,76.3,21.82,1807,3433,Very Active,2.5,3426,10645,514,140,5,7.8,-7,-0.2,700,28.0,139.52,-0.2,0.993,44.99,0.5264,0.998,3.67,fitness_improvement
U2365,27,female,165,58.6,21.52,1321,2279,Active,2.2,2140,14187,695,132,4,7.1,-139,-6.1,528,33.0,242.1,-0.9,1.138,38.89,0.5796,0.939,5.27,fitness_improvement
U2366,48,male,183,85.4,25.5,1763,3041,Active,3.4,3110,11386,545,174,6,7.8,69,2.27,1044,29.0,133.33,-0.2,1.206,35.61,0.5797,1.0227,3.13,fitness_improvement
U2367,38,male,179,80.0,24.97,1734,2688,Moderate,3.0,2792,7803,398,126,4,7.0,104,3.87,504,31.5,97.54,-1.0,1.136,33.6,0.6451,1.0387,3.16,fitness_improvement
U2368,32,female,169,65.4,22.9,1389,2639,Very Active,2.1,2877,10394,455,124,4,7.1,238,9.02,496,31.0,158.93,-0.9,0.973,40.35,0.5263,1.0902,3.67,fitness_improvement
U2369,46,male,182,89.6,27.05,1808,2802,Moderate,3.8,2778,12765,647,119,5,8.1,-24,-0.86,595,23.8,142.47,0.1,1.285,31.27,0.6453,0.9914,5.44,fitness_improvement
U2370,35,female,176,69.6,22.47,1460,2263,Moderate,1.9,2232,12492,476,96,4,8.0,-31,-1.37,384,24.0,179.48,0.0,0.827,32.51,0.6452,0.9863,4.96,fitness_improvement
U2371,39,male,168,74.9,26.54,1609,2776,Active,2.7,2682,9058,541,154,5,7.1,-94,-3.39,770,30.8,120.93,-0.9,1.092,37.06,0.5796,0.9661,3.51,fitness_improvement
U2372,32,female,171,64.1,21.92,1389,2153,Moderate,2.3,2179,10532,577,134,6,7.0,26,1.21,804,22.33,164.31,-1.0,1.087,33.59,0.6451,1.0121,4.31,fitness_improvement
U2373,36,female,168,69.1,24.48,1400,2415,Active,2.7,2444,10782,432,75,4,7.1,29,1.2,300,18.75,156.03,-0.9,1.184,34.95,0.5797,1.012,5.76,fitness_improvement
U2374,40,male,182,87.0,26.26,1812,3126,Active,3.6,3053,11160,459,129,5,7.9,-73,-2.34,645,25.8,128.28,-0.1,1.254,35.93,0.5797,0.9766,3.56,fitness_improvement
U2375,18,male,187,87.6,25.05,1960,3381,Active,3.8,3377,9392,390,118,2,6.9,-4,-0.12,236,59.0,107.21,-1.1,1.315,38.6,0.5797,0.9988,3.31,fitness_improvement
U2376,41,female,172,64.6,21.84,1355,2100,Moderate,2.3,1965,9672,589,162,5,7.6,-135,-6.43,810,32.4,149.72,-0.4,1.079,32.51,0.6452,0.9357,3.64,fitness_improvement
U2377,26,female,166,62.2,22.57,1368,2120,Moderate,2.5,2199,9345,323,72,4,7.9,79,3.73,288,18.0,150.24,-0.1,1.218,34.08,0.6453,1.0373,4.49,fitness_improvement
U2378,56,female,161,65.2,25.15,1217,2099,Active,2.6,2053,13150,574,102,4,7.4,-46,-2.19,408,25.5,201.69,-0.6,1.208,32.19,0.5798,0.9781,5.63,fitness_improvement
U2379,40,male,188,85.2,24.11,1832,2840,Moderate,2.6,2851,13216,679,178,6,8.0,11,0.39,1068,29.67,155.12,0.0,0.925,33.33,0.6451,1.0039,3.81,fitness_improvement
U2380,21,female,168,62.2,22.04,1406,2671,Very Active,2.9,2551,11545,655,186,4,7.3,-120,-4.49,744,46.5,185.61,-0.7,1.413,42.94,0.5264,0.9551,3.52,fitness_improvement
U2381,24,male,186,77.3,22.34,1820,3140,Active,2.4,3092,11114,550,123,4,7.3,-48,-1.53,492,30.75,143.78,-0.7,0.941,40.62,0.5796,0.9847,4.47,fitness_improvement
U2382,20,female,173,60.9,20.35,1429,2465,Active,2.4,2453,12045,505,126,4,6.9,-12,-0.49,504,31.5,197.78,-1.1,1.194,40.48,0.5797,0.9951,4.01,fitness_improvement
U2383,45,male,173,71.7,23.96,1578,2722,Active,2.9,2735,10371,510,163,3,8.0,13,0.48,489,54.33,144.64,0.0,1.226,37.96,0.5797,1.0048,3.13,fitness_improvement
U2384,21,male,183,68.2,20.36,1726,2977,Active,2.7,3042,9793,449,75,3,7.0,65,2.18,225,25.0,143.59,-1.0,1.2,43.65,0.5798,1.0218,5.99,fitness_improvement
U2385,39,male,189,77.6,21.72,1767,2739,Moderate,2.8,2891,10155,408,89,6,7.6,152,5.55,534,14.83,130.86,-0.4,1.093,35.3,0.6451,1.0555,4.58,fitness_improvement
U2386,44,female,152,70.6,30.56,1275,1976,Moderate,3.0,2037,9415,300,109,2,7.4,61,3.09,218,54.5,133.36,-0.6,1.288,27.99,0.6452,1.0309,2.75,fitness_improvement
U2387,29,male,182,82.9,25.03,1826,3469,Very Active,2.6,3603,9764,625,191,4,6.9,134,3.86,764,47.75,117.78,-1.1,0.95,41.85,0.5264,1.0386,3.27,fitness_improvement
U2388,48,male,169,73.8,25.84,1559,2416,Moderate,2.8,2550,12084,510,132,4,7.1,134,5.55,528,33.0,163.74,-0.9,1.15,32.74,0.6453,1.0555,3.86,fitness_improvement
U2389,33,male,188,81.3,23.0,1828,3153,Active,2.9,3232,13077,647,148,6,8.2,79,2.51,888,24.67,160.85,0.2,1.081,38.78,0.5798,1.0251,4.37,fitness_improvement
U2390,21,female,175,69.2,22.6,1520,2622,Active,2.4,2632,9023,625,179,5,7.6,10,0.38,895,35.8,130.39,-0.4,1.051,37.89,0.5797,1.0038,3.49,fitness_improvement
U2391,31,male,180,77.9,24.04,1754,3026,Active,3.1,3148,11844,679,208,4,6.9,122,4.03,832,52.0,152.04,-1.1,1.206,38.84,0.5796,1.0403,3.26,fitness_improvement
U2392,30,female,177,70.7,22.57,1502,2591,Active,3.1,2701,11415,596,128,6,7.6,110,4.25,768,21.33,161.46,-0.4,1.329,36.65,0.5797,1.0425,4.66,fitness_improvement
U2393,25,male,190,70.0,19.39,1768,3359,Very Active,2.6,3452,12398,604,144,4,7.4,93,2.77,576,36.0,177.11,-0.6,1.126,47.99,0.5263,1.0277,4.19,fitness_improvement
U2394,49,male,171,62.5,21.37,1454,2763,Very Active,2.6,2636,11777,751,200,6,8.7,-127,-4.6,1200,33.33,188.43,0.7,1.261,44.21,0.5262,0.954,3.76,fitness_improvement
U2395,30,female,169,80.6,28.22,1551,2675,Active,3.1,2610,7719,289,75,3,7.6,-65,-2.43,225,25.0,95.77,-0.4,1.166,33.19,0.5798,0.9757,3.85,fitness_improvement
U2396,35,male,177,61.0,19.47,1546,2667,Active,2.1,2655,9591,560,176,6,7.2,-12,-0.45,1056,29.33,157.23,-0.8,1.043,43.72,0.5797,0.9955,3.18,fitness_improvement
U2397,53,female,156,66.7,27.41,1216,2098,Active,2.5,2166,11851,569,114,4,8.2,68,3.24,456,28.5,177.68,0.2,1.136,31.45,0.5796,1.0324,4.99,fitness_improvement
U2398,50,female,167,83.1,29.8,1464,2525,Active,3.1,2536,13600,627,148,4,6.4,11,0.44,592,37.0,163.66,-1.6,1.13,30.39,0.5798,1.0044,4.24,fitness_improvement
U2399,36,male,169,57.3,20.06,1454,2763,Very Active,2.0,2887,7925,515,138,4,7.5,124,4.49,552,34.5,138.31,-0.5,1.058,48.22,0.5262,1.0449,3.73,fitness_improvement
U2400,38,male,184,79.0,23.33,1755,3027,Active,3.2,3181,10936,435,84,5,8.5,154,5.09,420,16.8,138.43,0.5,1.227,38.32,0.5798,1.0509,5.18,fitness_improvement
U2401,19,male,182,71.2,21.49,1760,3036,Active,2.8,3179,13882,710,116,4,7.4,143,4.71,464,29.0,194.97,-0.6,1.192,42.64,0.5797,1.0471,6.12,fitness_improvement
U2402,27,female,168,57.1,20.23,1325,2518,Very Active,1.8,2637,11532,700,153,5,6.5,119,4.73,765,30.6,201.96,-1.5,0.955,44.1,0.5262,1.0473,4.58,fitness_improvement
U2403,55,female,160,66.5,25.98,1229,1905,Moderate,2.0,1845,11387,587,148,4,7.2,-60,-3.15,592,37.0,171.23,-0.8,0.911,28.65,0.6451,0.9685,3.97,fitness_improvement
U2404,36,male,178,85.1,26.86,1788,3084,Active,3.4,3152,10570,566,141,5,8.2,68,2.2,705,28.2,124.21,0.2,1.211,36.24,0.5798,1.022,4.01,fitness_improvement
U2405,36,female,175,69.5,22.69,1448,2751,Very Active,2.4,2706,11591,641,147,5,7.7,-45,-1.64,735,29.4,166.78,-0.3,1.046,39.58,0.5264,0.9836,4.36,fitness_improvement
U2406,27,female,170,54.3,18.79,1310,2030,Moderate,2.2,1923,8963,455,162,5,7.0,-107,-5.27,810,32.4,165.06,-1.0,1.228,37.38,0.6453,0.9473,2.81,fitness_improvement
U2407,18,male,189,76.7,21.47,1863,2888,Moderate,3.2,2873,7800,342,116,4,7.1,-15,-0.52,464,29.0,101.69,-0.9,1.264,37.65,0.6451,0.9948,2.95,fitness_improvement
U2408,30,male,182,84.5,25.51,1838,2849,Moderate,2.7,2995,12486,670,146,5,7.1,146,5.12,730,29.2,147.76,-0.9,0.968,33.72,0.6451,1.0512,4.59,fitness_improvement
U2409,34,male,180,83.7,25.83,1797,3414,Very Active,2.7,3486,10076,581,170,5,7.6,72,2.11,850,34.0,120.38,-0.4,0.978,40.79,0.5264,1.0211,3.42,fitness_improvement
U2410,50,female,173,50.3,16.81,1173,1818,Moderate,2.3,1955,11003,663,223,7,8.2,137,7.54,1561,31.86,218.75,0.2,1.386,36.14,0.6452,1.0754,2.97,fitness_improvement
U2411,56,female,168,67.4,23.88,1283,2213,Active,2.7,2238,9374,490,134,6,8.0,25,1.13,804,22.33,139.08,0.0,1.214,32.83,0.5798,1.0113,3.66,fitness_improvement
U2412,35,male,183,82.6,24.66,1800,2790,Moderate,3.0,3041,9333,352,131,6,7.7,251,9.0,786,21.83,112.99,-0.3,1.101,33.78,0.6452,1.09,2.69,fitness_improvement
U2413,36,female,151,63.9,28.03,1242,1925,Moderate,2.2,1947,11496,595,168,7,6.7,22,1.14,1176,24.0,179.91,-1.3,1.043,30.13,0.6452,1.0114,3.54,fitness_improvement
U2414,30,male,191,94.5,25.9,1994,3440,Active,3.4,3460,10523,538,170,5,6.7,20,0.58,850,34.0,111.35,-1.3,1.09,36.4,0.5797,1.0058,3.16,fitness_improvement
U2415,37,male,171,68.6,23.46,1575,2717,Active,2.2,2609,12461,624,129,5,7.7,-108,-3.97,645,25.8,181.65,-0.3,0.972,39.61,0.5797,0.9603,4.84,fitness_improvement
U2416,33,female,178,73.4,23.17,1520,2622,Active,3.1,2737,12592,639,133,5,6.7,115,4.39,665,26.6,171.55,-1.3,1.28,35.72,0.5797,1.0439,4.8,fitness_improvement
U2417,55,female,161,67.5,26.04,1245,2148,Active,2.3,2121,11183,572,132,4,7.3,-27,-1.26,528,33.0,165.67,-0.7,1.033,31.82,0.5796,0.9874,4.33,fitness_improvement
U2418,41,male,183,88.0,26.28,1824,3466,Very Active,3.8,3405,12218,574,120,4,7.6,-61,-1.76,480,30.0,138.84,-0.4,1.309,39.39,0.5263,0.9824,4.78,fitness_improvement
U2419,33,female,169,72.5,25.38,1455,2255,Moderate,2.6,2367,14561,561,133,4,6.8,112,4.97,532,33.25,200.84,-1.2,1.087,31.1,0.6452,1.0497,4.22,fitness_improvement
U2420,35,female,169,69.2,24.23,1412,2683,Very Active,2.3,2805,8896,479,116,5,6.9,122,4.55,580,23.2,128.55,-1.1,1.007,38.77,0.5263,1.0455,4.13,fitness_improvement
U2421,58,female,178,85.3,26.92,1514,2612,Active,3.1,2729,10769,592,151,4,7.4,117,4.48,604,37.75,126.25,-0.6,1.101,30.62,0.5796,1.0448,3.92,fitness_improvement
U2422,37,male,180,80.1,24.72,1746,2706,Moderate,2.2,2685,13782,679,127,5,7.7,-21,-0.78,635,25.4,172.06,-0.3,0.832,33.78,0.6452,0.9922,5.35,fitness_improvement
U2423,29,female,173,63.2,21.12,1407,2673,Very Active,2.4,2682,14013,676,90,6,8.0,9,0.34,540,15.0,221.72,0.0,1.151,42.29,0.5264,1.0034,7.51,fitness_improvement
U2424,36,female,158,50.9,20.39,1156,2196,Very Active,1.9,2202,9312,323,88,5,7.8,6,0.27,440,17.6,182.95,-0.2,1.131,43.14,0.5264,1.0027,3.67,fitness_improvement
U2425,36,female,172,70.5,23.83,1439,2482,Active,3.0,2562,11253,482,107,4,7.5,80,3.22,428,26.75,159.62,-0.5,1.289,35.21,0.5798,1.0322,4.5,fitness_improvement
U2426,39,male,182,82.3,24.85,1770,3363,Very Active,2.4,3563,14177,549,106,4,7.0,200,5.95,424,26.5,172.26,-1.0,0.884,40.86,0.5263,1.0595,5.18,fitness_improvement
U2427,36,male,188,77.5,21.93,1775,3062,Active,3.4,3117,12689,607,140,6,6.9,55,1.8,840,23.33,163.73,-1.1,1.329,39.51,0.5797,1.018,4.34,fitness_improvement
U2428,35,female,176,72.2,23.31,1486,2563,Active,3.0,2753,12142,534,109,5,7.2,190,7.41,545,21.8,168.17,-0.8,1.259,35.5,0.5798,1.0741,4.9,fitness_improvement
U2429,20,female,156,58.0,23.83,1294,2459,Very Active,2.6,2549,11419,522,124,3,7.7,90,3.66,372,41.33,196.88,-0.3,1.358,42.4,0.5262,1.0366,4.21,fitness_improvement
U2430,34,female,168,51.8,18.35,1237,2134,Active,2.0,2127,11128,579,122,4,7.6,-7,-0.33,488,30.5,214.83,-0.4,1.17,41.2,0.5797,0.9967,4.75,fitness_improvement
U2431,30,male,181,78.6,23.99,1772,3367,Very Active,3.4,3481,12304,513,132,5,6.3,114,3.39,660,26.4,156.54,-1.7,1.311,42.84,0.5263,1.0339,3.89,fitness_improvement
U2432,18,female,165,65.2,23.95,1432,2470,Active,2.1,2630,11358,570,185,5,7.0,160,6.48,925,37.0,174.2,-1.0,0.976,37.88,0.5798,1.0648,3.08,fitness_improvement
U2433,29,male,178,87.4,27.58,1846,3507,Very Active,3.6,3770,11015,476,130,6,8.1,263,7.5,780,21.67,126.03,0.1,1.248,40.13,0.5264,1.075,3.66,fitness_improvement
U2434,19,female,166,74.0,26.85,1522,2625,Active,2.6,2747,11938,563,145,5,7.5,122,4.65,725,29.0,161.32,-0.5,1.065,35.47,0.5798,1.0465,3.88,fitness_improvement
U2435,47,female,158,53.2,21.31,1124,1939,Active,1.6,1950,9574,373,99,5,6.7,11,0.57,495,19.8,179.96,-1.3,0.911,36.45,0.5797,1.0057,3.77,fitness_improvement
U2436,24,female,173,59.5,19.88,1395,2406,Active,2.0,2400,11775,526,113,5,8.7,-6,-0.25,565,22.6,197.9,0.7,1.019,40.44,0.5798,0.9975,4.65,fitness_improvement
U2437,31,male,178,78.8,24.87,1750,3019,Active,3.0,3095,16500,726,155,4,7.4,76,2.52,620,38.75,209.39,-0.6,1.154,38.31,0.5797,1.0252,4.68,fitness_improvement
U2438,41,male,187,90.7,25.94,1876,2908,Moderate,3.1,3093,7418,384,132,4,7.7,185,6.36,528,33.0,81.79,-0.3,1.036,32.06,0.6451,1.0636,2.91,fitness_improvement
U2439,47,male,178,88.7,28.0,1770,2744,Moderate,3.5,2799,12367,602,118,5,7.7,55,2.0,590,23.6,139.43,-0.3,1.196,30.94,0.645,1.02,5.1,fitness_improvement
U2440,19,female,165,72.2,26.52,1497,2582,Active,2.2,2636,10470,537,146,5,7.2,54,2.09,730,29.2,145.01,-0.8,0.923,35.76,0.5798,1.0209,3.68,fitness_improvement
U2441,25,male,180,72.9,22.5,1734,2688,Moderate,2.1,2706,12810,573,84,3,7.0,18,0.67,252,28.0,175.72,-1.0,0.873,36.87,0.6451,1.0067,6.82,fitness_improvement
U2442,34,female,166,69.5,25.22,1402,2173,Moderate,3.1,2159,11881,580,151,4,8.6,-14,-0.64,604,37.75,170.95,0.6,1.352,31.27,0.6452,0.9936,3.84,fitness_improvement
U2443,19,female,165,61.9,22.74,1394,2649,Very Active,2.6,2647,13133,653,168,5,8.0,-2,-0.08,840,33.6,212.16,0.0,1.273,42.79,0.5262,0.9992,3.89,fitness_improvement
U2444,50,female,157,64.6,26.21,1216,2310,Very Active,2.2,2332,13857,597,137,4,7.9,22,0.95,548,34.25,214.5,-0.1,1.032,35.76,0.5264,1.0095,4.36,fitness_improvement
U2445,37,female,166,59.7,21.66,1288,2447,Very Active,2.3,2606,12137,672,199,4,7.8,159,6.5,796,49.75,203.3,-0.2,1.167,40.99,0.5264,1.065,3.38,fitness_improvement
U2446,57,female,158,75.1,30.08,1292,2229,Active,3.2,2221,13781,637,119,5,6.9,-8,-0.36,595,23.8,183.5,-1.1,1.291,29.68,0.5796,0.9964,5.35,fitness_improvement
U2447,51,male,180,106.4,32.84,1939,3684,Very Active,4.3,3709,7800,447,152,4,8.2,25,0.68,608,38.0,73.31,0.2,1.225,34.62,0.5263,1.0068,2.94,fitness_improvement
U2448,33,male,184,75.3,22.24,1743,3007,Active,2.9,2931,14583,689,144,3,7.0,-76,-2.53,432,48.0,193.67,-1.0,1.167,39.93,0.5796,0.9747,4.78,fitness_improvement
U2449,50,male,173,76.1,25.43,1597,2475,Moderate,3.3,2549,12456,549,142,4,7.6,74,2.99,568,35.5,163.68,-0.4,1.314,32.52,0.6453,1.0299,3.87,fitness_improvement
U2450,44,female,166,58.3,21.16,1240,1922,Moderate,2.0,2024,13686,672,142,5,6.5,102,5.31,710,28.4,234.75,-1.5,1.04,32.97,0.6452,1.0531,4.73,fitness_improvement
U2451,58,female,171,55.6,19.01,1174,2231,Very Active,2.1,2369,9665,487,148,6,6.3,138,6.19,888,24.67,173.83,-1.7,1.145,40.13,0.5262,1.0619,3.29,fitness_improvement
U2452,57,male,179,72.5,22.63,1564,2424,Moderate,2.8,2453,10346,621,170,5,7.6,29,1.2,850,34.0,142.7,-0.4,1.17,33.43,0.6452,1.012,3.65,fitness_improvement
U2453,39,male,179,82.2,25.65,1751,3020,Active,3.0,3096,12055,653,186,3,7.0,76,2.52,558,62.0,146.65,-1.0,1.106,36.74,0.5798,1.0252,3.51,fitness_improvement
U2454,35,male,179,66.7,20.82,1616,3070,Very Active,2.4,3069,11770,662,145,4,6.4,-1,-0.03,580,36.25,176.46,-1.6,1.09,46.03,0.5264,0.9997,4.57,fitness_improvement
U2455,50,male,178,70.1,22.12,1568,2430,Moderate,2.7,2487,12295,567,169,5,7.7,57,2.35,845,33.8,175.39,-0.3,1.167,34.66,0.6453,1.0235,3.36,fitness_improvement
U2456,33,female,177,72.5,23.14,1505,2333,Moderate,2.8,2370,13698,522,124,5,8.6,37,1.59,620,24.8,188.94,0.6,1.17,32.18,0.6451,1.0159,4.21,fitness_improvement
U2457,25,male,191,101.4,27.8,2088,3967,Very Active,3.4,3995,8711,488,168,5,8.2,28,0.71,840,33.6,85.91,0.2,1.016,39.12,0.5263,1.0071,2.9,fitness_improvement
U2458,36,male,179,82.5,25.75,1769,3052,Active,3.5,3082,13504,518,122,4,7.3,30,0.98,488,30.5,163.68,-0.7,1.286,36.99,0.5796,1.0098,4.25,fitness_improvement
U2459,34,female,170,72.4,25.05,1456,2257,Moderate,2.4,2304,11814,554,178,5,7.5,47,2.08,890,35.6,163.18,-0.5,1.005,31.17,0.6451,1.0208,3.11,fitness_improvement
U2460,42,male,181,84.0,25.64,1766,3355,Very Active,3.1,3337,11443,705,211,5,7.9,-18,-0.54,1055,42.2,136.23,-0.1,1.118,39.94,0.5264,0.9946,3.34,fitness_improvement
U2461,58,female,179,84.3,26.31,1511,2871,Very Active,3.1,2861,9226,495,141,5,8.1,-10,-0.35,705,28.2,109.44,0.1,1.114,34.06,0.5263,0.9965,3.51,fitness_improvement
U2462,34,female,170,68.1,23.56,1412,2436,Active,2.7,2594,12680,476,79,4,7.3,158,6.49,316,19.75,186.2,-0.7,1.201,35.77,0.5796,1.0649,6.03,fitness_improvement
U2463,31,male,186,82.3,23.79,1836,3167,Active,2.3,3452,7800,413,129,4,7.5,285,9.0,516,32.25,94.78,-0.5,0.847,38.48,0.5797,1.09,3.2,fitness_improvement
U2464,41,male,166,66.6,24.17,1504,2594,Active,2.8,2498,12935,637,182,2,7.6,-96,-3.7,364,91.0,194.22,-0.4,1.274,38.95,0.5798,0.963,3.5,fitness_improvement
U2465,41,male,186,92.5,26.74,1888,2926,Moderate,3.3,2812,9189,618,162,4,7.8,-114,-3.9,648,40.5,99.34,-0.2,1.081,31.63,0.6452,0.961,3.81,fitness_improvement
U2466,30,female,171,66.2,22.64,1420,2450,Active,2.9,2380,11131,487,125,4,7.4,-70,-2.86,500,31.25,168.14,-0.6,1.327,37.01,0.5796,0.9714,3.9,fitness_improvement
U2467,28,male,183,58.4,17.44,1593,2748,Active,2.1,2752,11591,546,175,4,7.4,4,0.15,700,43.75,198.48,-0.6,1.09,47.05,0.5797,1.0015,3.12,fitness_improvement
U2468,19,female,165,65.5,24.06,1430,2467,Active,2.5,2557,13847,707,160,5,8.2,90,3.65,800,32.0,211.4,0.2,1.157,37.66,0.5797,1.0365,4.42,fitness_improvement
U2469,25,female,174,61.2,20.21,1414,2687,Very Active,2.9,2756,11487,615,182,5,8.1,69,2.57,910,36.4,187.7,0.1,1.436,43.91,0.5262,1.0257,3.38,fitness_improvement
U2470,41,male,189,82.1,22.98,1802,2793,Moderate,3.0,2824,10585,698,173,2,7.7,31,1.11,346,86.5,128.93,-0.3,1.107,34.02,0.6452,1.0111,4.03,fitness_improvement
U2471,42,male,183,95.3,28.46,1892,3264,Active,4.2,3341,10913,594,191,5,8.4,77,2.36,955,38.2,114.51,0.4,1.335,34.25,0.5797,1.0236,3.11,fitness_improvement
U2472,57,female,169,67.6,23.67,1286,2218,Active,2.6,2175,14028,709,156,4,7.2,-43,-1.94,624,39.0,207.51,-0.8,1.166,32.81,0.5798,0.9806,4.54,fitness_improvement
U2473,29,female,164,60.7,22.57,1326,2519,Very Active,2.4,2510,12739,708,172,5,8.3,-9,-0.36,860,34.4,209.87,0.3,1.198,41.5,0.5264,0.9964,4.12,fitness_improvement
U2474,36,female,154,61.8,26.06,1240,2139,Active,2.4,2148,11125,516,136,3,7.7,9,0.42,408,45.33,180.02,-0.3,1.177,34.61,0.5797,1.0042,3.79,fitness_improvement
U2475,32,male,158,78.5,31.45,1618,2791,Active,3.3,2650,11386,498,127,5,8.7,-141,-5.05,635,25.4,145.04,0.7,1.274,35.55,0.5797,0.9495,3.92,fitness_improvement
U2476,42,male,185,82.0,23.96,1771,3055,Active,2.9,2946,9057,616,196,4,6.8,-109,-3.57,784,49.0,110.45,-1.2,1.072,37.26,0.5797,0.9643,3.14,fitness_improvement
U2477,28,female,172,63.1,21.33,1405,2424,Active,2.1,2341,12480,640,151,5,7.1,-83,-3.42,755,30.2,197.78,-0.9,1.009,38.42,0.5796,0.9658,4.24,fitness_improvement
U2478,32,female,162,68.5,26.1,1376,2374,Active,2.4,2449,8720,446,169,5,7.7,75,3.16,845,33.8,127.3,-0.3,1.062,34.66,0.5796,1.0316,2.64,fitness_improvement
U2479,49,male,169,77.6,27.17,1592,3025,Very Active,3.0,3066,12145,493,123,4,7.7,41,1.36,492,30.75,156.51,-0.3,1.172,38.98,0.5263,1.0136,4.01,fitness_improvement
U2480,36,male,181,69.6,21.24,1652,2850,Active,2.6,2925,12025,418,127,3,8.5,75,2.63,381,42.33,172.77,0.5,1.132,40.95,0.5796,1.0263,3.29,fitness_improvement
U2481,52,male,173,64.7,21.62,1473,2799,Very Active,2.7,2633,15977,737,145,3,7.1,-166,-5.93,435,48.33,246.94,-0.9,1.265,43.26,0.5263,0.9407,5.08,fitness_improvement
U2482,50,female,152,48.7,21.08,1026,1949,Very Active,2.2,1858,9875,573,188,4,7.9,-91,-4.67,752,47.0,202.77,-0.1,1.369,40.02,0.5264,0.9533,3.05,fitness_improvement
U2483,42,male,185,84.0,24.54,1791,3089,Active,2.8,3176,11620,591,162,5,8.1,87,2.82,810,32.4,138.33,0.1,1.01,36.77,0.5798,1.0282,3.65,fitness_improvement
U2484,49,female,174,45.6,15.06,1138,1963,Active,1.6,1806,14947,501,94,4,7.8,-157,-8.0,376,23.5,327.79,-0.2,1.063,43.05,0.5797,0.92,5.33,fitness_improvement
U2485,32,male,180,81.1,25.03,1781,2761,Moderate,2.6,2893,13885,572,139,5,6.9,132,4.78,695,27.8,171.21,-1.1,0.971,34.04,0.6451,1.0478,4.12,fitness_improvement
U2486,41,female,177,86.8,27.71,1608,3055,Very Active,4.1,2875,10582,598,198,4,8.2,-180,-5.89,792,49.5,121.91,0.2,1.431,35.2,0.5264,0.9411,3.02,fitness_improvement
U2487,31,female,167,67.5,24.2,1403,2420,Active,2.7,2504,12192,544,139,4,8.1,84,3.47,556,34.75,180.62,0.1,1.212,35.85,0.5798,1.0347,3.91,fitness_improvement
U2488,43,male,189,81.2,22.73,1783,3076,Active,3.3,2996,11803,502,91,4,7.8,-80,-2.6,364,22.75,145.36,-0.2,1.232,37.88,0.5796,0.974,5.52,fitness_improvement
U2489,33,female,166,49.6,18.0,1208,1872,Moderate,1.6,1950,12293,714,202,5,7.6,78,4.17,1010,40.4,247.84,-0.4,0.978,37.74,0.6453,1.0417,3.53,fitness_improvement
U2490,47,female,167,61.2,21.94,1260,2394,Very Active,2.3,2609,10577,698,165,5,7.6,215,8.98,825,33.0,172.83,-0.4,1.139,39.12,0.5263,1.0898,4.23,fitness_improvement
U2491,43,male,182,91.1,27.5,1838,3171,Active,3.7,2935,11644,570,143,6,7.4,-236,-7.44,858,23.83,127.82,-0.6,1.231,34.81,0.5796,0.9256,3.99,fitness_improvement
U2492,20,male,181,55.9,17.06,1595,3030,Very Active,2.1,3119,9003,539,134,4,7.8,89,2.94,536,33.5,161.06,-0.2,1.138,54.2,0.5264,1.0294,4.02,fitness_improvement
U2493,22,male,176,61.5,19.85,1610,2496,Moderate,2.7,2351,11292,529,152,5,7.5,-145,-5.81,760,30.4,183.61,-0.5,1.33,40.59,0.645,0.9419,3.48,fitness_improvement
U2494,22,male,190,102.6,28.42,2108,4005,Very Active,4.5,4085,12588,485,129,5,7.0,80,2.0,645,25.8,122.69,-1.0,1.329,39.04,0.5263,1.02,3.76,fitness_improvement
U2495,35,female,155,64.8,26.97,1281,1986,Moderate,2.2,1982,11402,600,179,5,6.9,-4,-0.2,895,35.8,175.96,-1.1,1.029,30.65,0.645,0.998,3.35,fitness_improvement
U2496,34,male,176,80.5,25.99,1740,3002,Active,2.7,3031,8974,431,161,4,7.0,29,0.97,644,40.25,111.48,-1.0,1.016,37.29,0.5796,1.0097,2.68,fitness_improvement
U2497,39,female,177,88.4,28.22,1634,3105,Very Active,3.0,3021,13530,642,152,3,7.6,-84,-2.71,456,50.67,153.05,-0.4,1.028,35.12,0.5262,0.9729,4.22,fitness_improvement
U2498,49,female,150,53.3,23.69,1064,2022,Very Active,2.4,2087,12438,561,149,4,7.4,65,3.21,596,37.25,233.36,-0.6,1.364,37.94,0.5262,1.0321,3.77,fitness_improvement
U2499,52,male,183,88.4,26.4,1773,3058,Active,3.8,2918,10529,425,140,4,7.6,-140,-4.58,560,35.0,119.11,-0.4,1.303,34.59,0.5798,0.9542,3.04,fitness_improvement
U2500,57,male,188,69.9,19.78,1594,2750,Active,2.6,2883,11309,708,176,3,7.7,133,4.84,528,58.67,161.79,-0.3,1.127,39.34,0.5796,1.0484,4.02,fitness_improvement
U2501,25,female,167,58.0,20.8,1338,2308,Active,2.4,2165,8759,374,35,3,7.2,-143,-6.2,105,11.67,151.02,-0.8,1.254,39.79,0.5797,0.938,10.69,healthy_lifestyle
U2502,28,female,160,56.1,21.91,1260,1953,Moderate,2.3,2061,8958,450,97,3,7.5,108,5.53,291,32.33,159.68,-0.5,1.242,34.81,0.6452,1.0553,4.64,healthy_lifestyle
U2503,26,male,175,55.0,17.96,1519,2354,Moderate,2.2,2365,10105,388,47,4,8.3,11,0.47,188,11.75,183.73,0.3,1.212,42.8,0.6453,1.0047,8.26,healthy_lifestyle
U2504,25,female,175,60.3,19.69,1411,2187,Moderate,2.5,2234,7681,453,113,3,7.8,47,2.15,339,37.67,127.38,-0.2,1.256,36.27,0.6452,1.0215,4.01,healthy_lifestyle
U2505,35,female,158,59.1,23.67,1242,1925,Moderate,2.5,1974,5697,395,114,2,8.0,49,2.55,228,57.0,96.4,0.0,1.282,32.57,0.6452,1.0255,3.46,healthy_lifestyle
U2506,52,female,165,80.2,29.46,1412,2189,Moderate,3.1,2135,7254,349,78,4,7.5,-54,-2.47,312,19.5,90.45,-0.5,1.171,27.29,0.645,0.9753,4.47,healthy_lifestyle
U2507,38,female,169,78.5,27.49,1490,2049,Light,3.1,1983,7129,353,99,3,7.8,-66,-3.22,297,33.0,90.82,-0.2,1.197,26.1,0.7272,0.9678,3.57,healthy_lifestyle
U2508,60,male,182,88.9,26.84,1732,2988,Active,4.1,2880,9421,388,83,3,7.3,-108,-3.61,249,27.67,105.97,-0.7,1.398,33.61,0.5797,0.9639,4.67,healthy_lifestyle
U2509,49,male,180,91.7,28.3,1802,3108,Active,3.7,3081,5600,335,93,2,7.9,-27,-0.87,186,46.5,61.07,-0.1,1.223,33.89,0.5798,0.9913,3.6,healthy_lifestyle
U2510,57,female,156,64.4,26.46,1173,2023,Active,2.6,2073,7940,413,63,3,8.0,50,2.47,189,21.0,123.29,0.0,1.223,31.41,0.5798,1.0247,6.56,healthy_lifestyle
U2511,28,female,160,57.1,22.3,1270,1968,Moderate,2.3,1928,10282,461,102,4,8.0,-40,-2.03,408,25.5,180.07,0.0,1.221,34.47,0.6453,0.9797,4.52,healthy_lifestyle
U2512,58,female,165,72.5,26.63,1305,1794,Light,2.8,1832,8509,417,52,2,7.5,38,2.12,104,26.0,117.37,-0.5,1.17,24.74,0.7274,1.0212,8.02,healthy_lifestyle
U2513,34,female,176,64.8,20.92,1417,2196,Moderate,2.5,2020,9620,384,48,4,7.7,-176,-8.01,192,12.0,148.46,-0.3,1.169,33.89,0.6453,0.9199,8.0,healthy_lifestyle
U2514,26,female,167,60.6,21.73,1359,2344,Active,2.4,2312,6448,346,85,1,8.1,-32,-1.37,85,85.0,106.4,0.1,1.2,38.68,0.5798,0.9863,4.07,healthy_lifestyle
U2515,22,male,174,58.6,19.36,1568,2430,Moderate,2.2,2529,6498,456,83,3,7.8,99,4.07,249,27.67,110.89,-0.2,1.138,41.47,0.6453,1.0407,5.49,healthy_lifestyle
U2516,29,female,164,53.7,19.97,1256,2167,Active,2.1,2154,10297,546,94,3,7.7,-13,-0.6,282,31.33,191.75,-0.3,1.185,40.35,0.5796,0.994,5.81,healthy_lifestyle
U2517,24,male,169,101.3,35.47,1954,3029,Moderate,3.7,2941,8627,466,74,4,8.6,-88,-2.91,296,18.5,85.16,0.6,1.107,29.9,0.6451,0.9709,6.3,healthy_lifestyle
U2518,26,female,157,56.5,22.92,1255,1945,Moderate,2.3,1900,8629,415,129,2,7.5,-45,-2.31,258,64.5,152.73,-0.5,1.234,34.42,0.6452,0.9769,3.22,healthy_lifestyle
U2519,30,female,171,61.7,21.1,1375,2131,Moderate,2.6,1961,7102,476,92,4,8.3,-170,-7.98,368,23.0,115.11,0.3,1.277,34.54,0.6452,0.9202,5.17,healthy_lifestyle
U2520,35,female,151,73.0,32.02,1338,2074,Moderate,2.8,2001,8626,398,93,4,7.4,-73,-3.52,372,23.25,118.16,-0.6,1.162,28.41,0.6451,0.9648,4.28,healthy_lifestyle
U2521,22,male,189,71.8,20.1,1794,3095,Active,2.3,3210,7068,342,92,2,8.1,115,3.72,184,46.0,98.44,0.1,0.971,43.11,0.5796,1.0372,3.72,healthy_lifestyle
U2522,43,male,182,73.4,22.16,1662,2576,Moderate,3.1,2523,9984,351,110,3,8.1,-53,-2.06,330,36.67,136.02,0.1,1.28,35.1,0.6452,0.9794,3.19,healthy_lifestyle
U2523,39,male,162,95.0,36.2,1772,2436,Light,3.8,2396,11600,522,101,3,7.7,-40,-1.64,303,33.67,122.11,-0.3,1.212,25.64,0.7274,0.9836,5.17,healthy_lifestyle
U2524,30,female,158,59.0,23.63,1266,1741,Light,2.1,1602,9105,365,98,2,7.4,-139,-7.98,196,49.0,154.32,-0.6,1.079,29.51,0.7272,0.9202,3.72,healthy_lifestyle
U2525,56,female,167,51.2,18.36,1115,1923,Active,2.2,1813,7706,415,104,3,7.1,-110,-5.72,312,34.67,150.51,-0.9,1.302,37.56,0.5798,0.9428,3.99,healthy_lifestyle
U2526,22,female,166,67.5,24.5,1442,2235,Moderate,2.3,2328,5600,179,48,4,7.6,93,4.16,192,12.0,82.96,-0.4,1.033,33.11,0.6452,1.0416,3.73,healthy_lifestyle
U2527,51,female,163,61.6,23.18,1219,1889,Moderate,2.7,1930,6394,367,49,3,8.0,41,2.17,147,16.33,103.8,0.0,1.328,30.67,0.6453,1.0217,7.49,healthy_lifestyle
U2528,57,female,152,60.7,26.27,1111,1722,Moderate,2.4,1644,10444,477,86,3,7.4,-78,-4.53,258,28.67,172.06,-0.6,1.198,28.37,0.6452,0.9547,5.55,healthy_lifestyle
U2529,57,male,174,97.6,32.24,1784,2765,Moderate,3.0,2704,7214,472,84,3,7.9,-61,-2.21,252,28.0,73.91,-0.1,0.931,28.33,0.6452,0.9779,5.62,healthy_lifestyle
U2530,24,female,174,67.6,22.33,1482,2297,Moderate,2.7,2295,8036,341,101,3,7.3,-2,-0.09,303,33.67,118.88,-0.7,1.21,33.98,0.6452,0.9991,3.38,healthy_lifestyle
U2531,49,female,164,60.7,22.57,1226,2115,Active,2.3,2026,9319,501,88,4,7.8,-89,-4.21,352,22.0,153.53,-0.2,1.148,34.84,0.5797,0.9579,5.69,healthy_lifestyle
U2532,23,female,151,60.0,26.31,1268,1744,Light,2.2,1622,10353,368,101,3,7.4,-122,-7.0,303,33.67,172.55,-0.6,1.111,29.07,0.7271,0.93,3.64,healthy_lifestyle
U2533,19,male,183,72.7,21.71,1781,2761,Moderate,2.7,2746,8251,354,61,4,7.8,-15,-0.54,244,15.25,113.49,-0.2,1.125,37.98,0.6451,0.9946,5.8,healthy_lifestyle
U2534,33,female,157,55.0,22.31,1205,1868,Moderate,2.2,1905,7994,341,88,4,7.7,37,1.98,352,22.0,145.35,-0.3,1.212,33.96,0.6451,1.0198,3.88,healthy_lifestyle
U2535,36,female,155,54.3,22.6,1171,1815,Moderate,2.0,1853,8590,323,58,4,7.4,38,2.09,232,14.5,158.2,-0.6,1.116,33.43,0.6452,1.0209,5.57,healthy_lifestyle
U2536,41,female,170,61.9,21.42,1316,2040,Moderate,2.0,2102,7715,353,97,2,7.6,62,3.04,194,48.5,124.64,-0.4,0.979,32.96,0.6451,1.0304,3.64,healthy_lifestyle
U2537,25,female,160,78.4,30.62,1498,2584,Active,3.5,2443,7783,256,47,2,7.5,-141,-5.46,94,23.5,99.27,-0.5,1.353,32.96,0.5797,0.9454,5.45,healthy_lifestyle
U2538,32,female,155,77.3,32.17,1421,1954,Light,3.0,1958,7766,281,76,3,7.4,4,0.2,228,25.33,100.47,-0.6,1.176,25.28,0.7272,1.002,3.7,healthy_lifestyle
U2539,57,female,164,73.7,27.4,1316,2040,Moderate,2.7,2021,8732,324,56,3,8.3,-19,-0.93,168,18.67,118.48,0.3,1.11,27.68,0.6451,0.9907,5.79,healthy_lifestyle
U2540,29,male,168,66.1,23.42,1571,2435,Moderate,2.3,2428,11165,465,80,2,7.7,-7,-0.29,160,40.0,168.91,-0.3,1.054,36.84,0.6452,0.9971,5.81,healthy_lifestyle
U2541,41,male,191,92.7,25.41,1921,2641,Light,4.0,2621,9049,503,108,3,7.0,-20,-0.76,324,36.0,97.62,-1.0,1.308,28.49,0.7274,0.9924,4.66,healthy_lifestyle
U2542,53,male,162,97.9,37.3,1732,2685,Moderate,3.4,2623,9939,459,93,4,7.6,-62,-2.31,372,23.25,101.52,-0.4,1.052,27.43,0.6451,0.9769,4.94,healthy_lifestyle
U2543,28,female,161,60.9,23.49,1314,2267,Active,2.4,2086,7161,360,52,3,8.2,-181,-7.98,156,17.33,117.59,0.2,1.194,37.22,0.5796,0.9202,6.92,healthy_lifestyle
U2544,18,female,158,51.7,20.71,1254,1724,Light,1.9,1794,7935,254,63,2,7.6,70,4.06,126,31.5,153.48,-0.4,1.114,33.35,0.7274,1.0406,4.03,healthy_lifestyle
U2545,37,female,176,65.6,21.18,1410,1939,Light,2.5,1961,7596,289,55,2,8.4,22,1.13,110,27.5,115.79,0.4,1.155,29.56,0.7272,1.0113,5.25,healthy_lifestyle
U2546,33,female,175,69.8,22.79,1466,2529,Active,2.5,2398,8994,388,51,3,7.5,-131,-5.18,153,17.0,128.85,-0.5,1.085,36.23,0.5797,0.9482,7.61,healthy_lifestyle
U2547,56,male,181,78.7,24.02,1643,2547,Moderate,2.9,2589,8166,377,73,3,8.0,42,1.65,219,24.33,103.76,0.0,1.117,32.36,0.6451,1.0165,5.16,healthy_lifestyle
U2548,20,female,161,76.6,29.55,1511,2078,Light,3.0,2045,7802,309,79,3,8.2,-33,-1.59,237,26.33,101.85,0.2,1.187,27.13,0.7271,0.9841,3.91,healthy_lifestyle
U2549,30,female,158,61.9,24.8,1296,2236,Active,2.5,2203,10537,502,87,3,8.0,-33,-1.48,261,29.0,170.23,0.0,1.224,36.12,0.5796,0.9852,5.77,healthy_lifestyle
U2550,34,male,195,100.9,26.54,2063,3559,Active,3.7,3463,10285,436,101,4,7.3,-96,-2.7,404,25.25,101.93,-0.7,1.111,35.27,0.5797,0.973,4.32,healthy_lifestyle
U2551,40,female,163,59.0,22.21,1248,1934,Moderate,2.3,1970,9972,393,88,2,7.5,36,1.86,176,44.0,169.02,-0.5,1.181,32.78,0.6453,1.0186,4.47,healthy_lifestyle
U2552,52,male,182,103.0,31.1,1912,2964,Moderate,4.4,2881,9455,438,82,3,8.3,-83,-2.8,246,27.33,91.8,0.3,1.294,28.78,0.6451,0.972,5.34,healthy_lifestyle
U2553,25,female,160,58.0,22.66,1294,2232,Active,1.9,2146,10704,421,64,3,7.5,-86,-3.85,192,21.33,184.55,-0.5,0.993,38.48,0.5797,0.9615,6.58,healthy_lifestyle
U2554,32,male,173,57.1,19.08,1497,2320,Moderate,2.3,2412,6704,293,78,3,8.2,92,3.97,234,26.0,117.41,0.2,1.221,40.63,0.6453,1.0397,3.76,healthy_lifestyle
U2555,46,male,181,81.7,24.94,1723,2671,Moderate,2.9,2654,10213,367,59,4,7.7,-17,-0.64,236,14.75,125.01,-0.3,1.076,32.69,0.6451,0.9936,6.22,healthy_lifestyle
U2556,43,female,164,74.0,27.51,1389,2396,Active,2.6,2384,7261,266,69,4,7.9,-12,-0.5,276,17.25,98.12,-0.1,1.065,32.38,0.5797,0.995,3.86,healthy_lifestyle
U2557,44,female,174,47.0,15.52,1176,1823,Moderate,1.9,1867,7795,352,90,4,7.3,44,2.41,360,22.5,165.85,-0.7,1.225,38.79,0.6451,1.0241,3.91,healthy_lifestyle
U2558,36,male,186,63.2,18.27,1620,2511,Moderate,2.4,2452,9202,468,85,3,7.6,-59,-2.35,255,28.33,145.6,-0.4,1.151,39.73,0.6452,0.9765,5.51,healthy_lifestyle
U2559,52,female,166,59.9,21.74,1216,1885,Moderate,2.1,1854,10042,539,145,3,7.5,-31,-1.64,435,48.33,167.65,-0.5,1.062,31.47,0.6451,0.9836,3.72,healthy_lifestyle
U2560,28,female,171,63.0,21.55,1398,2167,Moderate,2.8,2190,7058,354,58,3,7.9,23,1.06,174,19.33,112.03,-0.1,1.347,34.4,0.6451,1.0106,6.1,healthy_lifestyle
U2561,51,female,163,63.2,23.79,1235,1914,Moderate,2.7,1811,7859,396,85,2,7.9,-103,-5.38,170,42.5,124.35,-0.1,1.295,30.28,0.6452,0.9462,4.66,healthy_lifestyle
U2562,51,male,183,63.6,18.99,1530,2372,Moderate,2.0,2390,8622,313,57,4,8.0,18,0.76,228,14.25,135.57,0.0,0.953,37.3,0.645,1.0076,5.49,healthy_lifestyle
U2563,35,female,173,66.7,22.29,1412,2189,Moderate,2.3,2131,8267,280,79,3,7.7,-58,-2.65,237,26.33,123.94,-0.3,1.045,32.82,0.645,0.9735,3.54,healthy_lifestyle
U2564,36,female,174,63.8,21.07,1384,2387,Active,2.7,2458,9568,360,80,3,7.5,71,2.97,240,26.67,149.97,-0.5,1.282,37.41,0.5798,1.0297,4.5,healthy_lifestyle
U2565,39,female,166,75.6,27.44,1438,2229,Moderate,2.9,2272,11600,477,107,4,7.9,43,1.93,428,26.75,153.44,-0.1,1.162,29.48,0.6451,1.0193,4.46,healthy_lifestyle
U2566,21,male,178,56.6,17.86,1578,2170,Light,2.6,2201,9024,350,78,2,7.5,31,1.43,156,39.0,159.43,-0.5,1.392,38.34,0.7272,1.0143,4.49,healthy_lifestyle
U2567,47,male,184,81.5,24.07,1735,2689,Moderate,3.4,2538,7581,412,84,2,8.3,-151,-5.62,168,42.0,93.02,0.3,1.264,32.99,0.6452,0.9438,4.9,healthy_lifestyle
U2568,37,female,173,64.5,21.55,1380,2139,Moderate,2.6,2131,6879,382,79,4,7.8,-8,-0.37,316,19.75,106.65,-0.2,1.222,33.16,0.6452,0.9963,4.84,healthy_lifestyle
U2569,24,male,174,97.4,32.17,1946,3016,Moderate,3.5,2892,8093,453,57,3,7.7,-124,-4.11,171,19.0,83.09,-0.3,1.089,30.97,0.6452,0.9589,7.95,healthy_lifestyle
U2570,50,female,152,53.8,23.29,1077,1669,Moderate,2.2,1667,8440,349,89,3,8.0,-2,-0.12,267,29.67,156.88,0.0,1.239,31.02,0.6453,0.9988,3.92,healthy_lifestyle
U2571,30,female,174,64.0,21.14,1416,2195,Moderate,2.2,2019,9084,484,80,3,7.8,-176,-8.02,240,26.67,141.94,-0.2,1.042,34.3,0.6451,0.9198,6.05,healthy_lifestyle
U2572,38,female,169,77.1,26.99,1476,2546,Active,3.5,2409,9065,499,90,4,7.2,-137,-5.38,360,22.5,117.57,-0.8,1.376,33.02,0.5797,0.9462,5.54,healthy_lifestyle
U2573,36,female,162,55.7,21.22,1228,1688,Light,2.3,1758,7921,380,100,4,7.4,70,4.15,400,25.0,142.21,-0.6,1.251,30.31,0.7275,1.0415,3.8,healthy_lifestyle
U2574,30,female,168,61.4,21.75,1353,1860,Light,2.2,1884,10981,484,83,2,8.3,24,1.29,166,41.5,178.84,0.3,1.086,30.29,0.7274,1.0129,5.83,healthy_lifestyle
U2575,27,female,164,57.6,21.42,1305,2251,Active,2.5,2223,8864,498,106,4,7.9,-28,-1.24,424,26.5,153.89,-0.1,1.315,39.08,0.5797,0.9876,4.7,healthy_lifestyle
U2576,32,male,175,95.6,31.22,1895,2937,Moderate,4.5,2844,7743,286,37,4,7.2,-93,-3.17,148,9.25,80.99,-0.8,1.426,30.72,0.6452,0.9683,7.73,healthy_lifestyle
U2577,33,male,178,63.4,20.01,1586,2458,Moderate,2.5,2365,9299,426,100,3,8.0,-93,-3.78,300,33.33,146.67,0.0,1.195,38.77,0.6452,0.9622,4.26,healthy_lifestyle
U2578,56,male,175,62.4,20.38,1443,2489,Active,2.6,2506,9615,367,73,2,7.6,17,0.68,146,36.5,154.09,-0.4,1.263,39.89,0.5798,1.0068,5.03,healthy_lifestyle
U2579,25,male,183,70.3,20.99,1727,2979,Active,2.7,2943,10097,334,104,4,7.5,-36,-1.21,416,26.0,143.63,-0.5,1.164,42.38,0.5797,0.9879,3.21,healthy_lifestyle
U2580,32,female,154,54.2,22.85,1184,1628,Light,2.2,1716,9036,456,117,3,7.4,88,5.41,351,39.0,166.72,-0.6,1.23,30.04,0.7273,1.0541,3.9,healthy_lifestyle
U2581,51,female,158,55.2,22.11,1124,1742,Moderate,1.9,1731,9814,386,84,2,8.2,-11,-0.63,168,42.0,177.79,0.2,1.043,31.56,0.6452,0.9937,4.6,healthy_lifestyle
U2582,37,female,159,51.8,20.49,1166,1807,Moderate,2.1,1811,7669,272,65,3,7.1,4,0.22,195,21.67,148.05,-0.9,1.229,34.88,0.6453,1.0022,4.18,healthy_lifestyle
U2583,28,female,156,59.1,24.29,1265,1961,Moderate,2.4,1866,8819,392,67,5,7.5,-95,-4.84,335,13.4,149.22,-0.5,1.231,33.18,0.6451,0.9516,5.85,healthy_lifestyle
U2584,28,female,160,58.7,22.93,1286,2218,Active,2.7,2190,9631,358,96,3,7.9,-28,-1.26,288,32.0,164.07,-0.1,1.394,37.79,0.5798,0.9874,3.73,healthy_lifestyle
U2585,36,female,175,64.0,20.9,1393,2159,Moderate,2.1,2172,10391,482,81,2,8.4,13,0.6,162,40.5,162.36,0.4,0.994,33.73,0.6452,1.006,5.95,healthy_lifestyle
U2586,38,male,171,67.6,23.12,1560,2691,Active,2.6,2656,6414,337,76,2,8.1,-35,-1.3,152,38.0,94.88,0.1,1.166,39.81,0.5797,0.987,4.43,healthy_lifestyle
U2587,29,male,177,56.5,18.03,1531,2373,Moderate,2.5,2333,7366,354,100,4,7.5,-40,-1.69,400,25.0,130.37,-0.5,1.341,42.0,0.6452,0.9831,3.54,healthy_lifestyle
U2588,52,female,163,61.3,23.07,1211,1877,Moderate,2.4,1898,9529,436,99,4,8.4,21,1.12,396,24.75,155.45,0.4,1.186,30.62,0.6452,1.0112,4.4,healthy_lifestyle
U2589,43,female,159,66.1,26.15,1279,1759,Light,2.6,1852,6440,283,100,4,7.3,93,5.29,400,25.0,97.43,-0.7,1.192,26.61,0.7271,1.0529,2.83,healthy_lifestyle
U2590,39,male,183,97.7,29.17,1931,3331,Active,3.5,3348,9115,395,52,3,8.0,17,0.51,156,17.33,93.3,0.0,1.086,34.09,0.5797,1.0051,7.6,healthy_lifestyle
U2591,24,female,158,74.0,29.64,1446,2241,Moderate,2.7,2331,9825,457,98,4,8.0,90,4.02,392,24.5,132.77,0.0,1.106,30.28,0.6452,1.0402,4.66,healthy_lifestyle
U2592,21,female,168,57.8,20.48,1362,1873,Light,1.9,1914,7780,358,71,2,7.5,41,2.19,142,35.5,134.6,-0.5,0.996,32.4,0.7272,1.0219,5.04,healthy_lifestyle
U2593,51,female,166,67.6,24.53,1298,1785,Light,2.5,1853,7962,411,93,3,8.1,68,3.81,279,31.0,117.78,0.1,1.121,26.41,0.7272,1.0381,4.42,healthy_lifestyle
U2594,28,female,171,61.2,20.93,1380,2139,Moderate,2.2,2093,7157,320,91,3,7.7,-46,-2.15,273,30.33,116.94,-0.3,1.089,34.95,0.6452,0.9785,3.52,healthy_lifestyle
U2595,51,female,162,60.0,22.86,1196,1644,Light,2.4,1632,7848,223,46,4,8.1,-12,-0.73,184,11.5,130.8,0.1,1.212,27.4,0.7275,0.9927,4.85,healthy_lifestyle
U2596,33,female,170,62.7,21.7,1364,2114,Moderate,2.3,2099,7884,429,90,3,7.2,-15,-0.71,270,30.0,125.74,-0.8,1.112,33.72,0.6452,0.9929,4.77,healthy_lifestyle
U2597,42,female,172,60.8,20.55,1312,2034,Moderate,2.3,2073,7646,421,99,2,8.0,39,1.92,198,49.5,125.76,0.0,1.146,33.45,0.645,1.0192,4.25,healthy_lifestyle
U2598,39,female,164,76.7,28.52,1436,2226,Moderate,2.9,2288,7578,356,102,3,7.7,62,2.79,306,34.0,98.8,-0.3,1.146,29.02,0.6451,1.0279,3.49,healthy_lifestyle
U2599,29,male,181,59.8,18.25,1589,2463,Moderate,2.4,2474,8161,408,91,2,8.3,11,0.45,182,45.5,136.47,0.3,1.216,41.19,0.6451,1.0045,4.48,healthy_lifestyle
U2600,25,female,155,80.4,33.47,1487,2305,Moderate,3.0,2376,8146,383,45,1,7.8,71,3.08,45,45.0,101.32,-0.2,1.131,28.67,0.6451,1.0308,8.51,healthy_lifestyle
U2601,21,female,164,52.0,19.33,1279,2206,Active,1.8,2163,10843,568,116,4,8.3,-43,-1.95,464,29.0,208.52,0.3,1.049,42.42,0.5798,0.9805,4.9,healthy_lifestyle
U2602,45,female,161,61.4,23.69,1234,2129,Active,2.5,2195,8007,360,97,3,8.0,66,3.1,291,32.33,130.41,0.0,1.234,34.67,0.5796,1.031,3.71,healthy_lifestyle
U2603,57,male,181,79.0,24.11,1641,2544,Moderate,3.5,2634,8930,282,62,3,7.8,90,3.54,186,20.67,113.04,-0.2,1.343,32.2,0.645,1.0354,4.55,healthy_lifestyle
U2604,36,female,155,49.2,20.48,1120,1736,Moderate,2.0,1777,8581,314,83,4,8.1,41,2.36,332,20.75,174.41,0.1,1.232,35.28,0.6452,1.0236,3.78,healthy_lifestyle
U2605,24,female,162,60.7,23.13,1338,2074,Moderate,2.3,2084,7763,360,93,4,8.2,10,0.48,372,23.25,127.89,0.2,1.148,34.17,0.6451,1.0048,3.87,healthy_lifestyle
U2606,29,female,161,60.8,23.46,1308,2256,Active,2.4,2312,5197,363,82,3,8.0,56,2.48,246,27.33,85.48,0.0,1.196,37.11,0.5798,1.0248,4.43,healthy_lifestyle
U2607,42,female,171,65.2,22.3,1350,2092,Moderate,2.1,2027,6536,275,77,5,7.0,-65,-3.11,385,15.4,100.25,-1.0,0.976,32.09,0.6453,0.9689,3.57,healthy_lifestyle
U2608,33,female,167,64.5,23.13,1363,2113,Moderate,2.5,2128,6991,341,106,3,7.5,15,0.71,318,35.33,108.39,-0.5,1.175,32.76,0.6451,1.0071,3.22,healthy_lifestyle
U2609,26,female,165,60.5,22.22,1345,2320,Active,2.3,2344,8730,304,49,3,8.4,24,1.03,147,16.33,144.3,0.4,1.152,38.35,0.5797,1.0103,6.2,healthy_lifestyle
U2610,41,female,172,81.6,27.58,1525,2097,Light,2.9,1999,9845,367,65,3,7.4,-98,-4.67,195,21.67,120.65,-0.6,1.077,25.7,0.7272,0.9533,5.65,healthy_lifestyle
U2611,34,female,171,61.7,21.1,1355,2100,Moderate,2.3,2135,6267,254,43,2,8.2,35,1.67,86,21.5,101.57,0.2,1.13,34.04,0.6452,1.0167,5.91,healthy_lifestyle
U2612,29,male,175,59.0,19.27,1544,2123,Light,2.2,2030,7814,269,68,4,8.1,-93,-4.38,272,17.0,132.44,0.1,1.13,35.98,0.7273,0.9562,3.96,healthy_lifestyle
U2613,32,female,169,62.9,22.02,1364,2114,Moderate,2.7,2082,6791,451,121,1,7.6,-32,-1.51,121,121.0,107.97,-0.4,1.301,33.61,0.6452,0.9849,3.73,healthy_lifestyle
U2614,36,female,171,65.3,22.33,1381,2141,Moderate,2.9,2144,8170,443,133,3,7.1,3,0.14,399,44.33,125.11,-0.9,1.346,32.79,0.645,1.0014,3.33,healthy_lifestyle
U2615,33,female,158,53.9,21.59,1200,2070,Active,1.9,2017,9845,576,93,3,7.6,-53,-2.56,279,31.0,182.65,-0.4,1.068,38.4,0.5797,0.9744,6.19,healthy_lifestyle
U2616,29,female,159,57.1,22.59,1259,1951,Moderate,2.1,1957,7941,288,74,2,8.6,6,0.31,148,37.0,139.07,0.6,1.114,34.17,0.6453,1.0031,3.89,healthy_lifestyle
U2617,32,female,163,56.1,21.11,1259,1731,Light,2.1,1735,8441,469,83,3,7.5,4,0.23,249,27.67,150.46,-0.5,1.134,30.86,0.7273,1.0023,5.65,healthy_lifestyle
U2618,28,female,158,57.3,22.95,1260,2174,Active,2.5,2112,10319,538,98,4,7.5,-62,-2.85,392,24.5,180.09,-0.5,1.322,37.94,0.5796,0.9715,5.49,healthy_lifestyle
U2619,29,female,162,60.0,22.86,1306,2253,Active,2.4,2298,9072,333,54,4,7.5,45,2.0,216,13.5,151.2,-0.5,1.212,37.55,0.5797,1.02,6.17,healthy_lifestyle
U2620,24,female,164,55.9,20.78,1303,2020,Moderate,2.2,1966,7550,321,75,2,8.3,-54,-2.67,150,37.5,135.06,0.3,1.193,36.14,0.645,0.9733,4.28,healthy_lifestyle
U2621,52,female,166,71.9,26.09,1336,2071,Moderate,3.0,2237,8699,396,120,3,7.8,166,8.02,360,40.0,120.99,-0.2,1.264,28.8,0.6451,1.0802,3.3,healthy_lifestyle
U2622,48,female,165,63.7,23.4,1267,1964,Moderate,2.4,1956,7466,275,65,2,7.6,-8,-0.41,130,32.5,117.21,-0.4,1.142,30.83,0.6451,0.9959,4.23,healthy_lifestyle
U2623,41,male,183,96.3,28.76,1907,2956,Moderate,4.3,2835,9026,382,72,4,8.4,-121,-4.09,288,18.0,93.73,0.4,1.353,30.7,0.6451,0.9591,5.31,healthy_lifestyle
U2624,26,female,167,61.2,21.94,1365,1877,Light,2.4,1812,9144,412,88,3,8.1,-65,-3.46,264,29.33,149.41,0.1,1.188,30.67,0.7272,0.9654,4.68,healthy_lifestyle
U2625,52,male,160,69.7,27.23,1442,2235,Moderate,2.5,2325,6791,261,94,1,7.5,90,4.03,94,94.0,97.43,-0.5,1.087,32.07,0.6452,1.0403,2.78,healthy_lifestyle
U2626,35,female,171,63.4,21.68,1367,2358,Active,2.5,2324,8719,502,74,3,7.4,-34,-1.44,222,24.67,137.52,-0.6,1.195,37.19,0.5797,0.9856,6.78,healthy_lifestyle
U2627,27,female,162,55.1,21.0,1268,1965,Moderate,2.5,1871,8353,376,90,3,8.3,-94,-4.78,270,30.0,151.6,0.3,1.375,35.66,0.6453,0.9522,4.18,healthy_lifestyle
U2628,33,female,173,63.3,21.15,1388,2151,Moderate,2.4,2215,9181,436,101,4,7.9,64,2.98,404,25.25,145.04,-0.1,1.149,33.98,0.6453,1.0298,4.32,healthy_lifestyle
U2629,31,male,175,64.3,21.0,1587,2182,Light,2.8,2150,9539,455,131,3,7.3,-32,-1.47,393,43.67,148.35,-0.7,1.32,33.93,0.7273,0.9853,3.47,healthy_lifestyle
U2630,28,female,163,54.8,20.63,1266,2184,Active,2.0,2234,9728,437,103,3,7.2,50,2.29,309,34.33,177.52,-0.8,1.106,39.85,0.5797,1.0229,4.24,healthy_lifestyle
U2631,33,female,174,66.4,21.93,1426,1961,Light,2.4,2025,8121,359,87,5,7.4,64,3.26,435,17.4,122.3,-0.6,1.095,29.53,0.7272,1.0326,4.13,healthy_lifestyle
U2632,21,female,152,86.4,37.4,1548,2399,Moderate,3.6,2422,9667,479,122,3,7.4,23,0.96,366,40.67,111.89,-0.6,1.263,27.77,0.6453,1.0096,3.93,healthy_lifestyle
U2633,43,female,164,45.4,16.88,1103,1710,Moderate,1.6,1847,7409,339,76,4,7.1,137,8.01,304,19.0,163.19,-0.9,1.068,37.67,0.645,1.0801,4.46,healthy_lifestyle
U2634,57,female,161,73.6,28.39,1296,1782,Light,3.2,1674,6849,341,59,3,7.4,-108,-6.06,177,19.67,93.06,-0.6,1.318,24.21,0.7273,0.9394,5.78,healthy_lifestyle
U2635,49,female,166,75.1,27.25,1382,2142,Moderate,3.1,2081,5600,326,94,4,7.5,-61,-2.85,376,23.5,74.57,-0.5,1.251,28.52,0.6452,0.9715,3.47,healthy_lifestyle
U2636,23,female,168,60.2,21.33,1376,2374,Active,2.2,2353,8412,465,112,2,7.7,-21,-0.88,224,56.0,139.73,-0.3,1.107,39.44,0.5796,0.9912,4.15,healthy_lifestyle
U2637,20,female,168,56.4,19.98,1353,2097,Moderate,2.2,2263,7473,372,96,3,8.5,166,7.92,288,32.0,132.5,0.5,1.182,37.18,0.6452,1.0792,3.88,healthy_lifestyle
U2638,25,female,172,63.7,21.53,1426,2210,Moderate,2.4,2349,8997,416,86,2,7.7,139,6.29,172,43.0,141.24,-0.3,1.142,34.69,0.6452,1.0629,4.84,healthy_lifestyle
U2639,19,female,163,64.5,24.28,1408,2182,Moderate,2.6,2280,6036,255,56,3,7.8,98,4.49,168,18.67,93.58,-0.2,1.222,33.83,0.6453,1.0449,4.55,healthy_lifestyle
U2640,35,female,169,74.3,26.01,1463,2268,Moderate,3.5,2205,7691,421,87,4,8.0,-63,-2.78,348,21.75,103.51,0.0,1.427,30.52,0.6451,0.9722,4.84,healthy_lifestyle
U2641,57,female,155,60.6,25.22,1129,1750,Moderate,2.3,1709,9088,469,115,3,7.8,-41,-2.34,345,38.33,149.97,-0.2,1.15,28.88,0.6451,0.9766,4.08,healthy_lifestyle
U2642,22,female,164,64.6,24.02,1400,2170,Moderate,2.7,2107,6361,258,49,4,8.0,-63,-2.9,196,12.25,98.47,0.0,1.267,33.59,0.6452,0.971,5.27,healthy_lifestyle
U2643,23,male,170,100.1,34.64,1954,3029,Moderate,4.0,2946,9012,389,83,4,8.0,-83,-2.74,332,20.75,90.03,0.0,1.211,30.26,0.6451,0.9726,4.69,healthy_lifestyle
U2644,58,male,189,73.7,20.63,1633,2531,Moderate,2.9,2663,7804,351,79,3,7.9,132,5.22,237,26.33,105.89,-0.1,1.192,34.34,0.6452,1.0522,4.44,healthy_lifestyle
U2645,51,male,173,62.9,21.02,1460,2263,Moderate,2.4,2244,8459,369,73,4,8.8,-19,-0.84,292,18.25,134.48,0.8,1.156,35.98,0.6452,0.9916,5.05,healthy_lifestyle
U2646,27,female,172,63.4,21.43,1413,2190,Moderate,2.3,2181,9244,418,93,3,8.2,-9,-0.41,279,31.0,145.8,0.2,1.099,34.54,0.6452,0.9959,4.49,healthy_lifestyle
U2647,42,female,156,67.4,27.7,1278,1981,Moderate,2.8,2035,9691,412,98,3,7.4,54,2.73,294,32.67,143.78,-0.6,1.259,29.39,0.6451,1.0273,4.2,healthy_lifestyle
U2648,53,female,173,82.6,27.6,1481,2036,Light,3.2,1917,8616,452,98,4,8.0,-119,-5.84,392,24.5,104.31,0.0,1.174,24.65,0.7274,0.9416,4.61,healthy_lifestyle
U2649,21,female,162,67.9,25.87,1426,2210,Moderate,2.4,2214,7482,374,67,4,7.5,4,0.18,268,16.75,110.19,-0.5,1.071,32.55,0.6452,1.0018,5.58,healthy_lifestyle
U2650,40,male,180,86.4,26.67,1794,2781,Moderate,3.8,2674,7927,417,52,2,8.0,-107,-3.85,104,26.0,91.75,0.0,1.333,32.19,0.6451,0.9615,8.02,healthy_lifestyle
U2651,29,female,161,57.1,22.03,1271,1970,Moderate,2.3,1950,9296,391,94,2,7.3,-20,-1.02,188,47.0,162.8,-0.7,1.221,34.5,0.6452,0.9898,4.16,healthy_lifestyle
U2652,41,female,171,59.0,20.18,1293,2230,Active,2.3,2184,7223,373,77,2,7.4,-46,-2.06,154,38.5,122.42,-0.6,1.181,37.8,0.5798,0.9794,4.84,healthy_lifestyle
U2653,38,female,175,63.8,20.83,1381,2141,Moderate,2.9,2093,7179,272,104,4,8.0,-48,-2.24,416,26.0,112.52,0.0,1.377,33.56,0.645,0.9776,2.62,healthy_lifestyle
U2654,33,male,181,60.0,18.31,1571,2435,Moderate,1.9,2454,8018,486,129,4,8.2,19,0.78,516,32.25,133.63,0.2,0.96,40.58,0.6452,1.0078,3.77,healthy_lifestyle
U2655,28,female,169,67.9,23.77,1434,2474,Active,3.0,2493,8371,376,132,3,8.0,19,0.77,396,44.0,123.28,0.0,1.339,36.44,0.5796,1.0077,2.85,healthy_lifestyle
U2656,18,male,165,66.6,24.46,1612,2499,Moderate,2.4,2480,7238,267,67,1,8.2,-19,-0.76,67,67.0,108.68,0.2,1.092,37.52,0.6451,0.9924,3.99,healthy_lifestyle
U2657,30,female,170,64.3,22.25,1394,2161,Moderate,2.6,2189,6185,360,101,2,8.0,28,1.3,202,50.5,96.19,0.0,1.225,33.61,0.6451,1.013,3.56,healthy_lifestyle
U2658,51,female,167,64.5,23.13,1273,1973,Moderate,2.4,1913,9151,406,107,3,7.9,-60,-3.04,321,35.67,141.88,-0.1,1.128,30.59,0.6452,0.9696,3.79,healthy_lifestyle
U2659,57,female,150,58.4,25.96,1076,1856,Active,2.1,1900,9705,412,105,3,7.7,44,2.37,315,35.0,166.18,-0.3,1.09,31.78,0.5797,1.0237,3.92,healthy_lifestyle
U2660,32,female,169,66.9,23.42,1404,2176,Moderate,3.0,2160,6260,285,80,3,8.2,-16,-0.74,240,26.67,93.57,0.2,1.359,32.53,0.6452,0.9926,3.56,healthy_lifestyle
U2661,24,male,177,74.4,23.75,1735,2689,Moderate,3.5,2643,8961,489,116,3,8.2,-46,-1.71,348,38.67,120.44,0.2,1.426,36.14,0.6452,0.9829,4.22,healthy_lifestyle
U2662,26,female,171,59.9,20.48,1377,2134,Moderate,2.3,2075,9854,381,88,4,7.8,-59,-2.76,352,22.0,164.51,-0.2,1.164,35.63,0.6453,0.9724,4.33,healthy_lifestyle
U2663,29,female,161,54.7,21.1,1247,1933,Moderate,2.2,1917,9245,415,91,3,7.8,-16,-0.83,273,30.33,169.01,-0.2,1.219,35.34,0.6451,0.9917,4.56,healthy_lifestyle
U2664,54,female,166,85.1,30.88,1458,2515,Active,3.4,2680,7979,302,54,3,8.5,165,6.56,162,18.0,93.76,0.5,1.211,29.55,0.5797,1.0656,5.59,healthy_lifestyle
U2665,24,male,179,73.8,23.03,1742,3005,Active,3.4,2998,7321,423,102,3,7.8,-7,-0.23,306,34.0,99.2,-0.2,1.396,40.72,0.5797,0.9977,4.15,healthy_lifestyle
U2666,28,female,161,63.2,24.38,1337,2072,Moderate,2.0,1989,8601,432,82,3,7.9,-83,-4.01,246,27.33,136.09,-0.1,0.959,32.78,0.6453,0.9599,5.27,healthy_lifestyle
U2667,31,female,169,63.7,22.3,1377,2375,Active,2.6,2451,8810,315,98,3,8.0,76,3.2,294,32.67,138.3,0.0,1.237,37.28,0.5798,1.032,3.21,healthy_lifestyle
U2668,21,male,187,76.7,21.93,1836,2846,Moderate,2.8,2799,9504,515,111,2,7.8,-47,-1.65,222,55.5,123.91,-0.2,1.106,37.11,0.6451,0.9835,4.64,healthy_lifestyle
U2669,30,female,156,57.2,23.5,1236,1700,Light,1.7,1717,8275,357,92,3,7.5,17,1.0,276,30.67,144.67,-0.5,0.901,29.72,0.7271,1.01,3.88,healthy_lifestyle
U2670,34,female,176,65.8,21.24,1427,2212,Moderate,2.5,2165,7147,362,87,4,8.0,-47,-2.12,348,21.75,108.62,0.0,1.151,33.62,0.6451,0.9788,4.16,healthy_lifestyle
U2671,52,male,182,63.0,19.02,1512,2344,Moderate,3.0,2449,9028,382,105,4,7.8,105,4.48,420,26.25,143.3,-0.2,1.443,37.21,0.6451,1.0448,3.64,healthy_lifestyle
U2672,39,female,163,68.6,25.82,1349,1855,Light,2.5,1817,9089,423,84,3,8.6,-38,-2.05,252,28.0,132.49,0.6,1.104,27.04,0.7272,0.9795,5.04,healthy_lifestyle
U2673,23,male,177,73.0,23.3,1726,2675,Moderate,3.1,2806,8751,490,56,2,8.1,131,4.9,112,28.0,119.88,0.1,1.287,36.64,0.6452,1.049,8.75,healthy_lifestyle
U2674,55,female,168,48.6,17.22,1100,1705,Moderate,2.2,1642,9340,476,122,2,7.6,-63,-3.7,244,61.0,192.18,-0.4,1.372,35.08,0.6452,0.963,3.9,healthy_lifestyle
U2675,53,female,158,63.7,25.52,1198,1857,Moderate,2.5,1838,10599,401,70,3,8.1,-19,-1.02,210,23.33,166.39,0.1,1.189,29.15,0.6451,0.9898,5.73,healthy_lifestyle
U2676,30,male,183,59.8,17.86,1597,2196,Light,2.4,2304,7720,310,59,3,8.0,108,4.92,177,19.67,129.1,0.0,1.216,36.72,0.7272,1.0492,5.25,healthy_lifestyle
U2677,27,female,159,59.4,23.5,1292,2229,Active,1.9,2242,10102,325,66,3,8.3,13,0.58,198,22.0,170.07,0.3,0.969,37.53,0.5796,1.0058,4.92,healthy_lifestyle
U2678,36,female,171,63.0,21.55,1358,2105,Moderate,2.3,2272,7582,453,94,2,7.7,167,7.93,188,47.0,120.35,-0.3,1.106,33.41,0.6451,1.0793,4.82,healthy_lifestyle
U2679,54,male,177,89.8,28.66,1739,2391,Light,3.9,2368,10914,498,99,2,7.9,-23,-0.96,198,49.5,121.54,-0.1,1.316,26.63,0.7273,0.9904,5.03,healthy_lifestyle
U2680,24,female,156,76.8,31.56,1462,2266,Moderate,3.1,2286,10042,307,41,1,7.8,20,0.88,41,41.0,130.76,-0.2,1.223,29.51,0.6452,1.0088,7.49,healthy_lifestyle
U2681,21,male,167,67.7,24.27,1621,2513,Moderate,2.8,2681,8134,312,80,1,7.9,168,6.69,80,80.0,120.15,-0.1,1.253,37.12,0.645,1.0669,3.9,healthy_lifestyle
U2682,51,male,182,92.6,27.96,1814,2812,Moderate,3.7,2663,10576,495,114,3,7.5,-149,-5.3,342,38.0,114.21,-0.5,1.211,30.37,0.6451,0.947,4.34,healthy_lifestyle
U2683,32,female,171,80.6,27.56,1554,2409,Moderate,3.9,2271,9086,445,78,5,8.1,-138,-5.73,390,15.6,112.73,0.1,1.466,29.89,0.6451,0.9427,5.71,healthy_lifestyle
U2684,31,female,154,73.3,30.91,1380,1898,Light,2.8,1845,7403,289,84,4,8.0,-53,-2.79,336,21.0,101.0,0.0,1.158,25.89,0.7271,0.9721,3.44,healthy_lifestyle
U2685,29,female,157,56.1,22.76,1236,2132,Active,2.6,2193,8032,474,111,2,8.3,61,2.86,222,55.5,143.17,0.3,1.404,38.0,0.5797,1.0286,4.27,healthy_lifestyle
U2686,28,male,178,70.5,22.25,1682,2607,Moderate,2.8,2460,9916,457,106,3,7.8,-147,-5.64,318,35.33,140.65,-0.2,1.204,36.98,0.6452,0.9436,4.31,healthy_lifestyle
U2687,49,female,164,63.4,23.57,1253,1723,Light,2.9,1759,9654,409,110,2,7.7,36,2.09,220,55.0,152.27,-0.3,1.386,27.18,0.7272,1.0209,3.72,healthy_lifestyle
U2688,52,male,170,92.1,31.87,1728,2678,Moderate,3.2,2727,7177,244,35,2,8.1,49,1.83,70,17.5,77.93,0.1,1.053,29.08,0.6453,1.0183,6.97,healthy_lifestyle
U2689,22,female,168,73.2,25.94,1511,2342,Moderate,3.0,2507,8326,541,126,2,7.5,165,7.05,252,63.0,113.74,-0.5,1.242,31.99,0.6452,1.0705,4.29,healthy_lifestyle
U2690,28,female,155,57.9,24.1,1247,1933,Moderate,2.2,2004,8754,344,102,3,8.3,71,3.67,306,34.0,151.19,0.3,1.151,33.39,0.6451,1.0367,3.37,healthy_lifestyle
U2691,41,female,166,77.5,28.12,1446,2241,Moderate,3.1,2270,7865,416,142,3,8.3,29,1.29,426,47.33,101.48,0.3,1.212,28.92,0.6452,1.0129,2.93,healthy_lifestyle
U2692,54,male,189,62.5,17.5,1541,2389,Moderate,2.8,2503,11447,506,71,3,8.3,114,4.77,213,23.67,183.15,0.3,1.358,38.22,0.645,1.0477,7.13,healthy_lifestyle
U2693,18,male,183,60.9,18.19,1668,2585,Moderate,2.5,2634,8792,352,49,4,8.0,49,1.9,196,12.25,144.37,0.0,1.244,42.45,0.6453,1.019,7.18,healthy_lifestyle
U2694,36,female,160,57.6,22.5,1235,1698,Light,2.6,1671,9389,393,100,3,7.7,-27,-1.59,300,33.33,163.0,-0.3,1.368,29.48,0.7273,0.9841,3.93,healthy_lifestyle
U2695,18,female,153,47.0,20.08,1175,1821,Moderate,1.7,1748,9989,480,82,3,7.9,-73,-4.01,246,27.33,212.53,-0.1,1.096,38.74,0.6452,0.9599,5.85,healthy_lifestyle
U2696,52,female,162,64.1,24.42,1232,2125,Active,2.3,2083,8043,455,102,2,8.0,-42,-1.98,204,51.0,125.48,0.0,1.087,33.15,0.5798,0.9802,4.46,healthy_lifestyle
U2697,32,female,166,53.4,19.38,1250,1938,Moderate,2.1,1935,11047,556,133,2,7.6,-3,-0.15,266,66.5,206.87,-0.4,1.192,36.29,0.645,0.9985,4.18,healthy_lifestyle
U2698,27,female,159,54.2,21.44,1240,1922,Moderate,2.1,1934,6415,292,86,2,8.4,12,0.62,172,43.0,118.36,0.4,1.174,35.46,0.6452,1.0062,3.4,healthy_lifestyle
U2699,30,male,164,67.3,25.02,1553,2407,Moderate,2.6,2227,7933,341,83,4,8.1,-180,-7.48,332,20.75,117.88,0.1,1.171,35.77,0.6452,0.9252,4.11,healthy_lifestyle
U2700,22,female,152,80.8,34.97,1487,2305,Moderate,2.9,2287,9811,463,99,3,7.5,-18,-0.78,297,33.0,121.42,-0.5,1.088,28.53,0.6451,0.9922,4.68,healthy_lifestyle
U2701,23,male,176,75.3,24.31,1743,2702,Moderate,3.3,2705,11587,434,102,2,8.6,3,0.11,204,51.0,153.88,0.6,1.328,35.88,0.6451,1.0011,4.25,healthy_lifestyle
U2702,38,female,162,59.1,22.52,1252,1722,Light,2.3,1755,7533,425,81,3,7.9,33,1.92,243,27.0,127.46,-0.1,1.179,29.14,0.7271,1.0192,5.25,healthy_lifestyle
U2703,40,male,178,87.1,27.49,1788,2458,Light,3.9,2598,7388,487,111,2,7.4,140,5.7,222,55.5,84.82,-0.6,1.357,28.22,0.7274,1.057,4.39,healthy_lifestyle
U2704,26,female,168,61.0,21.61,1369,2122,Moderate,2.4,2136,9209,443,116,4,7.5,14,0.66,464,29.0,150.97,-0.5,1.192,34.79,0.6451,1.0066,3.82,healthy_lifestyle
U2705,23,male,186,88.5,25.58,1938,3004,Moderate,3.7,2908,7721,425,112,3,8.4,-96,-3.2,336,37.33,87.24,0.4,1.267,33.94,0.6451,0.968,3.79,healthy_lifestyle
U2706,18,female,170,84.9,29.38,1660,2282,Light,3.5,2137,8164,440,84,4,8.5,-145,-6.35,336,21.0,96.16,0.5,1.249,26.88,0.7274,0.9365,5.24,healthy_lifestyle
U2707,35,male,177,60.5,19.31,1541,2119,Light,2.2,2170,9596,459,41,4,8.2,51,2.41,164,10.25,158.61,0.2,1.102,35.02,0.7272,1.0241,11.2,healthy_lifestyle
U2708,53,female,163,60.6,22.81,1199,1858,Moderate,2.5,1801,9110,512,99,2,8.4,-57,-3.07,198,49.5,150.33,0.4,1.25,30.66,0.6453,0.9693,5.17,healthy_lifestyle
U2709,24,male,172,93.7,31.67,1897,2940,Moderate,4.4,3029,6043,196,71,3,8.3,89,3.03,213,23.67,64.49,0.3,1.423,31.38,0.6452,1.0303,2.76,healthy_lifestyle
U2710,28,female,176,65.6,21.18,1455,2255,Moderate,2.7,2365,6874,321,85,3,8.1,110,4.88,255,28.33,104.79,0.1,1.247,34.38,0.6452,1.0488,3.78,healthy_lifestyle
U2711,41,female,175,73.6,24.03,1464,2013,Light,3.2,1904,8512,396,73,3,8.0,-109,-5.41,219,24.33,115.65,0.0,1.318,27.35,0.7273,0.9459,5.42,healthy_lifestyle
U2712,29,female,169,64.5,22.58,1395,2162,Moderate,2.7,2204,6171,294,88,3,8.1,42,1.94,264,29.33,95.67,0.1,1.268,33.52,0.6452,1.0194,3.34,healthy_lifestyle
U2713,27,male,166,64.7,23.48,1554,2681,Active,2.6,2802,8129,443,65,2,8.1,121,4.51,130,32.5,125.64,0.1,1.218,41.44,0.5796,1.0451,6.82,healthy_lifestyle
U2714,30,female,165,56.4,20.72,1284,1990,Moderate,2.3,2061,6760,385,60,3,7.6,71,3.57,180,20.0,119.86,-0.4,1.236,35.28,0.6452,1.0357,6.42,healthy_lifestyle
U2715,19,male,172,60.2,20.35,1587,2460,Moderate,2.5,2280,11280,504,136,3,8.1,-180,-7.32,408,45.33,187.38,0.1,1.258,40.86,0.6451,0.9268,3.71,healthy_lifestyle
U2716,43,male,180,75.6,23.33,1671,2590,Moderate,3.2,2513,11206,431,67,3,8.4,-77,-2.97,201,22.33,148.23,0.4,1.283,34.26,0.6452,0.9703,6.43,healthy_lifestyle
U2717,33,male,167,80.0,28.69,1684,2610,Moderate,2.7,2493,7177,310,88,4,7.8,-117,-4.48,352,22.0,89.71,-0.2,1.023,32.62,0.6452,0.9552,3.52,healthy_lifestyle
U2718,52,male,184,61.7,18.22,1512,2079,Light,2.5,2117,8821,423,109,4,7.7,38,1.83,436,27.25,142.97,-0.3,1.228,33.7,0.7273,1.0183,3.88,healthy_lifestyle
U2719,42,male,180,64.0,19.75,1560,2418,Moderate,2.5,2453,7299,374,108,3,8.0,35,1.45,324,36.0,114.05,0.0,1.184,37.78,0.6452,1.0145,3.46,healthy_lifestyle
U2720,29,female,159,55.7,22.03,1245,2148,Active,2.1,1976,8113,459,105,4,7.6,-172,-8.01,420,26.25,145.66,-0.4,1.142,38.56,0.5796,0.9199,4.37,healthy_lifestyle
U2721,36,female,158,56.1,22.47,1208,1872,Moderate,2.5,1852,10754,421,95,4,7.3,-20,-1.07,380,23.75,191.69,-0.7,1.35,33.37,0.6453,0.9893,4.43,healthy_lifestyle
U2722,49,male,172,65.1,22.01,1486,2563,Active,2.4,2635,7917,255,104,4,8.3,72,2.81,416,26.0,121.61,0.3,1.117,39.37,0.5798,1.0281,2.45,healthy_lifestyle
U2723,55,male,163,101.4,38.16,1763,2733,Moderate,3.5,2747,8142,339,118,3,7.7,14,0.51,354,39.33,80.3,-0.3,1.046,26.95,0.6451,1.0051,2.87,healthy_lifestyle
U2724,19,male,166,67.1,24.35,1618,2508,Moderate,2.9,2521,7322,313,97,3,7.9,13,0.52,291,32.33,109.12,-0.1,1.31,37.38,0.6451,1.0052,3.23,healthy_lifestyle
U2725,28,female,160,55.8,21.8,1257,1728,Light,1.9,1706,9933,336,48,4,7.6,-22,-1.27,192,12.0,178.01,-0.4,1.032,30.97,0.7274,0.9873,7.0,healthy_lifestyle
U2726,39,female,168,78.7,27.88,1481,2296,Moderate,2.5,2211,5600,296,76,3,8.3,-85,-3.7,228,25.33,71.16,0.3,0.963,29.17,0.645,0.963,3.89,healthy_lifestyle
U2727,40,female,172,66.8,22.58,1382,1900,Light,2.9,1899,7947,339,103,2,8.2,-1,-0.05,206,51.5,118.97,0.2,1.316,28.44,0.7274,0.9995,3.29,healthy_lifestyle
U2728,52,female,169,69.0,24.16,1325,2054,Moderate,2.8,2058,7310,241,57,3,7.8,4,0.19,171,19.0,105.94,-0.2,1.23,29.77,0.6451,1.0019,4.23,healthy_lifestyle
U2729,24,female,163,58.9,22.17,1327,2057,Moderate,2.4,2101,8660,424,139,3,7.4,44,2.14,417,46.33,147.03,-0.6,1.235,34.92,0.6451,1.0214,3.05,healthy_lifestyle
U2730,56,female,165,61.8,22.7,1208,1872,Moderate,2.3,1918,10678,426,108,2,7.7,46,2.46,216,54.0,172.78,-0.3,1.128,30.29,0.6453,1.0246,3.94,healthy_lifestyle
U2731,38,female,163,75.1,28.27,1419,2199,Moderate,2.6,2206,10003,409,90,3,8.1,7,0.32,270,30.0,133.2,0.1,1.049,29.28,0.6453,1.0032,4.54,healthy_lifestyle
U2732,53,female,161,64.6,24.92,1226,1686,Light,2.3,1751,6735,344,113,4,7.9,65,3.86,452,28.25,104.26,-0.1,1.079,26.1,0.7272,1.0386,3.04,healthy_lifestyle
U2733,31,male,189,86.4,24.19,1895,2937,Moderate,3.3,2898,11117,502,84,2,7.9,-39,-1.33,168,42.0,128.67,-0.1,1.157,33.99,0.6452,0.9867,5.98,healthy_lifestyle
U2734,39,male,192,87.7,23.79,1887,3255,Active,3.0,3090,6721,290,92,4,7.9,-165,-5.07,368,23.0,76.64,-0.1,1.037,37.12,0.5797,0.9493,3.15,healthy_lifestyle
U2735,33,male,176,66.1,21.34,1601,2201,Light,2.7,2238,10111,451,108,1,8.1,37,1.68,108,108.0,152.97,0.1,1.238,33.3,0.7274,1.0168,4.18,healthy_lifestyle
U2736,25,female,164,57.2,21.27,1311,2032,Moderate,2.2,2041,8687,317,56,3,7.8,9,0.44,168,18.67,151.87,-0.2,1.166,35.52,0.6452,1.0044,5.66,healthy_lifestyle
U2737,46,male,166,84.6,30.7,1658,2570,Moderate,3.4,2615,8798,465,101,4,8.0,45,1.75,404,25.25,104.0,0.0,1.218,30.38,0.6451,1.0175,4.6,healthy_lifestyle
U2738,47,female,168,70.8,25.09,1362,2111,Moderate,2.8,2018,7988,395,106,3,7.5,-93,-4.41,318,35.33,112.82,-0.5,1.198,29.82,0.6452,0.9559,3.73,healthy_lifestyle
U2739,27,male,170,70.0,24.22,1632,2530,Moderate,2.9,2689,8458,449,89,3,8.8,159,6.28,267,29.67,120.83,0.8,1.255,36.14,0.6451,1.0628,5.04,healthy_lifestyle
U2740,41,male,178,61.0,19.25,1522,2359,Moderate,2.5,2418,8761,385,120,4,7.7,59,2.5,480,30.0,143.62,-0.3,1.242,38.67,0.6452,1.025,3.21,healthy_lifestyle
U2741,50,male,160,70.7,27.62,1462,2266,Moderate,2.7,2243,7350,300,53,2,7.9,-23,-1.02,106,26.5,103.96,-0.1,1.157,32.05,0.6452,0.9898,5.66,healthy_lifestyle
U2742,26,male,167,65.4,23.45,1573,2438,Moderate,2.6,2358,8956,342,68,3,8.1,-80,-3.28,204,22.67,136.94,0.1,1.205,37.28,0.6452,0.9672,5.03,healthy_lifestyle
U2743,28,female,159,58.4,23.1,1277,1979,Moderate,2.4,2054,7537,321,105,3,7.7,75,3.79,315,35.0,129.06,-0.3,1.245,33.89,0.6453,1.0379,3.06,healthy_lifestyle
U2744,30,female,157,56.2,22.8,1232,2125,Active,1.7,2043,6981,372,107,4,7.9,-82,-3.86,428,26.75,124.22,-0.1,0.917,37.81,0.5798,0.9614,3.48,healthy_lifestyle
U2745,26,female,172,62.2,21.02,1406,2425,Active,2.6,2617,8110,501,105,2,7.8,192,7.92,210,52.5,130.39,-0.2,1.267,38.99,0.5798,1.0792,4.77,healthy_lifestyle
U2746,37,female,177,73.2,23.36,1492,2052,Light,2.9,2008,7063,315,97,3,7.5,-44,-2.14,291,32.33,96.49,-0.5,1.201,28.03,0.7271,0.9786,3.25,healthy_lifestyle
U2747,39,male,173,92.9,31.04,1820,2821,Moderate,3.9,2991,7975,393,104,2,8.0,170,6.03,208,52.0,85.84,0.0,1.272,30.37,0.6452,1.0603,3.78,healthy_lifestyle
U2748,37,female,165,59.2,21.74,1277,1979,Moderate,2.0,1966,9041,308,70,2,7.2,-13,-0.66,140,35.0,152.72,-0.8,1.024,33.43,0.6453,0.9934,4.4,healthy_lifestyle
U2749,36,female,176,66.8,21.57,1427,2212,Moderate,2.6,2334,8651,291,72,4,8.5,122,5.52,288,18.0,129.51,0.5,1.179,33.11,0.6451,1.0552,4.04,healthy_lifestyle
U2750,18,male,169,66.3,23.21,1634,2533,Moderate,2.3,2468,10968,428,92,3,8.2,-65,-2.57,276,30.67,165.43,0.2,1.051,38.21,0.6451,0.9743,4.65,healthy_lifestyle
U2751,39,male,176,91.7,29.6,1827,2832,Moderate,3.9,2834,5737,315,108,3,8.1,2,0.07,324,36.0,62.56,0.1,1.289,30.88,0.6451,1.0007,2.92,healthy_lifestyle
U2752,58,female,169,50.9,17.82,1114,1727,Moderate,1.7,1776,7900,283,44,3,7.2,49,2.84,132,14.67,155.21,-0.8,1.012,33.93,0.645,1.0284,6.43,healthy_lifestyle
U2753,43,female,169,68.0,23.81,1360,2108,Moderate,2.4,2157,8508,373,84,3,7.5,49,2.32,252,28.0,125.12,-0.5,1.07,31.0,0.6452,1.0232,4.44,healthy_lifestyle
U2754,40,male,178,68.7,21.68,1604,2486,Moderate,2.9,2582,9520,324,83,3,8.4,96,3.86,249,27.67,138.57,0.4,1.279,36.19,0.6452,1.0386,3.9,healthy_lifestyle
U2755,24,female,164,59.8,22.23,1342,2315,Active,2.2,2276,9396,398,97,2,8.8,-39,-1.68,194,48.5,157.12,0.8,1.115,38.71,0.5797,0.9832,4.1,healthy_lifestyle
U2756,21,male,188,68.5,19.38,1760,3036,Active,2.5,3045,8294,413,88,3,8.3,9,0.3,264,29.33,121.08,0.3,1.106,44.32,0.5797,1.003,4.69,healthy_lifestyle
U2757,31,female,155,54.6,22.73,1199,1649,Light,2.4,1721,8716,305,76,3,8.2,72,4.37,228,25.33,159.63,0.2,1.332,30.2,0.7271,1.0437,4.01,healthy_lifestyle
U2758,56,female,168,61.8,21.9,1227,1902,Moderate,2.7,1855,7570,386,115,2,8.0,-47,-2.47,230,57.5,122.49,0.0,1.324,30.78,0.6451,0.9753,3.36,healthy_lifestyle
U2759,40,female,169,65.5,22.93,1350,2092,Moderate,2.8,2134,9267,412,76,3,7.5,42,2.01,228,25.33,141.48,-0.5,1.295,31.94,0.6453,1.0201,5.42,healthy_lifestyle
U2760,26,female,164,55.3,20.56,1287,1995,Moderate,2.4,1980,6151,269,82,3,8.2,-15,-0.75,246,27.33,111.23,0.2,1.315,36.08,0.6451,0.9925,3.28,healthy_lifestyle
U2761,30,male,181,67.2,20.51,1658,2570,Moderate,2.6,2589,9471,385,53,3,7.4,19,0.74,159,17.67,140.94,-0.6,1.172,38.24,0.6451,1.0074,7.26,healthy_lifestyle
U2762,53,female,167,71.0,25.46,1328,2291,Active,2.8,2298,8471,282,72,3,7.4,7,0.31,216,24.0,119.31,-0.6,1.195,32.27,0.5797,1.0031,3.92,healthy_lifestyle
U2763,54,male,164,78.2,29.07,1542,2120,Light,2.9,2062,7891,439,99,5,7.4,-58,-2.74,495,19.8,100.91,-0.6,1.124,27.11,0.7274,0.9726,4.43,healthy_lifestyle
U2764,20,male,164,100.4,37.33,1934,2998,Moderate,4.0,2971,8209,414,95,5,8.2,-27,-0.9,475,19.0,81.76,0.2,1.207,29.86,0.6451,0.991,4.36,healthy_lifestyle
U2765,56,male,183,76.2,22.75,1631,2813,Active,2.9,2827,8301,409,101,2,7.8,14,0.5,202,50.5,108.94,-0.2,1.153,36.92,0.5798,1.005,4.05,healthy_lifestyle
U2766,24,male,173,64.8,21.65,1614,2502,Moderate,2.5,2493,8951,448,76,2,7.9,-9,-0.36,152,38.0,138.13,-0.1,1.169,38.61,0.6451,0.9964,5.89,healthy_lifestyle
U2767,60,male,183,88.8,26.52,1737,2388,Light,3.7,2519,11600,538,134,2,7.8,131,5.49,268,67.0,130.63,-0.2,1.263,26.89,0.7274,1.0549,4.01,healthy_lifestyle
U2768,24,female,155,78.1,32.51,1469,2277,Moderate,3.5,2357,10025,378,72,4,7.4,80,3.51,288,18.0,128.36,-0.6,1.358,29.15,0.6451,1.0351,5.25,healthy_lifestyle
U2769,39,female,173,66.8,22.32,1393,2159,Moderate,2.8,2181,7793,390,52,3,7.6,22,1.02,156,17.33,116.66,-0.4,1.27,32.32,0.6452,1.0102,7.5,healthy_lifestyle
U2770,35,female,173,68.6,22.92,1431,2218,Moderate,3.2,2159,9287,481,65,3,7.6,-59,-2.66,195,21.67,135.38,-0.4,1.414,32.33,0.6452,0.9734,7.4,healthy_lifestyle
U2771,33,female,172,73.0,24.68,1479,2292,Moderate,2.7,2226,9342,355,73,5,7.3,-66,-2.88,365,14.6,127.97,-0.7,1.121,31.4,0.6453,0.9712,4.86,healthy_lifestyle
U2772,31,female,170,61.3,21.21,1360,2108,Moderate,2.0,2254,7344,318,67,3,7.7,146,6.93,201,22.33,119.8,-0.3,0.989,34.39,0.6452,1.0693,4.75,healthy_lifestyle
U2773,48,female,163,76.5,28.79,1383,1902,Light,3.2,1835,6924,405,90,4,7.4,-67,-3.52,360,22.5,90.51,-0.6,1.268,24.86,0.7271,0.9648,4.5,healthy_lifestyle
U2774,24,female,153,77.7,33.19,1452,2251,Moderate,2.8,2260,9135,484,138,3,8.1,9,0.4,414,46.0,117.57,0.1,1.092,28.97,0.645,1.004,3.51,healthy_lifestyle
U2775,29,male,182,71.9,21.71,1716,2660,Moderate,2.8,2694,9510,507,122,3,8.1,34,1.28,366,40.67,132.27,0.1,1.18,37.0,0.6451,1.0128,4.16,healthy_lifestyle
U2776,25,female,157,72.1,29.25,1416,2443,Active,2.3,2416,7537,446,114,4,7.4,-27,-1.11,456,28.5,104.54,-0.6,0.967,33.88,0.5796,0.9889,3.91,healthy_lifestyle
U2777,31,female,159,56.3,22.27,1241,1924,Moderate,2.0,1857,7599,406,135,2,7.7,-67,-3.48,270,67.5,134.97,-0.3,1.076,34.17,0.645,0.9652,3.01,healthy_lifestyle
U2778,58,male,189,75.3,21.08,1649,2267,Light,2.5,2205,9216,424,80,4,8.6,-62,-2.73,320,20.0,122.39,0.6,1.006,30.11,0.7274,0.9727,5.3,healthy_lifestyle
U2779,44,female,164,87.0,32.35,1514,2347,Moderate,3.3,2302,8552,337,52,3,7.5,-45,-1.92,156,17.33,98.3,-0.5,1.149,26.98,0.6451,0.9808,6.48,healthy_lifestyle
U2780,32,male,184,96.9,28.62,1964,3044,Moderate,3.7,2968,10270,413,111,3,8.0,-76,-2.5,333,37.0,105.99,0.0,1.157,31.41,0.6452,0.975,3.72,healthy_lifestyle
U2781,40,female,159,69.9,27.65,1332,1832,Light,2.8,1917,6736,222,48,2,7.9,85,4.64,96,24.0,96.37,-0.1,1.214,26.21,0.7271,1.0464,4.62,healthy_lifestyle
U2782,53,female,163,62.4,23.49,1217,2099,Active,2.8,2098,11440,417,71,2,8.3,-1,-0.05,142,35.5,183.33,0.3,1.36,33.64,0.5798,0.9995,5.87,healthy_lifestyle
U2783,42,female,170,66.5,23.01,1356,2102,Moderate,2.8,2063,6578,402,99,3,8.0,-39,-1.86,297,33.0,98.92,0.0,1.276,31.61,0.6451,0.9814,4.06,healthy_lifestyle
U2784,18,male,170,64.3,22.25,1620,2511,Moderate,2.1,2520,5964,365,86,1,7.7,9,0.36,86,86.0,92.75,-0.3,0.99,39.05,0.6452,1.0036,4.24,healthy_lifestyle
U2785,40,male,175,67.0,21.88,1569,2157,Light,2.8,2207,9543,484,101,3,7.9,50,2.32,303,33.67,142.43,-0.1,1.266,32.19,0.7274,1.0232,4.79,healthy_lifestyle
U2786,47,female,174,49.4,16.32,1186,1631,Light,2.0,1611,7082,333,62,3,7.9,-20,-1.23,186,20.67,143.36,-0.1,1.227,33.02,0.7272,0.9877,5.37,healthy_lifestyle
U2787,56,male,165,104.2,38.27,1798,2787,Moderate,4.1,2875,9442,480,112,4,7.8,88,3.16,448,28.0,90.61,-0.2,1.192,26.75,0.6451,1.0316,4.29,healthy_lifestyle
U2788,34,male,171,72.8,24.9,1632,2530,Moderate,2.9,2417,8408,438,110,3,7.3,-113,-4.47,330,36.67,115.49,-0.7,1.207,34.75,0.6451,0.9553,3.98,healthy_lifestyle
U2789,36,female,172,67.7,22.88,1411,1940,Light,2.7,2020,8255,406,88,2,8.3,80,4.12,176,44.0,121.94,0.3,1.209,28.66,0.7273,1.0412,4.61,healthy_lifestyle
U2790,20,female,166,59.6,21.63,1372,2127,Moderate,2.2,2126,7447,358,70,3,8.3,-1,-0.05,210,23.33,124.95,0.3,1.119,35.69,0.645,0.9995,5.11,healthy_lifestyle
U2791,51,female,162,61.5,23.43,1212,1666,Light,2.4,1663,9041,289,61,3,7.5,-3,-0.18,183,20.33,147.01,-0.5,1.183,27.09,0.7275,0.9982,4.74,healthy_lifestyle
U2792,50,female,163,64.8,24.39,1256,1727,Light,2.9,1685,8103,308,70,4,7.7,-42,-2.43,280,17.5,125.05,-0.3,1.356,26.65,0.7273,0.9757,4.4,healthy_lifestyle
U2793,29,female,171,62.8,21.48,1391,2156,Moderate,2.3,2063,9880,390,97,2,7.8,-93,-4.31,194,48.5,157.32,-0.2,1.11,34.33,0.6452,0.9569,4.02,healthy_lifestyle
U2794,54,female,164,61.2,22.75,1206,1869,Moderate,2.2,1760,8275,458,96,2,7.4,-109,-5.83,192,48.0,135.21,-0.6,1.089,30.54,0.6453,0.9417,4.77,healthy_lifestyle
U2795,36,female,156,53.9,22.15,1173,1818,Moderate,2.1,1769,7294,418,70,2,7.1,-49,-2.7,140,35.0,135.32,-0.9,1.181,33.73,0.6452,0.973,5.97,healthy_lifestyle
U2796,28,female,160,58.3,22.77,1282,1987,Moderate,2.0,2028,6390,133,39,2,7.6,41,2.06,78,19.5,109.61,-0.4,1.04,34.08,0.6452,1.0206,3.41,healthy_lifestyle
U2797,56,male,173,97.7,32.64,1783,2764,Moderate,3.2,2671,8285,485,97,3,7.7,-93,-3.36,291,32.33,84.8,-0.3,0.993,28.29,0.6451,0.9664,5.0,healthy_lifestyle
U2798,59,male,174,101.3,33.46,1810,2806,Moderate,3.9,2654,6913,318,68,3,7.3,-152,-5.42,204,22.67,68.24,-0.7,1.167,27.7,0.645,0.9458,4.68,healthy_lifestyle
U2799,39,male,188,63.7,18.02,1622,2230,Light,2.9,2159,7635,482,127,4,7.9,-71,-3.18,508,31.75,119.86,-0.1,1.38,35.01,0.7274,0.9682,3.8,healthy_lifestyle
U2800,27,female,172,63.3,21.4,1412,1942,Light,2.5,1916,7943,356,58,4,8.3,-26,-1.34,232,14.5,125.48,0.3,1.197,30.68,0.7271,0.9866,6.14,healthy_lifestyle
U2801,49,female,163,62.9,23.67,1242,1708,Light,2.5,1687,6278,370,66,5,8.2,-21,-1.23,330,13.2,99.81,0.2,1.204,27.15,0.7272,0.9877,5.61,healthy_lifestyle
U2802,28,male,168,66.8,23.67,1583,2454,Moderate,2.1,2443,10265,461,91,3,7.8,-11,-0.45,273,30.33,153.67,-0.2,0.953,36.74,0.6451,0.9955,5.07,healthy_lifestyle
U2803,58,male,173,96.7,32.31,1763,2733,Moderate,4.0,2832,8700,403,140,3,7.2,99,3.62,420,46.67,89.97,-0.8,1.253,28.26,0.6451,1.0362,2.88,healthy_lifestyle
U2804,51,male,177,80.7,25.76,1663,2287,Light,3.2,2387,7395,356,90,2,8.1,100,4.37,180,45.0,91.64,0.1,1.202,28.34,0.7272,1.0437,3.96,healthy_lifestyle
U2805,32,female,173,69.3,23.15,1453,2252,Moderate,2.6,2410,7207,386,91,4,7.9,158,7.02,364,22.75,104.0,-0.1,1.137,32.5,0.6452,1.0702,4.24,healthy_lifestyle
U2806,48,male,169,103.0,36.06,1851,2869,Moderate,4.2,2706,9455,421,96,3,8.0,-163,-5.68,288,32.0,91.8,0.0,1.236,27.85,0.6452,0.9432,4.39,healthy_lifestyle
U2807,40,female,161,69.2,26.7,1337,1838,Light,2.8,1783,8496,367,49,4,8.6,-55,-2.99,196,12.25,122.77,0.6,1.226,26.56,0.7274,0.9701,7.49,healthy_lifestyle
U2808,52,male,179,80.3,25.06,1667,2292,Light,2.8,2348,7642,323,63,2,7.5,56,2.44,126,31.5,95.17,-0.5,1.057,28.54,0.7273,1.0244,5.13,healthy_lifestyle
U2809,28,female,176,81.2,26.21,1611,2497,Moderate,3.3,2457,8750,284,35,3,6.8,-40,-1.6,105,11.67,107.76,-1.2,1.232,30.75,0.6452,0.984,8.11,healthy_lifestyle
U2810,20,female,171,85.2,29.14,1660,2282,Light,3.8,2351,6397,327,126,3,7.4,69,3.02,378,42.0,75.08,-0.6,1.352,26.78,0.7274,1.0302,2.6,healthy_lifestyle
U2811,18,male,174,90.7,29.96,1910,2960,Moderate,3.5,2981,6456,361,122,3,8.0,21,0.71,366,40.67,71.18,0.0,1.169,32.64,0.6453,1.0071,2.96,healthy_lifestyle
U2812,29,female,173,82.9,27.7,1604,2206,Light,3.0,2328,7100,375,97,2,7.9,122,5.53,194,48.5,85.65,-0.1,1.097,26.61,0.7271,1.0553,3.87,healthy_lifestyle
U2813,21,female,157,52.2,21.18,1237,2134,Active,2.0,2212,8937,301,91,4,7.4,78,3.66,364,22.75,171.21,-0.6,1.161,40.88,0.5797,1.0366,3.31,healthy_lifestyle
U2814,30,female,151,73.7,32.32,1370,2124,Moderate,3.2,2203,8496,296,54,5,7.3,79,3.72,270,10.8,115.28,-0.7,1.316,28.82,0.645,1.0372,5.48,healthy_lifestyle
U2815,19,female,168,58.3,20.66,1377,2134,Moderate,2.0,2103,9811,313,83,2,7.7,-31,-1.45,166,41.5,168.28,-0.3,1.04,36.6,0.6453,0.9855,3.77,healthy_lifestyle
U2816,26,female,153,82.5,35.24,1490,2310,Moderate,3.5,2302,6246,327,112,4,7.4,-8,-0.35,448,28.0,75.71,-0.6,1.286,28.0,0.645,0.9965,2.92,healthy_lifestyle
U2817,22,female,166,74.2,26.93,1508,2337,Moderate,2.7,2312,9218,483,91,1,8.0,-25,-1.07,91,91.0,124.23,0.0,1.103,31.5,0.6453,0.9893,5.31,healthy_lifestyle
U2818,51,male,186,62.9,18.18,1542,2660,Active,2.6,2520,8358,303,76,4,7.7,-140,-5.26,304,19.0,132.88,-0.3,1.253,42.29,0.5797,0.9474,3.99,healthy_lifestyle
U2819,26,female,165,55.8,20.5,1298,2239,Active,2.1,2354,7321,334,49,2,7.6,115,5.14,98,24.5,131.2,-0.4,1.14,40.13,0.5797,1.0514,6.82,healthy_lifestyle
U2820,30,female,160,58.4,22.81,1273,1973,Moderate,2.2,2024,8982,609,118,3,7.6,51,2.58,354,39.33,153.8,-0.4,1.142,33.78,0.6452,1.0258,5.16,healthy_lifestyle
U2821,38,male,178,63.6,20.07,1564,2150,Light,2.9,2124,7361,398,63,2,7.9,-26,-1.21,126,31.5,115.74,-0.1,1.382,33.81,0.7274,0.9879,6.32,healthy_lifestyle
U2822,57,female,169,50.3,17.61,1113,1725,Moderate,1.7,1804,6609,244,25,3,7.9,79,4.58,75,8.33,131.39,-0.1,1.024,34.29,0.6452,1.0458,9.76,healthy_lifestyle
U2823,52,female,165,62.3,22.88,1233,1911,Moderate,2.6,1869,9254,464,90,4,7.9,-42,-2.2,360,22.5,148.54,-0.1,1.265,30.67,0.6452,0.978,5.16,healthy_lifestyle
U2824,26,female,171,62.5,21.37,1403,2175,Moderate,2.9,2035,7092,209,46,2,7.9,-140,-6.44,92,23.0,113.47,-0.1,1.406,34.8,0.6451,0.9356,4.54,healthy_lifestyle
U2825,29,female,160,58.4,22.81,1278,1981,Moderate,2.5,2051,8308,294,85,3,7.8,70,3.53,255,28.33,142.26,-0.2,1.297,33.92,0.6451,1.0353,3.46,healthy_lifestyle
U2826,39,female,171,66.8,22.84,1381,2141,Moderate,2.3,2045,7984,385,93,3,7.5,-96,-4.48,279,31.0,119.52,-0.5,1.043,32.05,0.645,0.9552,4.14,healthy_lifestyle
U2827,49,female,170,76.7,26.54,1424,2207,Moderate,2.6,2192,6869,347,77,4,7.6,-15,-0.68,308,19.25,89.56,-0.4,1.027,28.77,0.6452,0.9932,4.51,healthy_lifestyle
U2828,49,male,184,64.7,19.11,1557,2413,Moderate,2.4,2430,8593,481,105,3,7.7,17,0.7,315,35.0,132.81,-0.3,1.124,37.3,0.6453,1.007,4.58,healthy_lifestyle
U2829,34,male,178,90.9,28.69,1856,2877,Moderate,3.7,2916,7497,333,90,2,8.6,39,1.36,180,45.0,82.48,0.6,1.233,31.65,0.6451,1.0136,3.7,healthy_lifestyle
U2830,27,female,169,62.4,21.85,1384,2145,Moderate,2.5,2209,7225,399,111,3,7.3,64,2.98,333,37.0,115.79,-0.7,1.214,34.38,0.6452,1.0298,3.59,healthy_lifestyle
U2831,31,female,157,58.1,23.57,1246,1931,Moderate,2.0,1970,8199,379,80,4,7.7,39,2.02,320,20.0,141.12,-0.3,1.043,33.24,0.6453,1.0202,4.74,healthy_lifestyle
U2832,32,female,167,81.9,29.37,1542,2390,Moderate,3.0,2436,9418,500,145,4,7.9,46,1.92,580,36.25,114.99,-0.1,1.11,29.18,0.6452,1.0192,3.45,healthy_lifestyle
U2833,33,female,173,65.1,21.75,1406,1933,Light,2.4,1880,8732,376,76,2,7.7,-53,-2.74,152,38.0,134.13,-0.3,1.117,29.69,0.7274,0.9726,4.95,healthy_lifestyle
U2834,30,male,175,91.3,29.81,1862,2886,Moderate,3.6,2916,7836,293,68,3,8.3,30,1.04,204,22.67,85.83,0.3,1.195,31.61,0.6452,1.0104,4.31,healthy_lifestyle
U2835,49,female,164,62.9,23.39,1248,1716,Light,3.0,1626,8586,411,89,3,7.7,-90,-5.24,267,29.67,136.5,-0.3,1.445,27.28,0.7273,0.9476,4.62,healthy_lifestyle
U2836,22,female,162,56.6,21.57,1308,2027,Moderate,2.0,2138,9295,418,83,3,7.8,111,5.48,249,27.67,164.22,-0.2,1.071,35.81,0.6453,1.0548,5.04,healthy_lifestyle
U2837,58,female,167,46.7,16.74,1060,1643,Moderate,1.7,1562,5600,221,50,2,8.2,-81,-4.93,100,25.0,119.91,0.2,1.103,35.18,0.6452,0.9507,4.42,healthy_lifestyle
U2838,38,female,166,75.3,27.33,1440,2232,Moderate,2.6,2205,9497,467,94,2,8.5,-27,-1.21,188,47.0,126.12,0.5,1.046,29.64,0.6452,0.9879,4.97,healthy_lifestyle
U2839,25,female,167,62.7,22.48,1385,2147,Moderate,2.6,2048,4972,261,36,4,8.4,-99,-4.61,144,9.0,79.3,0.4,1.257,34.24,0.6451,0.9539,7.25,healthy_lifestyle
U2840,25,male,187,59.1,16.9,1640,2829,Active,2.3,2757,6731,382,92,3,7.8,-72,-2.55,276,30.67,113.89,-0.2,1.179,47.87,0.5797,0.9745,4.15,healthy_lifestyle
U2841,23,female,156,51.4,21.12,1213,1880,Moderate,1.9,1881,7857,268,58,3,7.8,1,0.05,174,19.33,152.86,-0.2,1.12,36.58,0.6452,1.0005,4.62,healthy_lifestyle
U2842,26,female,161,58.1,22.41,1296,2009,Moderate,2.2,1972,9987,403,63,3,7.9,-37,-1.84,189,21.0,171.89,-0.1,1.147,34.58,0.6451,0.9816,6.4,healthy_lifestyle
U2843,55,male,181,62.6,19.11,1487,2305,Moderate,2.3,2397,10597,424,101,5,7.9,92,3.99,505,20.2,169.28,-0.1,1.113,36.82,0.6451,1.0399,4.2,healthy_lifestyle
U2844,40,female,165,79.0,29.02,1460,2263,Moderate,3.2,2281,9383,502,139,3,7.5,18,0.8,417,46.33,118.77,-0.5,1.227,28.65,0.6452,1.008,3.61,healthy_lifestyle
U2845,27,male,175,73.9,24.13,1703,2640,Moderate,3.6,2597,7890,263,49,4,8.2,-43,-1.63,196,12.25,106.77,0.2,1.476,35.72,0.6451,0.9837,5.37,healthy_lifestyle
U2846,53,male,163,89.5,33.69,1654,2853,Active,3.7,2840,6172,387,85,3,7.9,-13,-0.46,255,28.33,68.96,-0.1,1.253,31.88,0.5797,0.9954,4.55,healthy_lifestyle
U2847,36,female,174,64.5,21.3,1392,1914,Light,2.5,1996,9715,474,90,3,7.8,82,4.28,270,30.0,150.62,-0.2,1.175,29.67,0.7273,1.0428,5.27,healthy_lifestyle
U2848,38,female,174,73.7,24.34,1474,2285,Moderate,2.7,2358,7813,405,69,3,7.4,73,3.19,207,23.0,106.01,-0.6,1.11,31.0,0.6451,1.0319,5.87,healthy_lifestyle
U2849,22,male,173,57.2,19.11,1548,2399,Moderate,2.0,2303,8155,444,91,2,7.9,-96,-4.0,182,45.5,142.57,-0.1,1.06,41.94,0.6453,0.96,4.88,healthy_lifestyle
U2850,27,female,161,61.7,23.8,1327,1825,Light,2.6,1782,9599,459,120,3,7.1,-43,-2.36,360,40.0,155.58,-0.9,1.277,29.58,0.7271,0.9764,3.82,healthy_lifestyle
U2851,41,female,163,69.7,26.23,1350,2092,Moderate,2.9,2127,7911,333,77,4,7.6,35,1.67,308,19.25,113.5,-0.4,1.261,30.01,0.6453,1.0167,4.32,healthy_lifestyle
U2852,45,male,172,98.7,33.36,1842,2855,Moderate,3.7,2890,9587,596,137,2,7.6,35,1.23,274,68.5,97.13,-0.4,1.136,28.93,0.6452,1.0123,4.35,healthy_lifestyle
U2853,29,female,159,56.8,22.47,1256,1947,Moderate,2.5,1875,6080,324,97,3,8.0,-72,-3.7,291,32.33,107.04,0.0,1.334,34.28,0.6451,0.963,3.34,healthy_lifestyle
U2854,30,female,166,63.5,23.04,1362,1873,Light,2.5,1922,8594,286,66,4,8.6,49,2.62,264,16.5,135.34,0.6,1.193,29.5,0.7272,1.0262,4.33,healthy_lifestyle
U2855,35,female,171,62.7,21.44,1360,2108,Moderate,2.7,2042,7401,401,80,2,8.1,-66,-3.13,160,40.0,118.04,0.1,1.305,33.62,0.6452,0.9687,5.01,healthy_lifestyle
U2856,39,female,167,74.6,26.75,1434,2223,Moderate,3.0,2324,7988,356,70,4,8.4,101,4.54,280,17.5,107.08,0.4,1.219,29.8,0.6451,1.0454,5.09,healthy_lifestyle
U2857,45,female,158,66.9,26.8,1270,1968,Moderate,2.6,2004,8881,514,106,3,8.1,36,1.83,318,35.33,132.75,0.1,1.178,29.42,0.6453,1.0183,4.85,healthy_lifestyle
U2858,34,male,179,95.5,29.81,1909,2959,Moderate,3.4,2842,7103,307,52,3,8.3,-117,-3.95,156,17.33,74.38,0.3,1.079,30.98,0.6452,0.9605,5.9,healthy_lifestyle
U2859,31,female,156,55.5,22.81,1214,1882,Moderate,2.2,1847,8705,350,58,1,8.6,-35,-1.86,58,58.0,156.85,0.6,1.201,33.91,0.6451,0.9814,6.03,healthy_lifestyle
U2860,32,female,168,64.3,22.78,1372,2367,Active,2.8,2322,8235,447,75,3,7.6,-45,-1.9,225,25.0,128.07,-0.4,1.32,36.81,0.5796,0.981,5.96,healthy_lifestyle
U2861,38,male,179,88.4,27.59,1818,2818,Moderate,3.3,2834,7674,305,103,3,7.5,16,0.57,309,34.33,86.81,-0.5,1.131,31.88,0.6451,1.0057,2.96,healthy_lifestyle
U2862,56,male,185,61.8,18.06,1499,2061,Light,2.6,2046,8940,434,128,4,8.1,-15,-0.73,512,32.0,144.66,0.1,1.275,33.35,0.7273,0.9927,3.39,healthy_lifestyle
U2863,47,female,166,64.0,23.23,1282,1763,Light,2.3,1692,8964,437,140,3,7.8,-71,-4.03,420,46.67,140.06,-0.2,1.089,27.55,0.7272,0.9597,3.12,healthy_lifestyle
U2864,58,male,163,81.9,30.83,1553,2679,Active,3.5,2548,7540,260,100,4,7.9,-131,-4.89,400,25.0,92.06,-0.1,1.295,32.71,0.5797,0.9511,2.6,healthy_lifestyle
U2865,24,female,155,68.4,28.47,1372,2127,Moderate,2.8,2168,8509,437,86,2,7.8,41,1.93,172,43.0,124.4,-0.2,1.24,31.1,0.645,1.0193,5.08,healthy_lifestyle
U2866,24,female,162,61.4,23.4,1346,2086,Moderate,2.1,2107,8152,377,105,3,7.6,21,1.01,315,35.0,132.77,-0.4,1.036,33.97,0.6453,1.0101,3.59,healthy_lifestyle
U2867,20,male,173,91.3,30.51,1899,2943,Moderate,3.5,2954,7736,380,63,4,8.5,11,0.37,252,15.75,84.73,0.5,1.162,32.23,0.6453,1.0037,6.03,healthy_lifestyle
U2868,51,female,158,51.8,20.75,1090,1499,Light,2.2,1513,10487,409,47,2,7.4,14,0.93,94,23.5,202.45,-0.6,1.287,28.94,0.7272,1.0093,8.7,healthy_lifestyle
U2869,31,female,168,67.4,23.88,1408,2182,Moderate,2.3,2135,9019,456,98,4,8.1,-47,-2.15,392,24.5,133.81,0.1,1.034,32.37,0.6453,0.9785,4.65,healthy_lifestyle
U2870,21,female,159,69.1,27.33,1419,2199,Moderate,2.4,2213,8022,318,66,4,8.0,14,0.64,264,16.5,116.09,0.0,1.052,31.82,0.6453,1.0064,4.82,healthy_lifestyle
U2871,18,female,173,81.7,27.3,1647,2841,Active,3.2,3068,8682,353,87,3,7.2,227,7.99,261,29.0,106.27,-0.8,1.187,34.77,0.5797,1.0799,4.06,healthy_lifestyle
U2872,27,female,160,57.7,22.54,1281,1986,Moderate,2.8,2068,7894,400,102,3,7.5,82,4.13,306,34.0,136.81,-0.5,1.471,34.42,0.645,1.0413,3.92,healthy_lifestyle
U2873,29,female,162,59.2,22.56,1298,2012,Moderate,2.2,1992,9249,500,111,2,7.6,-20,-0.99,222,55.5,156.23,-0.4,1.126,33.99,0.6451,0.9901,4.5,healthy_lifestyle
U2874,34,male,161,100.4,38.73,1845,2537,Light,4.2,2491,8100,409,109,4,8.1,-46,-1.81,436,27.25,80.68,0.1,1.268,25.27,0.7272,0.9819,3.75,healthy_lifestyle
U2875,48,female,162,77.8,29.64,1390,2398,Active,3.2,2206,6942,334,106,4,7.7,-192,-8.01,424,26.5,89.23,-0.3,1.246,30.82,0.5796,0.9199,3.15,healthy_lifestyle
U2876,30,female,155,54.3,22.6,1201,1862,Moderate,2.0,1932,8984,346,92,3,7.8,70,3.76,276,30.67,165.45,-0.2,1.116,34.29,0.645,1.0376,3.76,healthy_lifestyle
U2877,54,female,166,64.5,23.41,1252,1941,Moderate,2.6,1994,7868,368,78,3,7.3,53,2.73,234,26.0,121.98,-0.7,1.222,30.09,0.645,1.0273,4.72,healthy_lifestyle
U2878,28,female,166,59.9,21.74,1336,2071,Moderate,2.3,2032,7223,306,77,3,8.7,-39,-1.88,231,25.67,120.58,0.7,1.164,34.57,0.6451,0.9812,3.97,healthy_lifestyle
U2879,25,female,168,59.2,20.98,1356,2102,Moderate,2.3,1997,7789,346,75,3,7.9,-105,-5.0,225,25.0,131.57,-0.1,1.177,35.51,0.6451,0.95,4.61,healthy_lifestyle
U2880,24,male,185,61.8,18.06,1659,2571,Moderate,2.0,2467,11600,465,84,3,8.0,-104,-4.05,252,28.0,187.7,0.0,0.981,41.6,0.6453,0.9595,5.54,healthy_lifestyle
U2881,22,female,168,60.1,21.29,1380,2139,Moderate,2.4,2172,7672,430,145,4,7.6,33,1.54,580,36.25,127.65,-0.4,1.21,35.59,0.6452,1.0154,2.97,healthy_lifestyle
U2882,31,female,169,61.6,21.57,1356,2339,Active,2.7,2332,5914,336,92,2,7.6,-7,-0.3,184,46.0,96.01,-0.4,1.328,37.97,0.5797,0.997,3.65,healthy_lifestyle
U2883,22,female,153,82.0,35.03,1505,2596,Active,3.3,2659,6500,377,98,2,8.6,63,2.43,196,49.0,79.27,0.6,1.22,31.66,0.5797,1.0243,3.85,healthy_lifestyle
U2884,25,female,156,66.3,27.24,1352,2332,Active,2.9,2339,9449,503,72,3,7.1,7,0.3,216,24.0,142.52,-0.9,1.325,35.17,0.5798,1.003,6.99,healthy_lifestyle
U2885,31,female,165,52.7,19.36,1242,1925,Moderate,2.2,1990,10171,517,110,2,8.0,65,3.38,220,55.0,193.0,0.0,1.265,36.53,0.6452,1.0338,4.7,healthy_lifestyle
U2886,23,male,165,106.1,38.97,1982,3072,Moderate,4.2,3112,6803,431,90,3,7.4,40,1.3,270,30.0,64.12,-0.6,1.2,28.95,0.6452,1.013,4.79,healthy_lifestyle
U2887,35,male,180,74.5,22.99,1700,2635,Moderate,2.8,2711,10099,421,105,3,7.7,76,2.88,315,35.0,135.56,-0.3,1.139,35.37,0.6452,1.0288,4.01,healthy_lifestyle
U2888,40,female,166,80.2,29.1,1478,2291,Moderate,3.0,2123,9427,339,93,3,7.6,-168,-7.33,279,31.0,117.54,-0.4,1.134,28.57,0.6451,0.9267,3.65,healthy_lifestyle
U2889,45,female,164,83.9,31.19,1478,2291,Moderate,2.8,2192,9039,464,125,5,7.5,-99,-4.32,625,25.0,107.74,-0.5,1.011,27.31,0.6451,0.9568,3.71,healthy_lifestyle
U2890,53,female,158,53.6,21.47,1098,1702,Moderate,2.1,1680,8174,472,116,1,7.9,-22,-1.29,116,116.0,152.5,-0.1,1.187,31.75,0.6451,0.9871,4.07,healthy_lifestyle
U2891,18,male,172,90.0,30.42,1890,2599,Light,3.6,2697,8726,446,94,5,6.9,98,3.77,470,18.8,96.96,-1.1,1.212,28.88,0.7272,1.0377,4.74,healthy_lifestyle
U2892,54,male,164,80.3,29.86,1563,2423,Moderate,3.7,2582,9597,486,85,3,7.7,159,6.56,255,28.33,119.51,-0.3,1.396,30.17,0.6451,1.0656,5.72,healthy_lifestyle
U2893,22,male,166,102.3,37.12,1956,2690,Light,4.3,2675,8997,298,108,3,7.8,-15,-0.56,324,36.0,87.95,-0.2,1.274,26.3,0.7271,0.9944,2.76,healthy_lifestyle
U2894,56,female,165,67.0,24.61,1260,1953,Moderate,2.4,1911,7654,404,68,2,7.3,-42,-2.15,136,34.0,114.24,-0.7,1.085,29.15,0.6452,0.9785,5.94,healthy_lifestyle
U2895,50,male,184,88.5,26.14,1790,2461,Light,3.0,2293,8282,379,72,4,8.4,-168,-6.83,288,18.0,93.58,0.4,1.027,27.81,0.7273,0.9317,5.26,healthy_lifestyle
U2896,44,female,159,69.5,27.49,1308,2027,Moderate,2.7,2088,10977,379,87,3,7.6,61,3.01,261,29.0,157.94,-0.4,1.177,29.17,0.6453,1.0301,4.36,healthy_lifestyle
U2897,24,male,178,75.0,23.67,1748,2709,Moderate,3.2,2657,8814,382,50,3,7.8,-52,-1.92,150,16.67,117.52,-0.2,1.293,36.12,0.6453,0.9808,7.64,healthy_lifestyle
U2898,54,female,155,63.5,26.43,1173,1818,Moderate,2.5,1963,9587,461,106,1,7.6,145,7.98,106,106.0,150.98,-0.4,1.193,28.63,0.6452,1.0798,4.35,healthy_lifestyle
U2899,37,male,168,74.8,26.5,1618,2225,Light,3.1,2167,9175,400,67,3,7.8,-58,-2.61,201,22.33,122.66,-0.2,1.256,29.75,0.7272,0.9739,5.97,healthy_lifestyle
U2900,44,female,173,49.4,16.51,1194,1851,Moderate,1.9,1987,7789,377,57,4,8.3,136,7.35,228,14.25,157.67,0.3,1.166,37.47,0.6451,1.0735,6.61,healthy_lifestyle
U2901,29,male,174,58.6,19.36,1534,2646,Active,2.5,2715,7705,357,66,3,8.8,69,2.61,198,22.0,131.48,0.8,1.293,45.15,0.5797,1.0261,5.41,healthy_lifestyle
U2902,40,female,169,60.7,21.25,1302,2246,Active,2.0,2165,9622,346,89,4,8.1,-81,-3.61,356,22.25,158.52,0.1,0.998,37.0,0.5797,0.9639,3.89,healthy_lifestyle
U2903,37,male,164,83.5,31.05,1680,2898,Active,3.8,2922,10552,456,95,4,8.3,24,0.83,380,23.75,126.37,0.3,1.379,34.71,0.5797,1.0083,4.8,healthy_lifestyle
U2904,30,female,168,63.6,22.53,1375,2372,Active,2.2,2436,8830,311,87,2,8.5,64,2.7,174,43.5,138.84,0.5,1.048,37.3,0.5797,1.027,3.57,healthy_lifestyle
U2905,46,male,170,103.7,35.88,1874,2905,Moderate,4.4,2882,7633,400,87,4,7.9,-23,-0.79,348,21.75,73.61,-0.1,1.286,28.01,0.6451,0.9921,4.6,healthy_lifestyle
U2906,30,female,161,57.5,22.18,1270,2191,Active,2.2,2255,8982,467,78,3,8.4,64,2.92,234,26.0,156.21,0.4,1.159,38.1,0.5796,1.0292,5.99,healthy_lifestyle
U2907,52,female,159,52.9,20.92,1102,1901,Active,2.1,1955,8416,294,71,3,8.2,54,2.84,213,23.67,159.09,0.2,1.203,35.94,0.5797,1.0284,4.14,healthy_lifestyle
U2908,22,female,167,52.9,18.97,1302,2018,Moderate,2.0,2060,8115,380,112,3,7.9,42,2.08,336,37.33,153.4,-0.1,1.146,38.15,0.6452,1.0208,3.39,healthy_lifestyle
U2909,58,male,171,98.3,33.62,1767,3048,Active,4.0,3046,11600,365,42,3,8.0,-2,-0.07,126,14.0,118.01,0.0,1.233,31.01,0.5797,0.9993,8.69,healthy_lifestyle
U2910,23,female,163,59.9,22.55,1342,2080,Moderate,2.5,1994,6576,301,83,1,7.2,-86,-4.13,83,83.0,109.78,-0.8,1.265,34.72,0.6452,0.9587,3.63,healthy_lifestyle
U2911,33,female,174,62.3,20.58,1384,2145,Moderate,2.7,2139,9698,435,78,3,8.0,-6,-0.28,234,26.0,155.67,0.0,1.313,34.43,0.6452,0.9972,5.58,healthy_lifestyle
U2912,25,female,155,73.9,30.76,1422,2453,Active,3.3,2468,7422,349,97,2,7.3,15,0.61,194,48.5,100.43,-0.7,1.353,33.19,0.5797,1.0061,3.6,healthy_lifestyle
U2913,28,female,171,61.2,20.93,1380,2139,Moderate,2.5,1999,8664,383,56,4,7.2,-140,-6.55,224,14.0,141.57,-0.8,1.238,34.95,0.6452,0.9345,6.84,healthy_lifestyle
U2914,27,male,188,59.5,16.83,1640,2542,Moderate,2.8,2557,11600,526,77,4,7.9,15,0.59,308,19.25,194.96,-0.1,1.426,42.72,0.6452,1.0059,6.83,healthy_lifestyle
U2915,27,female,159,62.4,24.68,1322,2049,Moderate,2.5,2042,6338,348,63,4,7.4,-7,-0.34,252,15.75,101.57,-0.6,1.214,32.84,0.6452,0.9966,5.52,healthy_lifestyle
U2916,52,male,163,85.0,31.99,1614,2502,Moderate,3.7,2388,8206,375,123,3,7.8,-114,-4.56,369,41.0,96.54,-0.2,1.319,29.44,0.6451,0.9544,3.05,healthy_lifestyle
U2917,18,male,170,88.2,30.52,1860,3208,Active,3.6,3171,8478,478,95,2,7.9,-37,-1.15,190,47.5,96.12,-0.1,1.237,36.37,0.5798,0.9885,5.03,healthy_lifestyle
U2918,24,female,164,59.9,22.27,1343,2317,Active,2.2,2292,7441,400,62,2,7.9,-25,-1.08,124,31.0,124.22,-0.1,1.113,38.68,0.5796,0.9892,6.45,healthy_lifestyle
U2919,21,female,159,50.3,19.9,1231,1908,Moderate,2.0,2037,9605,493,77,5,7.5,129,6.76,385,15.4,190.95,-0.5,1.205,37.93,0.6452,1.0676,6.4,healthy_lifestyle
U2920,42,female,162,64.9,24.73,1290,2225,Active,2.7,2242,7832,392,107,2,8.2,17,0.76,214,53.5,120.68,0.2,1.261,34.28,0.5798,1.0076,3.66,healthy_lifestyle
U2921,27,female,155,56.5,23.52,1238,1702,Light,2.2,1764,9318,334,62,1,7.8,62,3.64,62,62.0,164.92,-0.2,1.18,30.12,0.7274,1.0364,5.39,healthy_lifestyle
U2922,41,female,167,74.9,26.86,1427,2462,Active,3.1,2452,6839,284,86,4,8.0,-10,-0.41,344,21.5,91.31,0.0,1.254,32.87,0.5796,0.9959,3.3,healthy_lifestyle
U2923,28,female,159,59.5,23.54,1288,1771,Light,2.6,1655,7179,324,109,4,7.4,-116,-6.55,436,27.25,120.66,-0.6,1.324,29.76,0.7273,0.9345,2.97,healthy_lifestyle
U2924,22,female,152,83.5,36.14,1514,2347,Moderate,3.3,2402,8214,371,80,4,7.8,55,2.34,320,20.0,98.37,-0.2,1.198,28.11,0.6451,1.0234,4.64,healthy_lifestyle
U2925,29,male,171,69.9,23.9,1628,2238,Light,2.1,2186,7178,508,159,4,8.3,-52,-2.32,636,39.75,102.69,0.3,0.91,32.02,0.7274,0.9768,3.19,healthy_lifestyle
U2926,33,female,172,70.5,23.83,1454,2254,Moderate,3.3,2228,10398,506,79,4,8.2,-26,-1.15,316,19.75,147.49,0.2,1.418,31.97,0.6451,0.9885,6.41,healthy_lifestyle
U2927,28,female,159,59.9,23.69,1292,2003,Moderate,2.3,1929,6588,323,98,3,7.5,-74,-3.69,294,32.67,109.98,-0.5,1.164,33.44,0.645,0.9631,3.3,healthy_lifestyle
U2928,54,female,166,64.8,23.52,1254,1724,Light,2.4,1728,7203,324,71,1,7.6,4,0.23,71,71.0,111.16,-0.4,1.122,26.6,0.7274,1.0023,4.56,healthy_lifestyle
U2929,51,female,164,59.7,22.2,1206,1869,Moderate,2.1,1939,9017,420,100,3,7.5,70,3.75,300,33.33,151.04,-0.5,1.066,31.31,0.6453,1.0375,4.2,healthy_lifestyle
U2930,40,female,175,85.3,27.85,1586,2458,Moderate,3.3,2538,7767,364,107,3,7.6,80,3.25,321,35.67,91.06,-0.4,1.172,28.82,0.6452,1.0325,3.4,healthy_lifestyle
U2931,29,female,167,64.6,23.16,1384,1903,Light,2.4,2009,7781,427,99,3,7.3,106,5.57,297,33.0,120.45,-0.7,1.126,29.46,0.7273,1.0557,4.31,healthy_lifestyle
U2932,23,female,157,70.9,28.76,1414,2192,Moderate,2.6,2325,11730,522,97,3,7.8,133,6.07,291,32.33,165.44,-0.2,1.111,30.92,0.6451,1.0607,5.38,healthy_lifestyle
U2933,32,female,151,76.2,33.42,1385,1904,Light,2.8,1768,7248,331,68,2,8.1,-136,-7.14,136,34.0,95.12,0.1,1.113,24.99,0.7274,0.9286,4.87,healthy_lifestyle
U2934,26,male,173,58.6,19.58,1542,2120,Light,2.4,2031,8255,365,63,2,7.6,-89,-4.2,126,31.5,140.87,-0.4,1.241,36.18,0.7274,0.958,5.79,healthy_lifestyle
U2935,26,female,174,62.9,20.78,1426,1961,Light,3.0,1837,8239,453,111,4,7.8,-124,-6.32,444,27.75,130.99,-0.2,1.445,31.18,0.7272,0.9368,4.08,healthy_lifestyle
U2936,19,female,165,54.2,19.91,1317,2041,Moderate,2.3,2086,9388,433,76,4,7.8,45,2.2,304,19.0,173.21,-0.2,1.286,37.66,0.6453,1.022,5.7,healthy_lifestyle
U2937,45,female,166,73.6,26.71,1388,2151,Moderate,3.2,2099,9078,280,35,3,8.3,-52,-2.42,105,11.67,123.34,0.3,1.318,29.23,0.6453,0.9758,8.0,healthy_lifestyle
U2938,35,female,175,67.2,21.94,1430,2216,Moderate,2.6,2178,7466,470,127,3,7.6,-38,-1.71,381,42.33,111.1,-0.4,1.172,32.98,0.6453,0.9829,3.7,healthy_lifestyle
U2939,46,female,160,69.1,26.99,1300,2242,Active,2.8,2225,8093,365,70,2,7.6,-17,-0.76,140,35.0,117.12,-0.4,1.228,32.45,0.5798,0.9924,5.21,healthy_lifestyle
U2940,27,male,176,74.9,24.18,1719,2664,Moderate,3.1,2700,8216,351,83,4,7.5,36,1.35,332,20.75,109.69,-0.5,1.254,35.57,0.6453,1.0135,4.23,healthy_lifestyle
U2941,29,female,176,61.9,19.98,1413,2190,Moderate,2.3,2076,10188,539,142,4,7.4,-114,-5.21,568,35.5,164.59,-0.6,1.126,35.38,0.6452,0.9479,3.8,healthy_lifestyle
U2942,47,male,175,80.5,26.29,1669,2879,Active,3.1,2752,7040,362,85,2,8.1,-127,-4.41,170,42.5,87.45,0.1,1.167,35.76,0.5797,0.9559,4.26,healthy_lifestyle
U2943,50,female,170,77.7,26.89,1428,2213,Moderate,3.3,2213,11023,520,84,3,7.8,0,0.0,252,28.0,141.87,-0.2,1.287,28.48,0.6453,1.0,6.19,healthy_lifestyle
U2944,30,female,172,62.3,21.06,1387,1907,Light,2.7,1987,7551,264,61,3,7.9,80,4.2,183,20.33,121.2,-0.1,1.313,30.61,0.7273,1.042,4.33,healthy_lifestyle
U2945,50,male,186,101.5,29.34,1932,2656,Light,4.0,2654,8489,408,52,3,8.3,-2,-0.08,156,17.33,83.64,0.3,1.194,26.17,0.7274,0.9992,7.85,healthy_lifestyle
U2946,22,female,161,77.5,29.9,1510,2340,Moderate,2.7,2275,7050,343,84,4,8.4,-65,-2.78,336,21.0,90.97,0.4,1.056,30.19,0.6453,0.9722,4.08,healthy_lifestyle
U2947,39,male,177,68.5,21.86,1601,2482,Moderate,2.6,2295,6877,327,96,5,7.2,-187,-7.53,480,19.2,100.39,-0.8,1.15,36.23,0.645,0.9247,3.41,healthy_lifestyle
U2948,55,female,158,58.2,23.31,1134,1758,Moderate,2.0,1817,7407,340,95,3,8.1,59,3.36,285,31.67,127.27,0.1,1.041,30.21,0.6451,1.0336,3.58,healthy_lifestyle
U2949,42,female,162,66.9,25.49,1310,2260,Active,2.7,2202,7287,283,77,4,7.9,-58,-2.57,308,19.25,108.92,-0.1,1.223,33.78,0.5796,0.9743,3.68,healthy_lifestyle
U2950,28,female,169,73.2,25.63,1487,2565,Active,3.0,2462,7982,280,88,3,7.7,-103,-4.02,264,29.33,109.04,-0.3,1.242,35.04,0.5797,0.9598,3.18,healthy_lifestyle
U2951,44,female,163,52.7,19.84,1165,1806,Moderate,2.0,1698,7276,330,48,2,8.0,-108,-5.98,96,24.0,138.06,0.0,1.15,34.27,0.6451,0.9402,6.88,healthy_lifestyle
U2952,32,female,165,61.6,22.63,1326,2055,Moderate,2.5,1951,9369,542,98,3,7.2,-104,-5.06,294,32.67,152.09,-0.8,1.23,33.36,0.6453,0.9494,5.53,healthy_lifestyle
U2953,25,female,158,76.4,30.6,1466,2272,Moderate,3.2,2196,7521,279,92,4,8.4,-76,-3.35,368,23.0,98.44,0.4,1.269,29.74,0.6452,0.9665,3.03,healthy_lifestyle
U2954,37,female,175,65.6,21.42,1404,2176,Moderate,2.7,2158,7383,372,131,3,8.0,-18,-0.83,393,43.67,112.55,0.0,1.247,33.17,0.6452,0.9917,2.84,healthy_lifestyle
U2955,28,female,162,54.3,20.69,1254,2163,Active,1.9,2071,7087,361,69,2,7.5,-92,-4.25,138,34.5,130.52,-0.5,1.06,39.83,0.5798,0.9575,5.23,healthy_lifestyle
U2956,25,female,155,80.0,33.3,1483,2299,Moderate,3.1,2314,9741,394,67,3,7.6,15,0.65,201,22.33,121.76,-0.4,1.174,28.74,0.6451,1.0065,5.88,healthy_lifestyle
U2957,29,female,161,55.0,21.22,1250,1719,Light,2.3,1704,8769,444,87,3,7.2,-15,-0.87,261,29.0,159.44,-0.8,1.267,31.25,0.7272,0.9913,5.1,healthy_lifestyle
U2958,20,female,170,57.2,19.79,1374,2130,Moderate,2.6,2296,8375,371,81,2,7.7,166,7.79,162,40.5,146.42,-0.3,1.377,37.24,0.6451,1.0779,4.58,healthy_lifestyle
U2959,50,female,161,64.4,24.84,1239,1704,Light,2.5,1602,6709,321,98,3,7.7,-102,-5.99,294,32.67,104.18,-0.3,1.176,26.46,0.7271,0.9401,3.28,healthy_lifestyle
U2960,28,female,171,56.0,19.15,1328,2058,Moderate,2.3,2070,7808,388,107,3,7.3,12,0.58,321,35.67,139.43,-0.7,1.245,36.75,0.6453,1.0058,3.63,healthy_lifestyle
U2961,40,female,157,71.0,28.8,1330,2062,Moderate,3.1,2075,5925,120,38,4,8.1,13,0.63,152,9.5,83.45,0.1,1.323,29.04,0.645,1.0063,3.16,healthy_lifestyle
U2962,25,male,180,74.5,22.99,1750,2712,Moderate,2.9,2614,11056,368,64,2,8.3,-98,-3.61,128,32.0,148.4,0.3,1.18,36.4,0.6453,0.9639,5.75,healthy_lifestyle
U2963,37,female,169,78.4,27.45,1494,2316,Moderate,3.5,2324,9163,473,94,3,7.8,8,0.35,282,31.33,116.87,-0.2,1.353,29.54,0.6451,1.0035,5.03,healthy_lifestyle
U2964,20,female,170,63.8,22.08,1440,2484,Active,2.8,2551,7423,471,118,4,7.7,67,2.7,472,29.5,116.35,-0.3,1.33,38.93,0.5797,1.027,3.99,healthy_lifestyle
U2965,24,female,171,58.1,19.87,1369,1882,Light,2.6,1888,7795,451,90,3,8.0,6,0.32,270,30.0,134.17,0.0,1.356,32.39,0.7274,1.0032,5.01,healthy_lifestyle
U2966,25,female,170,61.3,21.21,1390,2154,Moderate,2.5,2258,7468,413,106,3,7.8,104,4.83,318,35.33,121.83,-0.2,1.236,35.14,0.6453,1.0483,3.9,healthy_lifestyle
U2967,23,female,166,57.4,20.83,1336,1837,Light,2.8,1697,6126,205,94,3,7.4,-140,-7.62,282,31.33,106.72,-0.6,1.478,32.0,0.7273,0.9238,2.18,healthy_lifestyle
U2968,28,female,157,54.7,22.19,1227,1902,Moderate,2.0,1846,9075,383,94,4,7.6,-56,-2.94,376,23.5,165.9,-0.4,1.108,34.77,0.6451,0.9706,4.07,healthy_lifestyle
U2969,33,female,173,65.6,21.92,1411,2434,Active,3.1,2560,8141,426,70,4,7.7,126,5.18,280,17.5,124.1,-0.3,1.432,37.1,0.5797,1.0518,6.09,healthy_lifestyle
U2970,36,female,169,73.7,25.8,1452,2251,Moderate,3.1,2323,11101,565,92,4,7.9,72,3.2,368,23.0,150.62,-0.1,1.275,30.54,0.645,1.032,6.14,healthy_lifestyle
U2971,37,female,160,54.6,21.33,1200,1650,Light,2.5,1681,10063,555,115,3,7.9,31,1.88,345,38.33,184.3,-0.1,1.388,30.22,0.7273,1.0188,4.83,healthy_lifestyle
U2972,52,female,162,65.8,25.07,1250,1938,Moderate,2.5,2022,10137,446,100,2,7.9,84,4.33,200,50.0,154.06,-0.1,1.151,29.45,0.645,1.0433,4.46,healthy_lifestyle
U2973,23,male,172,67.9,22.95,1644,2548,Moderate,2.9,2377,9339,370,104,5,7.3,-171,-6.71,520,20.8,137.54,-0.7,1.294,37.53,0.6452,0.9329,3.56,healthy_lifestyle
U2974,37,male,192,88.9,24.12,1909,3293,Active,4.0,3385,7972,358,78,4,8.1,92,2.79,312,19.5,89.67,0.1,1.363,37.04,0.5797,1.0279,4.59,healthy_lifestyle
U2975,26,male,184,87.2,25.76,1897,2940,Moderate,3.1,3050,9909,464,107,3,7.9,110,3.74,321,35.67,113.64,-0.1,1.077,33.72,0.6452,1.0374,4.34,healthy_lifestyle
U2976,30,female,162,59.7,22.75,1298,1785,Light,2.3,1744,8064,460,85,4,8.8,-41,-2.3,340,21.25,135.08,0.8,1.167,29.9,0.7272,0.977,5.41,healthy_lifestyle
U2977,53,male,189,99.9,27.97,1920,2976,Moderate,3.1,3214,10538,464,87,3,7.7,238,8.0,261,29.0,105.49,-0.3,0.94,29.79,0.6452,1.08,5.33,healthy_lifestyle
U2978,30,female,162,60.5,23.05,1306,1796,Light,2.4,1808,8002,380,90,4,8.0,12,0.67,360,22.5,132.26,0.0,1.202,29.69,0.7272,1.0067,4.22,healthy_lifestyle
U2979,30,male,182,62.1,18.75,1614,2219,Light,2.3,2049,8828,325,36,4,8.8,-170,-7.66,144,9.0,142.16,0.8,1.122,35.73,0.7274,0.9234,9.03,healthy_lifestyle
U2980,24,female,166,61.5,22.32,1372,2127,Moderate,2.4,2155,8659,420,89,2,7.9,28,1.32,178,44.5,140.8,-0.1,1.183,34.59,0.645,1.0132,4.72,healthy_lifestyle
U2981,55,female,168,65.3,23.14,1267,1964,Moderate,3.2,1915,10675,488,86,3,7.8,-49,-2.49,258,28.67,163.48,-0.2,1.485,30.08,0.6451,0.9751,5.67,healthy_lifestyle
U2982,28,female,163,58.5,22.02,1303,1792,Light,2.7,1865,6708,251,58,4,7.5,73,4.07,232,14.5,114.67,-0.5,1.399,30.63,0.7271,1.0407,4.33,healthy_lifestyle
U2983,51,male,182,78.3,23.64,1670,2588,Moderate,2.7,2638,10798,425,103,5,8.4,50,1.93,515,20.6,137.91,0.4,1.045,33.05,0.6453,1.0193,4.13,healthy_lifestyle
U2984,26,female,155,64.9,27.01,1327,2057,Moderate,2.7,2014,8267,435,72,2,7.4,-43,-2.09,144,36.0,127.38,-0.6,1.261,31.69,0.6451,0.9791,6.04,healthy_lifestyle
U2985,20,female,166,64.6,23.44,1422,2204,Moderate,2.8,2320,6742,236,80,4,8.0,116,5.26,320,20.0,104.37,0.0,1.313,34.12,0.6452,1.0526,2.95,healthy_lifestyle
U2986,26,female,167,61.5,22.05,1368,2120,Moderate,2.4,2190,7560,517,129,3,7.7,70,3.3,387,43.0,122.93,-0.3,1.183,34.47,0.6453,1.033,4.01,healthy_lifestyle
U2987,48,female,170,78.4,27.13,1446,2241,Moderate,3.2,2176,6436,258,110,2,7.8,-65,-2.9,220,55.0,82.09,-0.2,1.237,28.58,0.6452,0.971,2.35,healthy_lifestyle
U2988,48,female,160,61.0,23.83,1209,1662,Light,2.5,1653,9317,404,101,3,7.3,-9,-0.54,303,33.67,152.74,-0.7,1.242,27.25,0.7274,0.9946,4.0,healthy_lifestyle
U2989,35,male,169,77.2,27.03,1658,2570,Moderate,2.6,2616,8306,479,114,3,8.4,46,1.79,342,38.0,107.59,0.4,1.021,33.29,0.6451,1.0179,4.2,healthy_lifestyle
U2990,22,male,181,74.0,22.59,1766,2737,Moderate,2.6,2702,8711,392,84,2,7.7,-35,-1.28,168,42.0,117.72,-0.3,1.065,36.99,0.6452,0.9872,4.67,healthy_lifestyle
U2991,33,male,169,74.0,25.91,1636,2536,Moderate,3.0,2506,9918,430,132,3,7.4,-30,-1.18,396,44.0,134.03,-0.6,1.229,34.27,0.6451,0.9882,3.26,healthy_lifestyle
U2992,36,female,169,63.5,22.23,1350,1856,Light,2.5,1858,7660,418,106,4,8.3,2,0.11,424,26.5,120.63,0.3,1.193,29.23,0.7274,1.0011,3.94,healthy_lifestyle
U2993,42,female,163,68.1,25.63,1329,2060,Moderate,2.5,1983,8165,360,72,3,7.7,-77,-3.74,216,24.0,119.9,-0.3,1.112,30.25,0.6451,0.9626,5.0,healthy_lifestyle
U2994,38,male,175,71.1,23.22,1620,2794,Active,2.6,2576,6871,283,57,3,8.0,-218,-7.8,171,19.0,96.64,0.0,1.108,39.3,0.5798,0.922,4.96,healthy_lifestyle
U2995,33,female,153,76.5,32.68,1395,2162,Moderate,3.0,2180,8015,361,100,3,8.2,18,0.83,300,33.33,104.77,0.2,1.188,28.26,0.6452,1.0083,3.61,healthy_lifestyle
U2996,55,male,184,61.3,18.11,1493,2314,Moderate,2.6,2153,10911,431,68,3,8.0,-161,-6.96,204,22.67,177.99,0.0,1.285,37.75,0.6452,0.9304,6.34,healthy_lifestyle
U2997,33,male,168,72.4,25.65,1614,2784,Active,2.8,2687,9472,341,57,3,7.0,-97,-3.48,171,19.0,130.83,-1.0,1.172,38.45,0.5797,0.9652,5.98,healthy_lifestyle
U2998,50,female,164,60.9,22.64,1223,1896,Moderate,2.8,1778,8169,529,97,4,8.1,-118,-6.22,388,24.25,134.14,0.1,1.393,31.13,0.645,0.9378,5.45,healthy_lifestyle
U2999,32,female,170,64.5,22.32,1386,2148,Moderate,2.4,2024,7735,346,82,3,7.8,-124,-5.77,246,27.33,119.92,-0.2,1.128,33.3,0.6453,0.9423,4.22,healthy_lifestyle
U3000,18,male,183,58.6,17.5,1645,2838,Active,2.4,2880,8447,388,100,2,7.7,42,1.48,200,50.0,144.15,-0.3,1.241,48.43,0.5796,1.0148,3.88,healthy_lifestyle
